Airline,Source,Destination,Total_Stops,DurHrs_Mins,D_day,D_month,D_year,D_hours,D_minutes,A_day,A_month,A_year,A_hours,A_minutes
Multiple carriers,Delhi,Cochin,1 stop,645.0,27,5,2019,8,30,27,5,2019,19,15
Jet Airways,Kolkata,Banglore,1 stop,585.0,6,12,2019,18,55,13,6,2019,4,40
SpiceJet,Delhi,Cochin,1 stop,380.0,24,4,2019,15,45,24,4,2019,22,5
SpiceJet,Delhi,Cochin,1 stop,270.0,3,6,2019,8,45,3,6,2019,13,15
Jet Airways,Delhi,Cochin,2 stops,1140.0,6,6,2019,9,25,6,7,2019,4,25
Jet Airways,Kolkata,Banglore,1 stop,730.0,24,5,2019,16,30,25,5,2019,4,40
Vistara,Banglore,Delhi,non-stop,170.0,4,3,2019,9,45,4,3,2019,12,35
Air India,Banglore,Delhi,non-stop,170.0,21,5,2019,21,5,21,5,2019,23,55
IndiGo,Mumbai,Hyderabad,non-stop,90.0,3,3,2019,20,5,3,3,2019,21,35
Jet Airways,Kolkata,Banglore,1 stop,435.0,5,1,2019,10,20,5,1,2019,17,35
Jet Airways,Banglore,Delhi,1 stop,990.0,3,12,2019,18,55,13,3,2019,11,25
Jet Airways,Kolkata,Banglore,1 stop,1335.0,5,9,2019,20,0,5,10,2019,18,15
Jet Airways,Delhi,Cochin,2 stops,1995.0,21,3,2019,19,10,23,3,2019,4,25
Jet Airways,Delhi,Cochin,2 stops,1375.0,6,12,2019,5,30,13,6,2019,4,25
Jet Airways,Delhi,Cochin,2 stops,535.0,5,9,2019,19,30,5,10,2019,4,25
IndiGo,Banglore,Delhi,non-stop,170.0,6,12,2019,20,0,6,12,2019,22,50
IndiGo,Delhi,Cochin,2 stops,765.0,3,3,2019,8,35,3,3,2019,21,20
IndiGo,Chennai,Kolkata,non-stop,145.0,18,6,2019,11,35,18,6,2019,14,0
SpiceJet,Mumbai,Hyderabad,non-stop,90.0,5,12,2019,22,45,13,5,2019,0,15
Jet Airways,Delhi,Cochin,1 stop,540.0,15,6,2019,10,0,15,6,2019,19,0
SpiceJet,Kolkata,Banglore,non-stop,140.0,3,9,2019,22,20,3,10,2019,0,40
Air India,Delhi,Cochin,1 stop,375.0,24,6,2019,13,0,24,6,2019,19,15
Jet Airways,Delhi,Cochin,2 stops,1390.0,27,5,2019,13,25,28,5,2019,12,35
Multiple carriers,Delhi,Cochin,1 stop,505.0,24,6,2019,10,35,24,6,2019,19,0
Air Asia,Delhi,Cochin,1 stop,870.0,18,5,2019,7,55,18,5,2019,22,25
SpiceJet,Kolkata,Banglore,non-stop,155.0,21,6,2019,6,55,21,6,2019,9,30
Jet Airways,Delhi,Cochin,2 stops,910.0,6,12,2019,21,25,13,6,2019,12,35
IndiGo,Mumbai,Hyderabad,non-stop,85.0,15,3,2019,19,5,15,3,2019,20,30
Vistara,Kolkata,Banglore,1 stop,1440.0,4,1,2019,20,20,4,2,2019,20,20
IndiGo,Mumbai,Hyderabad,non-stop,90.0,21,5,2019,19,5,21,5,2019,20,35
IndiGo,Kolkata,Banglore,1 stop,220.0,18,5,2019,19,35,18,5,2019,23,15
Air India,Kolkata,Banglore,non-stop,150.0,21,4,2019,14,15,21,4,2019,16,45
SpiceJet,Kolkata,Banglore,non-stop,145.0,27,5,2019,9,0,27,5,2019,11,25
Air India,Delhi,Cochin,1 stop,705.0,4,9,2019,20,30,4,10,2019,8,15
Jet Airways,Kolkata,Banglore,1 stop,1630.0,5,1,2019,20,25,5,2,2019,23,35
Jet Airways,Delhi,Cochin,2 stops,810.0,24,6,2019,5,30,24,6,2019,19,0
SpiceJet,Mumbai,Hyderabad,non-stop,90.0,5,9,2019,22,45,5,10,2019,0,15
Jet Airways,Kolkata,Banglore,1 stop,590.0,6,6,2019,8,25,6,6,2019,18,15
Air India,Delhi,Cochin,non-stop,185.0,24,6,2019,18,5,24,6,2019,21,10
Jet Airways,Kolkata,Banglore,1 stop,1540.0,5,1,2019,20,25,5,2,2019,22,5
Jet Airways,Banglore,Delhi,non-stop,165.0,5,1,2019,6,0,5,1,2019,8,45
SpiceJet,Mumbai,Hyderabad,non-stop,90.0,6,3,2019,5,45,6,3,2019,7,15
Jet Airways,Kolkata,Banglore,1 stop,1545.0,15,5,2019,16,30,16,5,2019,18,15
Air India,Banglore,Delhi,1 stop,1510.0,15,3,2019,11,50,16,3,2019,13,0
Air India,Banglore,Delhi,non-stop,170.0,24,4,2019,21,5,24,4,2019,23,55
Jet Airways,Mumbai,Hyderabad,non-stop,90.0,27,3,2019,19,35,27,3,2019,21,5
Air India,Kolkata,Banglore,1 stop,795.0,21,5,2019,10,0,21,5,2019,23,15
Jet Airways,Delhi,Cochin,2 stops,810.0,6,6,2019,5,30,6,6,2019,19,0
IndiGo,Delhi,Cochin,1 stop,575.0,6,3,2019,11,25,6,3,2019,21,0
Jet Airways,Delhi,Cochin,1 stop,1425.0,18,5,2019,19,15,19,5,2019,19,0
Jet Airways,Mumbai,Hyderabad,non-stop,90.0,27,3,2019,2,55,27,3,2019,4,25
Jet Airways,Delhi,Cochin,1 stop,550.0,5,9,2019,19,15,5,10,2019,4,25
Jet Airways,Delhi,Cochin,2 stops,1375.0,6,1,2019,5,30,6,2,2019,4,25
Jet Airways,Banglore,Delhi,non-stop,175.0,18,6,2019,11,10,18,6,2019,14,5
Jet Airways,Kolkata,Banglore,1 stop,800.0,5,6,2019,20,0,5,7,2019,9,20
Air Asia,Kolkata,Banglore,1 stop,710.0,18,5,2019,7,35,18,5,2019,19,25
Air Asia,Kolkata,Banglore,2 stops,500.0,5,9,2019,15,10,5,9,2019,23,30
Jet Airways,Kolkata,Banglore,1 stop,435.0,6,12,2019,10,20,6,12,2019,17,35
Jet Airways,Delhi,Cochin,1 stop,1485.0,6,6,2019,18,15,6,7,2019,19,0
SpiceJet,Mumbai,Hyderabad,non-stop,90.0,5,12,2019,5,45,5,12,2019,7,15
Multiple carriers,Delhi,Cochin,1 stop,455.0,6,1,2019,11,25,6,1,2019,19,0
SpiceJet,Banglore,Delhi,non-stop,170.0,3,9,2019,20,30,3,9,2019,23,20
Air India,Kolkata,Banglore,2 stops,1840.0,5,1,2019,5,50,5,2,2019,12,30
IndiGo,Delhi,Cochin,non-stop,195.0,27,6,2019,14,25,27,6,2019,17,40
Jet Airways,Delhi,Cochin,2 stops,810.0,27,6,2019,5,30,27,6,2019,19,0
Jet Airways,Delhi,Cochin,non-stop,195.0,24,6,2019,11,0,24,6,2019,14,15
Jet Airways,Delhi,Cochin,2 stops,1475.0,27,3,2019,19,10,28,3,2019,19,45
Air Asia,Delhi,Cochin,1 stop,660.0,27,3,2019,20,10,28,3,2019,7,10
Air Asia,Kolkata,Banglore,non-stop,150.0,3,1,2019,19,35,3,1,2019,22,5
Jet Airways,Kolkata,Banglore,1 stop,800.0,15,5,2019,20,0,16,5,2019,9,20
Multiple carriers,Delhi,Cochin,1 stop,630.0,6,12,2019,8,30,6,12,2019,19,0
IndiGo,Mumbai,Hyderabad,non-stop,90.0,15,5,2019,6,25,15,5,2019,7,55
IndiGo,Delhi,Cochin,1 stop,835.0,27,5,2019,8,35,27,5,2019,22,30
Jet Airways,Delhi,Cochin,2 stops,1125.0,27,5,2019,9,40,28,5,2019,4,25
Air India,Kolkata,Banglore,2 stops,920.0,24,5,2019,10,0,25,5,2019,1,20
Air India,Delhi,Cochin,non-stop,180.0,5,6,2019,14,10,5,6,2019,17,10
Jet Airways,Delhi,Cochin,1 stop,385.0,21,3,2019,22,0,22,3,2019,4,25
Jet Airways,Delhi,Cochin,2 stops,425.0,24,6,2019,5,30,24,6,2019,12,35
Jet Airways,Delhi,Cochin,1 stop,1530.0,18,5,2019,17,30,19,5,2019,19,0
Jet Airways,Kolkata,Banglore,1 stop,685.0,21,5,2019,8,25,21,5,2019,19,50
Jet Airways,Delhi,Cochin,1 stop,600.0,21,5,2019,9,0,21,5,2019,19,0
Multiple carriers,Delhi,Cochin,1 stop,555.0,15,6,2019,10,0,15,6,2019,19,15
IndiGo,Mumbai,Hyderabad,non-stop,90.0,18,6,2019,21,20,18,6,2019,22,50
Multiple carriers,Delhi,Cochin,1 stop,730.0,21,3,2019,7,5,21,3,2019,19,15
Multiple carriers,Delhi,Cochin,1 stop,545.0,6,6,2019,7,5,6,6,2019,16,10
IndiGo,Mumbai,Hyderabad,non-stop,90.0,24,3,2019,2,30,24,3,2019,4,0
IndiGo,Mumbai,Hyderabad,non-stop,90.0,18,5,2019,6,25,18,5,2019,7,55
Jet Airways,Banglore,Delhi,1 stop,885.0,3,12,2019,9,45,13,3,2019,0,30
IndiGo,Banglore,Delhi,1 stop,300.0,15,3,2019,14,25,15,3,2019,19,25
Air India,Banglore,Delhi,1 stop,1520.0,15,3,2019,22,0,16,3,2019,23,20
Jet Airways,Delhi,Cochin,2 stops,830.0,15,6,2019,14,35,16,6,2019,4,25
Air India,Banglore,Delhi,non-stop,165.0,4,1,2019,6,10,4,1,2019,8,55
SpiceJet,Banglore,Delhi,non-stop,175.0,24,5,2019,21,10,25,5,2019,0,5
Air India,Delhi,Cochin,3 stops,2280.0,21,3,2019,5,15,22,3,2019,19,15
Jet Airways,Mumbai,Hyderabad,non-stop,90.0,27,5,2019,19,35,27,5,2019,21,5
Jet Airways,Banglore,Delhi,non-stop,185.0,4,12,2019,18,55,4,12,2019,22,0
GoAir,Delhi,Cochin,1 stop,310.0,5,9,2019,14,25,5,9,2019,19,35
Jet Airways,Delhi,Cochin,1 stop,1050.0,3,9,2019,2,15,3,9,2019,19,45
Jet Airways,Delhi,Cochin,1 stop,1395.0,6,6,2019,19,45,6,7,2019,19,0
IndiGo,Delhi,Cochin,1 stop,415.0,15,5,2019,18,35,16,5,2019,1,30
IndiGo,Delhi,Cochin,1 stop,895.0,6,3,2019,10,35,6,4,2019,1,30
IndiGo,Kolkata,Banglore,non-stop,160.0,15,5,2019,21,25,16,5,2019,0,5
Jet Airways,Mumbai,Hyderabad,non-stop,85.0,27,5,2019,2,55,27,5,2019,4,20
Jet Airways,Banglore,Delhi,non-stop,180.0,6,3,2019,19,50,6,3,2019,22,50
Air India,Delhi,Cochin,1 stop,675.0,3,9,2019,8,0,3,9,2019,19,15
Jet Airways,Delhi,Cochin,1 stop,610.0,5,9,2019,18,15,5,10,2019,4,25
GoAir,Banglore,Delhi,non-stop,175.0,3,3,2019,20,55,3,3,2019,23,50
Multiple carriers,Delhi,Cochin,1 stop,750.0,27,5,2019,13,0,28,5,2019,1,30
Jet Airways,Banglore,Delhi,non-stop,175.0,5,9,2019,11,10,5,9,2019,14,5
Jet Airways,Kolkata,Banglore,1 stop,345.0,5,6,2019,14,5,5,6,2019,19,50
Jet Airways,Banglore,Delhi,1 stop,1200.0,18,3,2019,11,40,19,3,2019,7,40
Multiple carriers,Delhi,Cochin,1 stop,725.0,3,6,2019,8,55,3,6,2019,21,0
GoAir,Banglore,Delhi,non-stop,175.0,5,3,2019,7,45,5,3,2019,10,40
SpiceJet,Kolkata,Banglore,non-stop,150.0,24,4,2019,17,10,24,4,2019,19,40
Jet Airways,Banglore,Delhi,1 stop,365.0,3,1,2019,16,55,3,1,2019,23,0
Air India,Kolkata,Banglore,non-stop,150.0,24,6,2019,14,15,24,6,2019,16,45
Jet Airways,Kolkata,Banglore,1 stop,1025.0,15,5,2019,18,55,16,5,2019,12,0
IndiGo,Chennai,Kolkata,non-stop,145.0,21,3,2019,11,35,21,3,2019,14,0
IndiGo,Kolkata,Banglore,non-stop,155.0,24,6,2019,20,20,24,6,2019,22,55
Air Asia,Delhi,Cochin,1 stop,625.0,27,4,2019,20,45,28,4,2019,7,10
Jet Airways,Kolkata,Banglore,1 stop,1405.0,24,3,2019,16,55,25,3,2019,16,20
IndiGo,Kolkata,Banglore,1 stop,290.0,24,5,2019,15,15,24,5,2019,20,5
Multiple carriers,Delhi,Cochin,1 stop,720.0,5,9,2019,9,0,5,9,2019,21,0
Jet Airways,Delhi,Cochin,1 stop,1015.0,6,12,2019,11,30,13,6,2019,4,25
IndiGo,Banglore,Delhi,non-stop,170.0,5,6,2019,22,10,5,7,2019,1,0
Jet Airways,Mumbai,Hyderabad,non-stop,90.0,27,3,2019,2,55,27,3,2019,4,25
Jet Airways,Delhi,Cochin,1 stop,395.0,6,1,2019,21,50,6,2,2019,4,25
Air India,Banglore,Delhi,1 stop,1510.0,3,1,2019,11,50,3,2,2019,13,0
Air Asia,Kolkata,Banglore,non-stop,150.0,18,5,2019,19,55,18,5,2019,22,25
Jet Airways,Banglore,Delhi,1 stop,1050.0,21,3,2019,16,55,22,3,2019,10,25
Jet Airways,Banglore,Delhi,non-stop,180.0,18,5,2019,17,45,18,5,2019,20,45
Air India,Delhi,Cochin,2 stops,1730.0,27,6,2019,14,25,28,6,2019,19,15
IndiGo,Chennai,Kolkata,non-stop,145.0,5,3,2019,5,15,5,3,2019,7,40
IndiGo,Chennai,Kolkata,non-stop,140.0,27,5,2019,14,45,27,5,2019,17,5
Air India,Banglore,Delhi,2 stops,1625.0,21,3,2019,8,15,22,3,2019,11,20
Multiple carriers,Delhi,Cochin,1 stop,780.0,21,3,2019,8,0,21,3,2019,21,0
IndiGo,Delhi,Cochin,1 stop,630.0,6,6,2019,15,0,6,7,2019,1,30
Jet Airways,Banglore,Delhi,non-stop,185.0,27,5,2019,18,55,27,5,2019,22,0
Jet Airways,Kolkata,Banglore,1 stop,1480.0,5,6,2019,20,25,5,7,2019,21,5
IndiGo,Banglore,Delhi,non-stop,170.0,5,3,2019,4,0,5,3,2019,6,50
IndiGo,Banglore,Delhi,non-stop,170.0,6,9,2019,10,10,6,9,2019,13,0
Air Asia,Kolkata,Banglore,1 stop,955.0,15,4,2019,7,35,15,4,2019,23,30
Jet Airways,Delhi,Cochin,1 stop,1240.0,27,3,2019,23,5,28,3,2019,19,45
Jet Airways,Delhi,Cochin,2 stops,2240.0,21,3,2019,5,30,22,3,2019,18,50
Jet Airways,Kolkata,Banglore,1 stop,960.0,4,1,2019,20,0,4,2,2019,12,0
Jet Airways,Kolkata,Banglore,1 stop,685.0,4,1,2019,8,25,4,1,2019,19,50
IndiGo,Banglore,Delhi,non-stop,175.0,3,9,2019,21,20,3,10,2019,0,15
Air Asia,Banglore,Delhi,non-stop,165.0,6,6,2019,11,10,6,6,2019,13,55
IndiGo,Delhi,Cochin,1 stop,485.0,3,6,2019,17,30,3,7,2019,1,35
Jet Airways,Kolkata,Banglore,1 stop,510.0,21,5,2019,14,5,21,5,2019,22,35
Air Asia,Kolkata,Banglore,1 stop,710.0,6,9,2019,7,35,6,9,2019,19,25
Jet Airways,Delhi,Cochin,2 stops,1125.0,27,5,2019,9,40,28,5,2019,4,25
Air India,Delhi,Cochin,2 stops,1420.0,3,9,2019,9,45,3,10,2019,9,25
Multiple carriers,Delhi,Cochin,1 stop,900.0,15,5,2019,6,0,15,5,2019,21,0
IndiGo,Chennai,Kolkata,non-stop,140.0,24,3,2019,7,55,24,3,2019,10,15
IndiGo,Delhi,Cochin,1 stop,895.0,5,6,2019,10,35,5,7,2019,1,30
Air India,Chennai,Kolkata,non-stop,135.0,6,1,2019,11,40,6,1,2019,13,55
Jet Airways,Delhi,Cochin,1 stop,455.0,27,3,2019,20,50,28,3,2019,4,25
SpiceJet,Kolkata,Banglore,non-stop,150.0,21,5,2019,17,10,21,5,2019,19,40
IndiGo,Delhi,Cochin,1 stop,570.0,15,6,2019,16,0,16,6,2019,1,30
Air India,Mumbai,Hyderabad,non-stop,80.0,24,3,2019,21,5,24,3,2019,22,25
Multiple carriers,Delhi,Cochin,1 stop,480.0,21,5,2019,17,30,22,5,2019,1,30
Air India,Kolkata,Banglore,2 stops,1610.0,21,5,2019,8,20,22,5,2019,11,10
Air Asia,Banglore,Delhi,non-stop,170.0,24,4,2019,4,55,24,4,2019,7,45
SpiceJet,Mumbai,Hyderabad,non-stop,85.0,15,3,2019,22,45,16,3,2019,0,10
Multiple carriers,Delhi,Cochin,1 stop,780.0,15,6,2019,6,0,15,6,2019,19,0
Jet Airways,Delhi,Cochin,2 stops,440.0,4,9,2019,11,40,4,9,2019,19,0
Jet Airways,Delhi,Cochin,1 stop,1040.0,27,5,2019,19,15,28,5,2019,12,35
Air India,Mumbai,Hyderabad,non-stop,80.0,5,6,2019,6,20,5,6,2019,7,40
IndiGo,Banglore,Delhi,non-stop,170.0,3,9,2019,23,30,13,3,2019,2,20
Jet Airways,Kolkata,Banglore,1 stop,960.0,6,9,2019,20,0,6,10,2019,12,0
Jet Airways,Mumbai,Hyderabad,non-stop,90.0,15,6,2019,19,35,15,6,2019,21,5
IndiGo,Chennai,Kolkata,non-stop,140.0,6,12,2019,14,45,6,12,2019,17,5
Vistara,Banglore,Delhi,non-stop,165.0,4,9,2019,19,30,4,9,2019,22,15
Jet Airways,Delhi,Cochin,2 stops,810.0,5,9,2019,5,30,5,9,2019,19,0
SpiceJet,Chennai,Kolkata,non-stop,140.0,5,6,2019,17,45,5,6,2019,20,5
SpiceJet,Banglore,Delhi,non-stop,175.0,15,3,2019,9,35,15,3,2019,12,30
Air India,Delhi,Cochin,1 stop,1215.0,21,3,2019,23,0,22,3,2019,19,15
Jet Airways,Delhi,Cochin,1 stop,335.0,6,3,2019,22,50,6,4,2019,4,25
Jet Airways,Banglore,Delhi,non-stop,165.0,27,6,2019,6,0,27,6,2019,8,45
IndiGo,Mumbai,Hyderabad,non-stop,90.0,3,6,2019,2,30,3,6,2019,4,0
SpiceJet,Banglore,Delhi,non-stop,175.0,5,3,2019,21,10,5,4,2019,0,5
Air India,Delhi,Cochin,3 stops,2280.0,24,6,2019,5,15,25,6,2019,19,15
SpiceJet,Mumbai,Hyderabad,non-stop,85.0,3,9,2019,8,50,3,9,2019,10,15
Air India,Banglore,Delhi,non-stop,165.0,3,1,2019,21,10,3,1,2019,23,55
Jet Airways,Delhi,Cochin,2 stops,1300.0,6,12,2019,6,45,13,6,2019,4,25
Air India,Delhi,Cochin,1 stop,640.0,21,3,2019,21,0,22,3,2019,7,40
IndiGo,Delhi,Cochin,1 stop,625.0,3,9,2019,11,55,3,9,2019,22,20
Multiple carriers,Delhi,Cochin,1 stop,920.0,6,3,2019,7,10,6,3,2019,22,30
IndiGo,Delhi,Cochin,1 stop,315.0,6,6,2019,7,15,6,6,2019,12,30
IndiGo,Kolkata,Banglore,non-stop,155.0,24,5,2019,11,30,24,5,2019,14,5
Vistara,Banglore,Delhi,non-stop,155.0,24,6,2019,17,0,24,6,2019,19,35
Jet Airways,Banglore,Delhi,non-stop,180.0,27,4,2019,19,50,27,4,2019,22,50
Multiple carriers,Delhi,Cochin,1 stop,535.0,27,6,2019,10,20,27,6,2019,19,15
IndiGo,Chennai,Kolkata,non-stop,165.0,18,5,2019,15,40,18,5,2019,18,25
IndiGo,Delhi,Cochin,1 stop,560.0,27,5,2019,6,50,27,5,2019,16,10
IndiGo,Delhi,Cochin,1 stop,975.0,4,9,2019,9,15,4,10,2019,1,30
Jet Airways,Kolkata,Banglore,1 stop,910.0,5,6,2019,18,55,5,7,2019,10,5
Jet Airways,Kolkata,Banglore,1 stop,475.0,6,6,2019,8,25,6,6,2019,16,20
SpiceJet,Kolkata,Banglore,1 stop,435.0,15,5,2019,11,15,15,5,2019,18,30
Jet Airways,Delhi,Cochin,1 stop,825.0,6,1,2019,22,50,6,2,2019,12,35
Jet Airways,Delhi,Cochin,2 stops,810.0,27,6,2019,23,5,28,6,2019,12,35
Multiple carriers,Delhi,Cochin,2 stops,460.0,24,6,2019,17,50,25,6,2019,1,30
Multiple carriers,Delhi,Cochin,1 stop,650.0,21,3,2019,8,25,21,3,2019,19,15
Jet Airways,Kolkata,Banglore,1 stop,1025.0,6,6,2019,6,30,6,6,2019,23,35
Jet Airways,Delhi,Cochin,2 stops,1375.0,18,5,2019,5,30,19,5,2019,4,25
GoAir,Delhi,Cochin,1 stop,310.0,3,6,2019,14,10,3,6,2019,19,20
Vistara,Banglore,Delhi,non-stop,155.0,5,3,2019,17,0,5,3,2019,19,35
Jet Airways,Delhi,Cochin,2 stops,810.0,18,5,2019,5,30,18,5,2019,19,0
Jet Airways,Delhi,Cochin,2 stops,810.0,21,5,2019,5,30,21,5,2019,19,0
Jet Airways,Kolkata,Banglore,1 stop,1430.0,5,12,2019,16,30,13,5,2019,16,20
Jet Airways,Banglore,Delhi,1 stop,740.0,21,3,2019,8,0,21,3,2019,20,20
Air Asia,Kolkata,Banglore,1 stop,220.0,21,5,2019,6,50,21,5,2019,10,30
Jet Airways,Kolkata,Banglore,1 stop,730.0,6,6,2019,21,10,6,7,2019,9,20
Jet Airways,Delhi,Cochin,1 stop,300.0,21,5,2019,14,0,21,5,2019,19,0
Multiple carriers,Delhi,Cochin,2 stops,460.0,27,5,2019,17,50,28,5,2019,1,30
IndiGo,Chennai,Kolkata,non-stop,140.0,5,6,2019,7,55,5,6,2019,10,15
Jet Airways,Kolkata,Banglore,1 stop,1010.0,24,5,2019,16,30,25,5,2019,9,20
IndiGo,Kolkata,Banglore,non-stop,155.0,4,12,2019,20,20,4,12,2019,22,55
Jet Airways,Kolkata,Banglore,1 stop,435.0,5,12,2019,10,20,5,12,2019,17,35
Multiple carriers,Delhi,Cochin,1 stop,915.0,21,3,2019,7,5,21,3,2019,22,20
Air India,Banglore,Delhi,non-stop,165.0,21,6,2019,17,0,21,6,2019,19,45
Jet Airways,Banglore,Delhi,1 stop,280.0,15,3,2019,9,45,15,3,2019,14,25
IndiGo,Delhi,Cochin,1 stop,755.0,27,3,2019,8,25,27,3,2019,21,0
Vistara,Kolkata,Banglore,1 stop,385.0,15,5,2019,17,0,15,5,2019,23,25
Jet Airways,Banglore,Delhi,1 stop,950.0,3,12,2019,20,35,13,3,2019,12,25
Multiple carriers,Delhi,Cochin,1 stop,390.0,5,6,2019,19,0,5,7,2019,1,30
Air India,Delhi,Cochin,2 stops,1180.0,21,5,2019,12,0,22,5,2019,7,40
Jet Airways,Banglore,Delhi,non-stop,180.0,24,5,2019,7,10,24,5,2019,10,10
Jet Airways,Delhi,Cochin,1 stop,1680.0,6,6,2019,15,0,6,7,2019,19,0
Air India,Banglore,Delhi,non-stop,170.0,5,6,2019,13,20,5,6,2019,16,10
Jet Airways,Mumbai,Hyderabad,non-stop,90.0,27,6,2019,8,45,27,6,2019,10,15
IndiGo,Delhi,Cochin,non-stop,185.0,27,3,2019,14,30,27,3,2019,17,35
SpiceJet,Kolkata,Banglore,non-stop,150.0,21,3,2019,9,0,21,3,2019,11,30
Jet Airways,Kolkata,Banglore,1 stop,585.0,24,5,2019,18,55,25,5,2019,4,40
Jet Airways,Kolkata,Banglore,1 stop,1545.0,21,5,2019,6,30,22,5,2019,8,15
Jet Airways,Delhi,Cochin,1 stop,300.0,4,6,2019,14,0,4,6,2019,19,0
IndiGo,Banglore,Delhi,non-stop,170.0,18,5,2019,10,10,18,5,2019,13,0
Jet Airways,Kolkata,Banglore,1 stop,735.0,24,5,2019,20,0,25,5,2019,8,15
Air India,Delhi,Cochin,2 stops,1180.0,15,5,2019,12,0,16,5,2019,7,40
Air India,Delhi,Cochin,1 stop,1640.0,5,9,2019,6,5,5,10,2019,9,25
SpiceJet,Mumbai,Hyderabad,non-stop,90.0,21,5,2019,22,45,22,5,2019,0,15
IndiGo,Banglore,Delhi,non-stop,170.0,6,6,2019,20,0,6,6,2019,22,50
IndiGo,Mumbai,Hyderabad,non-stop,90.0,5,3,2019,9,10,5,3,2019,10,40
Air India,Delhi,Cochin,2 stops,2295.0,3,3,2019,5,0,3,4,2019,19,15
IndiGo,Kolkata,Banglore,1 stop,280.0,4,1,2019,17,35,4,1,2019,22,15
GoAir,Delhi,Cochin,1 stop,540.0,24,4,2019,10,35,24,4,2019,19,35
GoAir,Delhi,Cochin,1 stop,355.0,24,4,2019,7,0,24,4,2019,12,55
Jet Airways,Banglore,Delhi,non-stop,180.0,4,1,2019,19,50,4,1,2019,22,50
Jet Airways,Delhi,Cochin,1 stop,610.0,6,3,2019,18,15,6,4,2019,4,25
Jet Airways,Banglore,Delhi,non-stop,180.0,5,3,2019,19,50,5,3,2019,22,50
Jet Airways,Delhi,Cochin,1 stop,705.0,3,6,2019,7,5,3,6,2019,18,50
Jet Airways,Kolkata,Banglore,1 stop,1695.0,4,1,2019,16,30,4,2,2019,20,45
Jet Airways,Mumbai,Hyderabad,non-stop,85.0,27,5,2019,2,55,27,5,2019,4,20
Jet Airways,Banglore,Delhi,1 stop,380.0,21,3,2019,8,55,21,3,2019,15,15
Multiple carriers,Delhi,Cochin,1 stop,765.0,27,6,2019,9,45,27,6,2019,22,30
Jet Airways,Delhi,Cochin,1 stop,1475.0,3,9,2019,18,15,3,10,2019,18,50
Jet Airways,Kolkata,Banglore,1 stop,1730.0,5,1,2019,9,35,5,2,2019,14,25
Jet Airways,Delhi,Cochin,2 stops,440.0,18,5,2019,11,40,18,5,2019,19,0
Jet Airways,Kolkata,Banglore,1 stop,960.0,6,12,2019,20,0,13,6,2019,12,0
SpiceJet,Kolkata,Banglore,non-stop,150.0,24,5,2019,17,10,24,5,2019,19,40
Jet Airways,Delhi,Cochin,1 stop,550.0,3,6,2019,19,15,3,7,2019,4,25
Jet Airways,Kolkata,Banglore,1 stop,1150.0,21,5,2019,21,10,22,5,2019,16,20
Jet Airways,Delhi,Cochin,2 stops,535.0,6,3,2019,19,30,6,4,2019,4,25
Jet Airways,Kolkata,Banglore,1 stop,775.0,4,1,2019,21,10,4,2,2019,10,5
Multiple carriers,Delhi,Cochin,1 stop,615.0,27,6,2019,15,15,28,6,2019,1,30
Jet Airways,Kolkata,Banglore,1 stop,705.0,15,5,2019,6,30,15,5,2019,18,15
IndiGo,Chennai,Kolkata,non-stop,140.0,5,9,2019,13,15,5,9,2019,15,35
Air India,Kolkata,Banglore,1 stop,965.0,5,9,2019,19,0,5,10,2019,11,5
IndiGo,Banglore,Delhi,non-stop,170.0,4,6,2019,13,0,4,6,2019,15,50
SpiceJet,Kolkata,Banglore,1 stop,435.0,6,6,2019,11,35,6,6,2019,18,50
Air India,Banglore,Delhi,non-stop,165.0,6,1,2019,17,0,6,1,2019,19,45
Jet Airways,Banglore,Delhi,1 stop,1420.0,3,3,2019,8,0,3,7,2019,7,40
IndiGo,Mumbai,Hyderabad,non-stop,85.0,27,3,2019,19,5,27,3,2019,20,30
IndiGo,Delhi,Cochin,non-stop,185.0,3,6,2019,14,30,3,6,2019,17,35
SpiceJet,Chennai,Kolkata,non-stop,135.0,24,6,2019,8,20,24,6,2019,10,35
Jet Airways,Delhi,Cochin,1 stop,705.0,3,3,2019,7,5,3,3,2019,18,50
Jet Airways,Mumbai,Hyderabad,non-stop,85.0,21,3,2019,7,10,21,3,2019,8,35
Jet Airways,Banglore,Delhi,non-stop,180.0,21,5,2019,19,50,21,5,2019,22,50
Jet Airways,Delhi,Cochin,1 stop,450.0,27,5,2019,11,30,27,5,2019,19,0
Jet Airways,Banglore,Delhi,non-stop,165.0,4,1,2019,6,0,4,1,2019,8,45
SpiceJet,Chennai,Kolkata,non-stop,155.0,15,3,2019,9,30,15,3,2019,12,5
Multiple carriers,Delhi,Cochin,1 stop,795.0,3,6,2019,6,0,3,6,2019,19,15
IndiGo,Kolkata,Banglore,1 stop,290.0,24,4,2019,15,15,24,4,2019,20,5
Air India,Kolkata,Banglore,2 stops,1045.0,6,12,2019,5,50,6,12,2019,23,15
Multiple carriers,Delhi,Cochin,1 stop,900.0,15,6,2019,6,0,15,6,2019,21,0
IndiGo,Delhi,Cochin,1 stop,810.0,6,6,2019,7,30,6,6,2019,21,0
Air India,Banglore,Delhi,1 stop,495.0,3,3,2019,0,30,3,3,2019,8,45
Vistara,Kolkata,Banglore,1 stop,790.0,6,6,2019,7,10,6,6,2019,20,20
Jet Airways,Delhi,Cochin,1 stop,805.0,18,5,2019,15,0,19,5,2019,4,25
Multiple carriers,Delhi,Cochin,1 stop,455.0,6,1,2019,14,55,6,1,2019,22,30
Air India,Banglore,Delhi,non-stop,165.0,27,5,2019,10,0,27,5,2019,12,45
Air India,Kolkata,Banglore,2 stops,1390.0,6,6,2019,12,0,6,7,2019,11,10
Jet Airways,Kolkata,Banglore,1 stop,875.0,21,5,2019,14,5,22,5,2019,4,40
Jet Airways,Banglore,Delhi,non-stop,165.0,6,9,2019,6,0,6,9,2019,8,45
IndiGo,Kolkata,Banglore,1 stop,315.0,24,5,2019,21,0,25,5,2019,2,15
Jet Airways,Banglore,Delhi,non-stop,180.0,6,1,2019,7,10,6,1,2019,10,10
Air India,Delhi,Cochin,1 stop,615.0,6,12,2019,9,0,6,12,2019,19,15
Multiple carriers,Delhi,Cochin,1 stop,395.0,27,3,2019,8,55,27,3,2019,15,30
Jet Airways,Kolkata,Banglore,1 stop,365.0,24,5,2019,16,30,24,5,2019,22,35
GoAir,Banglore,Delhi,non-stop,175.0,18,4,2019,7,45,18,4,2019,10,40
Jet Airways,Kolkata,Banglore,1 stop,685.0,4,1,2019,8,25,4,1,2019,19,50
SpiceJet,Kolkata,Banglore,non-stop,150.0,27,5,2019,17,10,27,5,2019,19,40
Vistara,Banglore,Delhi,non-stop,170.0,4,6,2019,9,45,4,6,2019,12,35
GoAir,Kolkata,Banglore,non-stop,155.0,24,6,2019,15,20,24,6,2019,17,55
Jet Airways,Delhi,Cochin,1 stop,300.0,15,6,2019,14,0,15,6,2019,19,0
Jet Airways,Kolkata,Banglore,1 stop,875.0,6,6,2019,14,5,6,7,2019,4,40
Multiple carriers,Delhi,Cochin,1 stop,535.0,18,5,2019,10,20,18,5,2019,19,15
IndiGo,Kolkata,Banglore,non-stop,150.0,4,1,2019,14,25,4,1,2019,16,55
Vistara,Kolkata,Banglore,1 stop,1550.0,5,12,2019,17,0,13,5,2019,18,50
Jet Airways,Kolkata,Banglore,1 stop,1495.0,24,5,2019,18,55,25,5,2019,19,50
IndiGo,Banglore,Delhi,non-stop,165.0,24,6,2019,6,5,24,6,2019,8,50
Jet Airways,Delhi,Cochin,1 stop,1620.0,6,9,2019,16,0,6,10,2019,19,0
Jet Airways,Delhi,Cochin,1 stop,1165.0,18,5,2019,9,0,19,5,2019,4,25
Air India,Banglore,Delhi,non-stop,165.0,24,5,2019,17,0,24,5,2019,19,45
Air India,Banglore,Delhi,1 stop,330.0,3,1,2019,6,45,3,1,2019,12,15
Jet Airways,Banglore,Delhi,1 stop,315.0,3,1,2019,8,0,3,1,2019,13,15
Jet Airways,Banglore,Delhi,non-stop,180.0,5,12,2019,7,10,5,12,2019,10,10
Jet Airways,Delhi,Cochin,1 stop,1235.0,21,5,2019,16,0,22,5,2019,12,35
IndiGo,Delhi,Cochin,1 stop,415.0,5,6,2019,18,35,5,7,2019,1,30
Multiple carriers,Delhi,Cochin,1 stop,615.0,15,5,2019,8,45,15,5,2019,19,0
Jet Airways,Delhi,Cochin,1 stop,1475.0,21,3,2019,18,15,22,3,2019,18,50
IndiGo,Delhi,Cochin,1 stop,380.0,27,5,2019,16,10,27,5,2019,22,30
Multiple carriers,Delhi,Cochin,1 stop,830.0,4,9,2019,11,40,4,10,2019,1,30
Jet Airways,Banglore,Delhi,1 stop,730.0,3,6,2019,7,0,3,6,2019,19,10
Air India,Mumbai,Hyderabad,3 stops,1175.0,3,12,2019,16,50,13,3,2019,12,25
Jet Airways,Banglore,Delhi,1 stop,950.0,3,12,2019,18,55,13,3,2019,10,45
Jet Airways,Banglore,Delhi,1 stop,375.0,3,6,2019,14,5,3,6,2019,20,20
Multiple carriers,Delhi,Cochin,1 stop,630.0,15,6,2019,15,0,16,6,2019,1,30
Jet Airways,Delhi,Cochin,2 stops,1925.0,21,3,2019,10,45,22,3,2019,18,50
Multiple carriers,Delhi,Cochin,1 stop,385.0,15,5,2019,9,45,15,5,2019,16,10
IndiGo,Kolkata,Banglore,non-stop,155.0,3,9,2019,14,20,3,9,2019,16,55
Air India,Delhi,Cochin,2 stops,1580.0,3,9,2019,16,55,3,10,2019,19,15
Vistara,Mumbai,Hyderabad,1 stop,1505.0,3,6,2019,15,40,3,7,2019,16,45
Air Asia,Kolkata,Banglore,non-stop,150.0,27,6,2019,22,50,28,6,2019,1,20
SpiceJet,Kolkata,Banglore,non-stop,140.0,15,6,2019,22,20,16,6,2019,0,40
Jet Airways,Mumbai,Hyderabad,non-stop,90.0,6,3,2019,19,35,6,3,2019,21,5
Jet Airways,Kolkata,Banglore,1 stop,1480.0,5,9,2019,20,25,5,10,2019,21,5
Jet Airways,Mumbai,Hyderabad,non-stop,90.0,21,3,2019,15,50,21,3,2019,17,20
Multiple carriers,Delhi,Cochin,1 stop,540.0,21,5,2019,10,0,21,5,2019,19,0
Air India,Kolkata,Banglore,2 stops,1045.0,5,12,2019,5,50,5,12,2019,23,15
Jet Airways,Kolkata,Banglore,1 stop,945.0,5,1,2019,16,30,5,2,2019,8,15
Jet Airways,Banglore,Delhi,non-stop,175.0,5,6,2019,11,10,5,6,2019,14,5
Jet Airways,Delhi,Cochin,1 stop,660.0,21,5,2019,8,0,21,5,2019,19,0
SpiceJet,Kolkata,Banglore,non-stop,155.0,27,6,2019,6,55,27,6,2019,9,30
IndiGo,Banglore,Delhi,non-stop,165.0,4,6,2019,6,5,4,6,2019,8,50
Jet Airways,Mumbai,Hyderabad,non-stop,90.0,15,5,2019,10,20,15,5,2019,11,50
IndiGo,Banglore,Delhi,non-stop,170.0,21,5,2019,10,10,21,5,2019,13,0
IndiGo,Mumbai,Hyderabad,non-stop,90.0,21,6,2019,6,25,21,6,2019,7,55
SpiceJet,Kolkata,Banglore,non-stop,150.0,5,1,2019,17,10,5,1,2019,19,40
Jet Airways,Kolkata,Banglore,1 stop,1145.0,24,3,2019,16,55,25,3,2019,12,0
Jet Airways,Kolkata,Banglore,1 stop,1005.0,5,9,2019,17,0,5,10,2019,9,45
Air India,Kolkata,Banglore,1 stop,1515.0,21,5,2019,12,0,22,5,2019,13,15
Jet Airways,Delhi,Cochin,1 stop,1570.0,6,1,2019,2,15,6,2,2019,4,25
IndiGo,Delhi,Cochin,1 stop,275.0,24,4,2019,7,35,24,4,2019,12,10
Vistara,Banglore,Delhi,non-stop,165.0,18,4,2019,19,30,18,4,2019,22,15
IndiGo,Delhi,Cochin,1 stop,975.0,27,3,2019,4,45,27,3,2019,21,0
Jet Airways,Delhi,Cochin,1 stop,535.0,3,3,2019,9,55,3,3,2019,18,50
Multiple carriers,Delhi,Cochin,1 stop,630.0,24,6,2019,8,30,24,6,2019,19,0
SpiceJet,Delhi,Cochin,1 stop,315.0,6,6,2019,6,5,6,6,2019,11,20
Jet Airways,Kolkata,Banglore,1 stop,1480.0,5,12,2019,20,25,13,5,2019,21,5
IndiGo,Delhi,Cochin,1 stop,355.0,3,6,2019,2,35,3,6,2019,8,30
Multiple carriers,Delhi,Cochin,1 stop,540.0,27,4,2019,7,10,27,4,2019,16,10
Jet Airways,Kolkata,Banglore,1 stop,1400.0,6,9,2019,18,55,6,10,2019,18,15
Air India,Delhi,Cochin,1 stop,795.0,15,6,2019,9,45,15,6,2019,23,0
IndiGo,Delhi,Cochin,1 stop,575.0,3,6,2019,16,0,3,7,2019,1,35
IndiGo,Kolkata,Banglore,non-stop,170.0,15,3,2019,5,30,15,3,2019,8,20
IndiGo,Kolkata,Banglore,non-stop,155.0,27,4,2019,22,15,28,4,2019,0,50
Multiple carriers,Delhi,Cochin,1 stop,510.0,4,9,2019,17,0,4,10,2019,1,30
Air India,Delhi,Cochin,1 stop,1395.0,6,9,2019,20,0,6,10,2019,19,15
Jet Airways,Kolkata,Banglore,1 stop,1450.0,21,5,2019,9,35,22,5,2019,9,45
SpiceJet,Kolkata,Banglore,non-stop,155.0,21,5,2019,6,55,21,5,2019,9,30
Jet Airways,Delhi,Cochin,1 stop,655.0,5,9,2019,17,30,5,10,2019,4,25
Vistara,Mumbai,Hyderabad,1 stop,745.0,3,6,2019,7,30,3,6,2019,19,55
Multiple carriers,Delhi,Cochin,1 stop,490.0,27,6,2019,12,50,27,6,2019,21,0
GoAir,Delhi,Cochin,1 stop,370.0,27,4,2019,7,25,27,4,2019,13,35
IndiGo,Delhi,Cochin,1 stop,295.0,15,6,2019,5,10,15,6,2019,10,5
Air India,Chennai,Kolkata,non-stop,135.0,24,6,2019,11,40,24,6,2019,13,55
Air India,Delhi,Cochin,2 stops,1490.0,15,6,2019,6,50,16,6,2019,7,40
Air India,Delhi,Cochin,2 stops,865.0,15,5,2019,17,15,16,5,2019,7,40
Air India,Delhi,Cochin,2 stops,2240.0,6,9,2019,5,55,6,10,2019,19,15
Jet Airways,Delhi,Cochin,2 stops,2245.0,3,3,2019,5,25,3,4,2019,18,50
GoAir,Banglore,Delhi,non-stop,170.0,18,4,2019,11,40,18,4,2019,14,30
Multiple carriers,Delhi,Cochin,1 stop,385.0,6,1,2019,9,45,6,1,2019,16,10
Air India,Delhi,Cochin,1 stop,520.0,3,9,2019,23,0,3,10,2019,7,40
Air India,Kolkata,Banglore,2 stops,1700.0,6,9,2019,9,25,6,10,2019,13,45
Air India,Delhi,Cochin,2 stops,1595.0,18,5,2019,16,40,19,5,2019,19,15
Jet Airways,Kolkata,Banglore,1 stop,730.0,18,5,2019,21,10,19,5,2019,9,20
Air India,Kolkata,Banglore,non-stop,150.0,18,5,2019,14,15,18,5,2019,16,45
Air India,Banglore,Delhi,1 stop,525.0,3,1,2019,11,5,3,1,2019,19,50
Jet Airways,Kolkata,Banglore,1 stop,1365.0,5,12,2019,20,25,13,5,2019,19,10
Jet Airways,Delhi,Cochin,1 stop,1165.0,6,9,2019,9,0,6,10,2019,4,25
IndiGo,Chennai,Kolkata,non-stop,140.0,24,6,2019,13,15,24,6,2019,15,35
Air India,Delhi,Cochin,1 stop,965.0,21,5,2019,17,20,22,5,2019,9,25
IndiGo,Banglore,Delhi,non-stop,175.0,5,12,2019,18,55,5,12,2019,21,50
Jet Airways,Banglore,Delhi,non-stop,175.0,4,6,2019,15,15,4,6,2019,18,10
Air India,Kolkata,Banglore,2 stops,590.0,21,5,2019,12,0,21,5,2019,21,50
Air India,Delhi,Cochin,1 stop,555.0,15,5,2019,10,0,15,5,2019,19,15
Jet Airways,Banglore,Delhi,1 stop,745.0,3,9,2019,8,55,3,9,2019,21,20
Jet Airways,Kolkata,Banglore,1 stop,1730.0,5,9,2019,9,35,5,10,2019,14,25
Jet Airways,Kolkata,Banglore,1 stop,1200.0,18,5,2019,14,5,19,5,2019,10,5
Multiple carriers,Delhi,Cochin,1 stop,835.0,3,6,2019,7,5,3,6,2019,21,0
Air India,Banglore,Delhi,non-stop,165.0,15,5,2019,6,10,15,5,2019,8,55
Multiple carriers,Delhi,Cochin,1 stop,910.0,6,1,2019,3,50,6,1,2019,19,0
Jet Airways,Kolkata,Banglore,1 stop,575.0,21,5,2019,9,35,21,5,2019,19,10
IndiGo,Delhi,Cochin,non-stop,195.0,15,5,2019,14,25,15,5,2019,17,40
Air India,Delhi,Cochin,1 stop,1420.0,15,5,2019,9,45,16,5,2019,9,25
IndiGo,Delhi,Cochin,1 stop,325.0,4,1,2019,2,0,4,1,2019,7,25
Multiple carriers,Delhi,Cochin,1 stop,450.0,6,12,2019,18,0,13,6,2019,1,30
Vistara,Banglore,Delhi,non-stop,155.0,24,3,2019,16,0,24,3,2019,18,35
IndiGo,Kolkata,Banglore,non-stop,155.0,15,5,2019,20,20,15,5,2019,22,55
Air Asia,Kolkata,Banglore,non-stop,150.0,5,1,2019,19,55,5,1,2019,22,25
Jet Airways,Banglore,Delhi,1 stop,1365.0,21,3,2019,11,40,22,3,2019,10,25
Jet Airways,Delhi,Cochin,2 stops,810.0,6,1,2019,5,30,6,1,2019,19,0
Jet Airways,Kolkata,Banglore,1 stop,745.0,24,3,2019,19,45,25,3,2019,8,10
SpiceJet,Banglore,Delhi,non-stop,170.0,18,6,2019,9,30,18,6,2019,12,20
Jet Airways,Kolkata,Banglore,1 stop,520.0,5,6,2019,20,0,5,7,2019,4,40
IndiGo,Kolkata,Banglore,1 stop,240.0,5,9,2019,6,20,5,9,2019,10,20
Jet Airways,Banglore,Delhi,1 stop,1375.0,3,6,2019,21,25,3,7,2019,20,20
IndiGo,Kolkata,Banglore,non-stop,155.0,4,1,2019,20,20,4,1,2019,22,55
Multiple carriers,Delhi,Cochin,1 stop,545.0,3,9,2019,13,15,3,9,2019,22,20
Vistara,Kolkata,Banglore,1 stop,1070.0,24,3,2019,17,0,25,3,2019,10,50
IndiGo,Delhi,Cochin,non-stop,195.0,5,9,2019,5,35,5,9,2019,8,50
Jet Airways,Delhi,Cochin,2 stops,1125.0,18,5,2019,9,40,19,5,2019,4,25
IndiGo,Chennai,Kolkata,non-stop,140.0,6,1,2019,7,55,6,1,2019,10,15
IndiGo,Delhi,Cochin,2 stops,565.0,3,9,2019,11,55,3,9,2019,21,20
Air India,Banglore,Delhi,non-stop,170.0,5,1,2019,13,20,5,1,2019,16,10
IndiGo,Kolkata,Banglore,1 stop,315.0,15,4,2019,15,15,15,4,2019,20,30
GoAir,Banglore,Delhi,non-stop,175.0,15,5,2019,7,45,15,5,2019,10,40
Multiple carriers,Delhi,Cochin,1 stop,555.0,6,1,2019,13,15,6,1,2019,22,30
Jet Airways,Delhi,Cochin,2 stops,1615.0,6,3,2019,9,40,6,4,2019,12,35
IndiGo,Kolkata,Banglore,non-stop,155.0,4,12,2019,22,15,13,4,2019,0,50
Air India,Delhi,Cochin,2 stops,1275.0,5,9,2019,22,0,5,10,2019,19,15
Air Asia,Kolkata,Banglore,1 stop,215.0,18,5,2019,19,55,18,5,2019,23,30
Jet Airways,Delhi,Cochin,1 stop,450.0,27,6,2019,11,30,27,6,2019,19,0
IndiGo,Kolkata,Banglore,1 stop,315.0,6,12,2019,21,0,13,6,2019,2,15
IndiGo,Delhi,Cochin,1 stop,345.0,15,6,2019,2,0,15,6,2019,7,45
IndiGo,Kolkata,Banglore,non-stop,155.0,18,6,2019,4,40,18,6,2019,7,15
IndiGo,Chennai,Kolkata,non-stop,135.0,3,9,2019,13,20,3,9,2019,15,35
Jet Airways,Delhi,Cochin,1 stop,1415.0,6,3,2019,13,0,6,4,2019,12,35
Jet Airways,Kolkata,Banglore,1 stop,1640.0,6,12,2019,16,30,13,6,2019,19,50
IndiGo,Mumbai,Hyderabad,non-stop,90.0,4,3,2019,19,5,4,3,2019,20,35
Air India,Delhi,Cochin,2 stops,1475.0,5,9,2019,7,5,5,10,2019,7,40
Air India,Banglore,Delhi,non-stop,170.0,4,1,2019,13,20,4,1,2019,16,10
SpiceJet,Delhi,Cochin,1 stop,315.0,6,9,2019,6,5,6,9,2019,11,20
Multiple carriers,Delhi,Cochin,1 stop,660.0,4,9,2019,8,0,4,9,2019,19,0
Jet Airways,Kolkata,Banglore,1 stop,1430.0,5,6,2019,16,30,5,7,2019,16,20
Jet Airways,Kolkata,Banglore,1 stop,1080.0,5,1,2019,20,25,5,2,2019,14,25
Jet Airways,Banglore,Delhi,non-stop,185.0,24,4,2019,18,55,24,4,2019,22,0
Air India,Kolkata,Banglore,1 stop,745.0,6,9,2019,9,25,6,9,2019,21,50
Jet Airways,Delhi,Cochin,1 stop,300.0,21,5,2019,14,0,21,5,2019,19,0
Jet Airways,Mumbai,Hyderabad,non-stop,85.0,5,9,2019,7,5,5,9,2019,8,30
IndiGo,Kolkata,Banglore,non-stop,155.0,24,5,2019,20,20,24,5,2019,22,55
IndiGo,Mumbai,Hyderabad,non-stop,90.0,27,6,2019,19,5,27,6,2019,20,35
IndiGo,Chennai,Kolkata,non-stop,140.0,15,6,2019,22,5,16,6,2019,0,25
Jet Airways,Kolkata,Banglore,1 stop,840.0,6,6,2019,9,35,6,6,2019,23,35
Jet Airways,Mumbai,Hyderabad,non-stop,85.0,18,5,2019,7,5,18,5,2019,8,30
GoAir,Delhi,Cochin,1 stop,350.0,3,3,2019,7,30,3,3,2019,13,20
Jet Airways,Kolkata,Banglore,1 stop,1080.0,24,5,2019,20,25,25,5,2019,14,25
Jet Airways,Kolkata,Banglore,1 stop,800.0,4,1,2019,18,55,4,2,2019,8,15
IndiGo,Mumbai,Hyderabad,non-stop,90.0,18,3,2019,16,55,18,3,2019,18,25
Jet Airways,Mumbai,Hyderabad,non-stop,85.0,24,5,2019,7,5,24,5,2019,8,30
Air India,Kolkata,Banglore,2 stops,1830.0,5,12,2019,12,0,13,5,2019,18,30
Air India,Banglore,Delhi,2 stops,1625.0,15,3,2019,8,15,16,3,2019,11,20
SpiceJet,Delhi,Cochin,1 stop,360.0,27,3,2019,15,55,27,3,2019,21,55
Multiple carriers,Delhi,Cochin,1 stop,730.0,6,6,2019,7,5,6,6,2019,19,15
SpiceJet,Kolkata,Banglore,non-stop,140.0,24,3,2019,22,20,25,3,2019,0,40
Jet Airways,Delhi,Cochin,2 stops,1430.0,21,5,2019,19,10,22,5,2019,19,0
IndiGo,Delhi,Cochin,1 stop,625.0,6,3,2019,10,35,6,3,2019,21,0
Multiple carriers,Delhi,Cochin,1 stop,930.0,6,6,2019,10,0,6,7,2019,1,30
Air Asia,Kolkata,Banglore,non-stop,150.0,27,6,2019,19,55,27,6,2019,22,25
Jet Airways,Delhi,Cochin,1 stop,1595.0,6,1,2019,10,0,6,2,2019,12,35
Vistara,Banglore,Delhi,non-stop,170.0,24,4,2019,11,30,24,4,2019,14,20
Air India,Kolkata,Banglore,1 stop,270.0,24,3,2019,9,10,24,3,2019,13,40
Jet Airways,Kolkata,Banglore,1 stop,1495.0,5,1,2019,8,25,5,2,2019,9,20
SpiceJet,Mumbai,Hyderabad,non-stop,90.0,18,5,2019,22,45,19,5,2019,0,15
Jet Airways,Delhi,Cochin,1 stop,1040.0,5,9,2019,19,15,5,10,2019,12,35
Multiple carriers,Delhi,Cochin,1 stop,630.0,15,6,2019,8,45,15,6,2019,19,15
Air Asia,Delhi,Cochin,1 stop,330.0,18,5,2019,7,55,18,5,2019,13,25
Jet Airways,Kolkata,Banglore,1 stop,1025.0,6,12,2019,18,55,13,6,2019,12,0
SpiceJet,Chennai,Kolkata,non-stop,135.0,21,5,2019,8,20,21,5,2019,10,35
Jet Airways,Kolkata,Banglore,1 stop,890.0,6,9,2019,21,10,6,10,2019,12,0
SpiceJet,Chennai,Kolkata,non-stop,135.0,21,6,2019,8,20,21,6,2019,10,35
Jet Airways,Banglore,Delhi,2 stops,420.0,3,9,2019,8,55,3,9,2019,15,55
Jet Airways,Kolkata,Banglore,1 stop,345.0,24,3,2019,13,55,24,3,2019,19,40
Air India,Mumbai,Hyderabad,non-stop,80.0,4,1,2019,6,20,4,1,2019,7,40
Jet Airways,Banglore,Delhi,non-stop,165.0,4,9,2019,6,0,4,9,2019,8,45
Jet Airways,Kolkata,Banglore,1 stop,425.0,5,12,2019,16,30,5,12,2019,23,35
IndiGo,Kolkata,Banglore,1 stop,255.0,4,3,2019,6,15,4,3,2019,10,30
Air India,Mumbai,Hyderabad,non-stop,90.0,21,3,2019,13,55,21,3,2019,15,25
Jet Airways,Kolkata,Banglore,1 stop,505.0,5,1,2019,9,35,5,1,2019,18,0
IndiGo,Mumbai,Hyderabad,non-stop,90.0,5,1,2019,19,5,5,1,2019,20,35
Jet Airways,Delhi,Cochin,1 stop,395.0,24,6,2019,21,50,25,6,2019,4,25
Jet Airways,Banglore,Delhi,1 stop,1100.0,3,12,2019,18,55,13,3,2019,13,15
SpiceJet,Banglore,Delhi,non-stop,170.0,24,3,2019,20,30,24,3,2019,23,20
Jet Airways,Delhi,Cochin,2 stops,820.0,27,3,2019,5,10,27,3,2019,18,50
Jet Airways,Delhi,Cochin,2 stops,1390.0,18,5,2019,13,25,19,5,2019,12,35
Jet Airways,Banglore,Delhi,1 stop,435.0,15,3,2019,8,55,15,3,2019,16,10
SpiceJet,Chennai,Kolkata,non-stop,140.0,5,9,2019,17,45,5,9,2019,20,5
SpiceJet,Banglore,Delhi,non-stop,170.0,4,6,2019,9,30,4,6,2019,12,20
Air Asia,Kolkata,Banglore,non-stop,150.0,4,1,2019,22,50,4,2,2019,1,20
IndiGo,Banglore,Delhi,non-stop,170.0,15,4,2019,23,30,16,4,2019,2,20
IndiGo,Kolkata,Banglore,non-stop,155.0,6,9,2019,20,20,6,9,2019,22,55
IndiGo,Delhi,Cochin,1 stop,325.0,15,5,2019,2,0,15,5,2019,7,25
SpiceJet,Chennai,Kolkata,non-stop,155.0,27,3,2019,9,30,27,3,2019,12,5
IndiGo,Delhi,Cochin,1 stop,265.0,3,3,2019,7,35,3,3,2019,12,0
Air India,Kolkata,Banglore,2 stops,1045.0,6,9,2019,5,50,6,9,2019,23,15
Jet Airways,Banglore,Delhi,non-stop,175.0,24,6,2019,15,15,24,6,2019,18,10
Air India,Delhi,Cochin,1 stop,965.0,18,5,2019,17,20,19,5,2019,9,25
Vistara,Kolkata,Banglore,1 stop,355.0,24,3,2019,17,0,24,3,2019,22,55
Jet Airways,Kolkata,Banglore,1 stop,775.0,5,12,2019,21,10,13,5,2019,10,5
Multiple carriers,Delhi,Cochin,1 stop,440.0,3,3,2019,11,30,3,3,2019,18,50
Air Asia,Banglore,Delhi,non-stop,165.0,24,3,2019,23,25,25,3,2019,2,10
Jet Airways,Delhi,Cochin,1 stop,1320.0,3,9,2019,20,50,3,10,2019,18,50
Jet Airways,Banglore,Delhi,1 stop,1355.0,3,12,2019,20,35,13,3,2019,19,10
Jet Airways,Kolkata,Banglore,1 stop,1215.0,5,9,2019,8,25,5,10,2019,4,40
Jet Airways,Delhi,Cochin,1 stop,600.0,24,6,2019,9,0,24,6,2019,19,0
Multiple carriers,Delhi,Cochin,1 stop,555.0,5,9,2019,13,15,5,9,2019,22,30
Multiple carriers,Delhi,Cochin,1 stop,740.0,27,5,2019,6,40,27,5,2019,19,0
GoAir,Delhi,Cochin,1 stop,535.0,3,6,2019,10,25,3,6,2019,19,20
Jet Airways,Delhi,Cochin,1 stop,800.0,27,3,2019,15,5,28,3,2019,4,25
IndiGo,Delhi,Cochin,1 stop,345.0,27,3,2019,2,0,27,3,2019,7,45
IndiGo,Kolkata,Banglore,non-stop,150.0,21,4,2019,14,25,21,4,2019,16,55
Vistara,Kolkata,Banglore,1 stop,1580.0,6,6,2019,20,20,6,7,2019,22,40
IndiGo,Kolkata,Banglore,1 stop,330.0,15,5,2019,7,10,15,5,2019,12,40
IndiGo,Banglore,Delhi,non-stop,170.0,24,6,2019,10,10,24,6,2019,13,0
Vistara,Delhi,Cochin,non-stop,190.0,21,5,2019,6,0,21,5,2019,9,10
Air India,Kolkata,Banglore,2 stops,805.0,4,1,2019,9,50,4,1,2019,23,15
Jet Airways,Kolkata,Banglore,1 stop,1500.0,5,6,2019,17,0,5,7,2019,18,0
Jet Airways,Kolkata,Banglore,1 stop,665.0,21,5,2019,21,10,22,5,2019,8,15
Jet Airways,Banglore,Delhi,non-stop,175.0,15,5,2019,15,15,15,5,2019,18,10
IndiGo,Banglore,Delhi,non-stop,170.0,21,6,2019,0,25,21,6,2019,3,15
Multiple carriers,Delhi,Cochin,1 stop,465.0,27,6,2019,17,45,28,6,2019,1,30
Jet Airways,Banglore,Delhi,1 stop,1165.0,3,1,2019,14,5,3,2,2019,9,30
IndiGo,Delhi,Cochin,1 stop,300.0,27,5,2019,16,0,27,5,2019,21,0
SpiceJet,Chennai,Kolkata,non-stop,135.0,5,6,2019,8,20,5,6,2019,10,35
Jet Airways,Banglore,Delhi,non-stop,175.0,5,3,2019,11,10,5,3,2019,14,5
IndiGo,Banglore,Delhi,non-stop,170.0,18,3,2019,22,20,19,3,2019,1,10
Jet Airways,Delhi,Cochin,1 stop,450.0,5,9,2019,20,55,5,10,2019,4,25
Jet Airways,Mumbai,Hyderabad,non-stop,85.0,27,3,2019,7,10,27,3,2019,8,35
Jet Airways,Delhi,Cochin,1 stop,1355.0,6,12,2019,14,0,13,6,2019,12,35
Multiple carriers,Delhi,Cochin,1 stop,795.0,5,9,2019,6,0,5,9,2019,19,15
Jet Airways,Kolkata,Banglore,1 stop,1485.0,4,1,2019,20,0,4,2,2019,20,45
IndiGo,Delhi,Cochin,1 stop,940.0,6,9,2019,6,50,6,9,2019,22,30
Jet Airways,Banglore,Delhi,non-stop,180.0,24,5,2019,19,50,24,5,2019,22,50
IndiGo,Mumbai,Hyderabad,non-stop,90.0,15,3,2019,16,55,15,3,2019,18,25
Vistara,Delhi,Cochin,non-stop,190.0,5,12,2019,14,40,5,12,2019,17,50
IndiGo,Delhi,Cochin,1 stop,570.0,3,9,2019,6,40,3,9,2019,16,10
Jet Airways,Kolkata,Banglore,1 stop,1585.0,24,3,2019,13,55,25,3,2019,16,20
SpiceJet,Banglore,Delhi,non-stop,170.0,21,5,2019,9,30,21,5,2019,12,20
Multiple carriers,Delhi,Cochin,1 stop,780.0,6,12,2019,8,0,6,12,2019,21,0
Multiple carriers,Delhi,Cochin,1 stop,455.0,6,3,2019,11,25,6,3,2019,19,0
Air India,Banglore,Delhi,1 stop,1475.0,15,3,2019,8,15,16,3,2019,8,50
Multiple carriers,Delhi,Cochin,1 stop,485.0,27,3,2019,10,45,27,3,2019,18,50
Jet Airways,Delhi,Cochin,1 stop,300.0,27,5,2019,14,0,27,5,2019,19,0
Jet Airways,Delhi,Cochin,1 stop,1260.0,3,9,2019,21,50,3,10,2019,18,50
Vistara,Banglore,Delhi,non-stop,175.0,24,3,2019,21,10,28,3,2019,0,5
Jet Airways,Kolkata,Banglore,1 stop,365.0,21,5,2019,16,30,21,5,2019,22,35
Jet Airways,Delhi,Cochin,1 stop,550.0,27,3,2019,19,15,28,3,2019,4,25
Air Asia,Kolkata,Banglore,non-stop,150.0,15,5,2019,19,55,15,5,2019,22,25
Multiple carriers,Delhi,Cochin,1 stop,615.0,27,6,2019,9,0,27,6,2019,19,15
Jet Airways,Banglore,Delhi,1 stop,375.0,15,3,2019,7,0,15,3,2019,13,15
Air India,Banglore,Delhi,non-stop,165.0,5,6,2019,10,0,5,6,2019,12,45
Jet Airways,Kolkata,Banglore,1 stop,1235.0,24,3,2019,19,45,25,3,2019,16,20
Jet Airways,Kolkata,Banglore,2 stops,1495.0,21,5,2019,6,30,22,5,2019,7,25
IndiGo,Delhi,Cochin,1 stop,480.0,5,9,2019,17,30,5,10,2019,1,30
Air India,Banglore,Delhi,2 stops,1705.0,3,3,2019,6,45,3,7,2019,11,10
Multiple carriers,Delhi,Cochin,1 stop,690.0,6,9,2019,14,0,6,10,2019,1,30
Air India,Kolkata,Banglore,2 stops,1385.0,5,1,2019,9,50,5,2,2019,8,55
Multiple carriers,Delhi,Cochin,1 stop,515.0,3,3,2019,17,0,3,4,2019,1,35
IndiGo,Delhi,Cochin,1 stop,305.0,18,5,2019,20,25,19,5,2019,1,30
Jet Airways,Delhi,Cochin,2 stops,600.0,21,3,2019,18,25,22,3,2019,4,25
Multiple carriers,Delhi,Cochin,1 stop,460.0,6,12,2019,4,55,6,12,2019,12,35
IndiGo,Delhi,Cochin,1 stop,825.0,21,3,2019,8,35,21,3,2019,22,20
Jet Airways,Delhi,Cochin,1 stop,805.0,6,1,2019,15,0,6,2,2019,4,25
Multiple carriers,Delhi,Cochin,1 stop,490.0,6,1,2019,12,50,6,1,2019,21,0
Jet Airways,Delhi,Cochin,2 stops,1045.0,27,5,2019,19,10,28,5,2019,12,35
Air India,Banglore,Delhi,non-stop,165.0,24,4,2019,10,0,24,4,2019,12,45
SpiceJet,Banglore,Delhi,non-stop,170.0,18,4,2019,9,30,18,4,2019,12,20
Jet Airways,Kolkata,Banglore,1 stop,665.0,21,5,2019,21,10,22,5,2019,8,15
Jet Airways,Delhi,Cochin,2 stops,505.0,6,1,2019,20,0,6,2,2019,4,25
Jet Airways,Delhi,Cochin,2 stops,1600.0,21,3,2019,16,10,22,3,2019,18,50
Air India,Banglore,Delhi,1 stop,1330.0,3,9,2019,11,5,13,3,2019,9,15
Jet Airways,Mumbai,Hyderabad,non-stop,85.0,6,1,2019,2,55,6,1,2019,4,20
Jet Airways,Kolkata,Banglore,1 stop,1540.0,6,9,2019,20,25,6,10,2019,22,5
SpiceJet,Kolkata,Banglore,non-stop,150.0,27,6,2019,17,10,27,6,2019,19,40
Air India,Delhi,Cochin,1 stop,1590.0,15,5,2019,20,30,16,5,2019,23,0
Multiple carriers,Delhi,Cochin,1 stop,455.0,6,12,2019,11,40,6,12,2019,19,15
Jet Airways,Delhi,Cochin,2 stops,1295.0,6,6,2019,21,25,6,7,2019,19,0
Air India,Kolkata,Banglore,2 stops,970.0,4,1,2019,16,45,4,2,2019,8,55
Air India,Banglore,Delhi,1 stop,1490.0,3,9,2019,10,30,13,3,2019,11,20
Jet Airways,Kolkata,Banglore,1 stop,1695.0,5,6,2019,16,30,5,7,2019,20,45
Jet Airways,Banglore,Delhi,1 stop,885.0,18,3,2019,16,55,19,3,2019,7,40
Jet Airways,Kolkata,Banglore,1 stop,1495.0,4,1,2019,18,55,4,2,2019,19,50
IndiGo,Delhi,Cochin,1 stop,500.0,6,3,2019,17,10,6,4,2019,1,30
IndiGo,Banglore,Delhi,non-stop,185.0,21,6,2019,18,15,21,6,2019,21,20
SpiceJet,Kolkata,Banglore,non-stop,150.0,6,6,2019,17,10,6,6,2019,19,40
Jet Airways,Delhi,Cochin,2 stops,830.0,18,5,2019,14,35,19,5,2019,4,25
Jet Airways,Kolkata,Banglore,1 stop,890.0,5,9,2019,21,10,5,10,2019,12,0
Jet Airways,Kolkata,Banglore,1 stop,510.0,21,5,2019,14,5,21,5,2019,22,35
Jet Airways,Banglore,Delhi,non-stop,185.0,27,6,2019,18,55,27,6,2019,22,0
IndiGo,Delhi,Cochin,1 stop,325.0,4,3,2019,2,0,4,3,2019,7,25
Multiple carriers,Delhi,Cochin,1 stop,915.0,27,3,2019,10,20,28,3,2019,1,35
IndiGo,Kolkata,Banglore,non-stop,165.0,3,9,2019,9,35,3,9,2019,12,20
Jet Airways,Banglore,Delhi,non-stop,180.0,27,4,2019,7,10,27,4,2019,10,10
Jet Airways,Delhi,Cochin,1 stop,715.0,27,5,2019,7,5,27,5,2019,19,0
IndiGo,Mumbai,Hyderabad,non-stop,90.0,27,3,2019,9,10,27,3,2019,10,40
IndiGo,Mumbai,Hyderabad,non-stop,90.0,6,12,2019,1,40,6,12,2019,3,10
Jet Airways,Banglore,Delhi,1 stop,280.0,21,3,2019,9,45,21,3,2019,14,25
Jet Airways,Banglore,Delhi,1 stop,405.0,3,6,2019,11,40,3,6,2019,18,25
Jet Airways,Kolkata,Banglore,1 stop,705.0,5,9,2019,6,30,5,9,2019,18,15
SpiceJet,Chennai,Kolkata,non-stop,140.0,6,6,2019,17,45,6,6,2019,20,5
IndiGo,Delhi,Cochin,1 stop,575.0,6,1,2019,11,25,6,1,2019,21,0
Vistara,Kolkata,Banglore,1 stop,1350.0,15,5,2019,20,20,16,5,2019,18,50
Vistara,Chennai,Kolkata,non-stop,135.0,3,6,2019,7,5,3,6,2019,9,20
Jet Airways,Delhi,Cochin,1 stop,590.0,27,3,2019,9,0,27,3,2019,18,50
Jet Airways,Banglore,Delhi,non-stop,180.0,6,12,2019,19,50,6,12,2019,22,50
GoAir,Banglore,Delhi,non-stop,170.0,5,6,2019,11,40,5,6,2019,14,30
Air India,Delhi,Cochin,2 stops,1275.0,5,1,2019,22,0,5,2,2019,19,15
Jet Airways,Banglore,Delhi,1 stop,695.0,21,3,2019,22,50,22,3,2019,10,25
IndiGo,Banglore,Delhi,non-stop,170.0,27,5,2019,4,0,27,5,2019,6,50
Vistara,Chennai,Kolkata,non-stop,135.0,18,6,2019,7,5,18,6,2019,9,20
Vistara,Banglore,Delhi,non-stop,155.0,5,6,2019,17,0,5,6,2019,19,35
SpiceJet,Chennai,Kolkata,non-stop,135.0,3,12,2019,8,20,3,12,2019,10,35
Air India,Delhi,Cochin,2 stops,500.0,6,12,2019,10,55,6,12,2019,19,15
Jet Airways,Banglore,Delhi,1 stop,810.0,3,12,2019,22,55,13,3,2019,12,25
Air India,Banglore,Delhi,3 stops,1825.0,3,1,2019,5,50,3,2,2019,12,15
Air India,Mumbai,Hyderabad,non-stop,75.0,18,3,2019,19,30,18,3,2019,20,45
IndiGo,Kolkata,Banglore,1 stop,315.0,5,6,2019,21,0,5,7,2019,2,15
IndiGo,Delhi,Cochin,1 stop,530.0,27,3,2019,6,40,27,3,2019,15,30
Jet Airways,Kolkata,Banglore,1 stop,705.0,24,5,2019,6,30,24,5,2019,18,15
IndiGo,Chennai,Kolkata,non-stop,140.0,21,6,2019,14,45,21,6,2019,17,5
IndiGo,Delhi,Cochin,1 stop,290.0,27,6,2019,15,10,27,6,2019,20,0
Jet Airways,Banglore,Delhi,1 stop,1090.0,3,6,2019,14,5,3,7,2019,8,15
Air India,Kolkata,Banglore,2 stops,1840.0,15,5,2019,5,50,16,5,2019,12,30
Vistara,Kolkata,Banglore,1 stop,1580.0,5,6,2019,20,20,5,7,2019,22,40
SpiceJet,Chennai,Kolkata,non-stop,135.0,18,6,2019,8,20,18,6,2019,10,35
Jet Airways,Banglore,Delhi,non-stop,185.0,4,6,2019,18,55,4,6,2019,22,0
SpiceJet,Chennai,Kolkata,non-stop,140.0,27,3,2019,17,45,27,3,2019,20,5
Multiple carriers,Delhi,Cochin,1 stop,930.0,15,6,2019,10,0,16,6,2019,1,30
Air Asia,Kolkata,Banglore,non-stop,150.0,3,3,2019,19,35,3,3,2019,22,5
GoAir,Delhi,Cochin,1 stop,355.0,27,5,2019,7,0,27,5,2019,12,55
Air India,Banglore,Delhi,non-stop,170.0,24,6,2019,13,20,24,6,2019,16,10
Jet Airways,Delhi,Cochin,1 stop,365.0,3,6,2019,22,20,3,7,2019,4,25
Air India,Delhi,Cochin,2 stops,1595.0,27,5,2019,16,40,28,5,2019,19,15
Air India,Banglore,Delhi,1 stop,895.0,3,3,2019,8,15,3,3,2019,23,10
GoAir,Banglore,Delhi,non-stop,175.0,27,4,2019,7,45,27,4,2019,10,40
Vistara,Kolkata,Banglore,1 stop,385.0,4,1,2019,17,0,4,1,2019,23,25
IndiGo,Chennai,Kolkata,non-stop,140.0,18,3,2019,7,55,18,3,2019,10,15
Multiple carriers,Delhi,Cochin,1 stop,390.0,24,5,2019,19,0,25,5,2019,1,30
Jet Airways,Kolkata,Banglore,1 stop,705.0,6,6,2019,6,30,6,6,2019,18,15
Air India,Banglore,Delhi,non-stop,165.0,21,5,2019,10,0,21,5,2019,12,45
Jet Airways,Mumbai,Hyderabad,non-stop,90.0,15,3,2019,19,35,15,3,2019,21,5
Air India,Mumbai,Hyderabad,non-stop,80.0,27,6,2019,21,5,27,6,2019,22,25
Multiple carriers,Delhi,Cochin,1 stop,920.0,15,5,2019,7,10,15,5,2019,22,30
Multiple carriers,Delhi,Cochin,1 stop,750.0,24,6,2019,13,0,25,6,2019,1,30
SpiceJet,Kolkata,Banglore,non-stop,140.0,4,1,2019,22,20,4,2,2019,0,40
IndiGo,Delhi,Cochin,non-stop,195.0,3,9,2019,5,35,3,9,2019,8,50
IndiGo,Delhi,Cochin,1 stop,490.0,15,5,2019,14,20,15,5,2019,22,30
IndiGo,Kolkata,Banglore,1 stop,300.0,5,12,2019,4,50,5,12,2019,9,50
Air India,Delhi,Cochin,1 stop,765.0,6,1,2019,20,40,6,2,2019,9,25
Jet Airways,Mumbai,Hyderabad,non-stop,90.0,5,3,2019,10,20,5,3,2019,11,50
Jet Airways,Delhi,Cochin,non-stop,195.0,6,6,2019,11,0,6,6,2019,14,15
Air Asia,Banglore,Delhi,non-stop,170.0,18,4,2019,4,55,18,4,2019,7,45
Air India,Delhi,Cochin,non-stop,180.0,24,4,2019,14,10,24,4,2019,17,10
IndiGo,Banglore,Delhi,non-stop,175.0,4,12,2019,18,55,4,12,2019,21,50
Multiple carriers,Delhi,Cochin,1 stop,435.0,6,1,2019,18,15,6,2,2019,1,30
Jet Airways,Kolkata,Banglore,1 stop,1730.0,18,5,2019,9,35,19,5,2019,14,25
Jet Airways,Banglore,Delhi,non-stop,180.0,6,12,2019,17,45,6,12,2019,20,45
IndiGo,Banglore,Delhi,non-stop,170.0,21,3,2019,16,55,21,3,2019,19,45
Multiple carriers,Delhi,Cochin,1 stop,465.0,3,1,2019,14,35,3,1,2019,22,20
IndiGo,Chennai,Kolkata,non-stop,140.0,21,3,2019,7,55,21,3,2019,10,15
IndiGo,Banglore,Delhi,non-stop,165.0,4,1,2019,1,30,4,1,2019,4,15
IndiGo,Kolkata,Banglore,non-stop,155.0,15,3,2019,15,20,15,3,2019,17,55
Multiple carriers,Delhi,Cochin,1 stop,845.0,27,5,2019,4,55,27,5,2019,19,0
Multiple carriers,Delhi,Cochin,1 stop,665.0,21,3,2019,2,15,21,3,2019,13,20
Jet Airways,Kolkata,Banglore,1 stop,330.0,4,1,2019,6,30,4,1,2019,12,0
Jet Airways,Kolkata,Banglore,1 stop,1025.0,24,5,2019,18,55,25,5,2019,12,0
IndiGo,Delhi,Cochin,1 stop,575.0,6,9,2019,11,25,6,9,2019,21,0
Jet Airways,Delhi,Cochin,1 stop,745.0,6,6,2019,16,0,6,7,2019,4,25
IndiGo,Banglore,Delhi,non-stop,170.0,4,1,2019,4,0,4,1,2019,6,50
Air India,Kolkata,Banglore,2 stops,1170.0,5,6,2019,9,10,5,7,2019,4,40
Multiple carriers,Delhi,Cochin,1 stop,640.0,6,6,2019,10,20,6,6,2019,21,0
SpiceJet,Kolkata,Banglore,non-stop,145.0,4,1,2019,9,0,4,1,2019,11,25
SpiceJet,Banglore,Delhi,non-stop,160.0,24,4,2019,5,55,24,4,2019,8,35
Multiple carriers,Delhi,Cochin,1 stop,765.0,6,6,2019,9,45,6,6,2019,22,30
Jet Airways,Delhi,Cochin,2 stops,1375.0,27,5,2019,5,30,28,5,2019,4,25
Jet Airways,Delhi,Cochin,1 stop,360.0,27,5,2019,13,0,27,5,2019,19,0
Air India,Delhi,Cochin,2 stops,1275.0,15,5,2019,22,0,16,5,2019,19,15
Jet Airways,Delhi,Cochin,non-stop,195.0,5,12,2019,11,0,5,12,2019,14,15
Jet Airways,Banglore,Delhi,non-stop,180.0,15,5,2019,19,50,15,5,2019,22,50
Jet Airways,Kolkata,Banglore,1 stop,960.0,6,6,2019,20,0,6,7,2019,12,0
Air Asia,Delhi,Cochin,1 stop,865.0,18,5,2019,16,45,19,5,2019,7,10
Jet Airways,Kolkata,Banglore,1 stop,510.0,5,12,2019,14,5,5,12,2019,22,35
Air India,Delhi,Cochin,2 stops,500.0,6,3,2019,10,55,6,3,2019,19,15
Vistara,Banglore,Delhi,non-stop,155.0,6,6,2019,17,0,6,6,2019,19,35
Jet Airways,Delhi,Cochin,2 stops,995.0,6,12,2019,20,0,13,6,2019,12,35
IndiGo,Mumbai,Hyderabad,non-stop,90.0,15,5,2019,12,0,15,5,2019,13,30
Jet Airways,Banglore,Delhi,1 stop,1365.0,3,6,2019,8,55,3,7,2019,7,40
SpiceJet,Kolkata,Banglore,non-stop,160.0,24,3,2019,6,55,24,3,2019,9,35
Jet Airways,Kolkata,Banglore,1 stop,730.0,18,5,2019,16,30,19,5,2019,4,40
Vistara,Chennai,Kolkata,non-stop,135.0,6,1,2019,7,5,6,1,2019,9,20
Air India,Mumbai,Hyderabad,non-stop,80.0,3,6,2019,21,5,3,6,2019,22,25
IndiGo,Delhi,Cochin,1 stop,320.0,5,9,2019,17,5,5,9,2019,22,25
Air India,Delhi,Cochin,1 stop,615.0,6,6,2019,9,0,6,6,2019,19,15
Air India,Delhi,Cochin,2 stops,1420.0,21,5,2019,9,45,22,5,2019,9,25
Jet Airways,Delhi,Cochin,2 stops,1125.0,5,9,2019,9,40,5,10,2019,4,25
Air India,Kolkata,Banglore,1 stop,1515.0,18,5,2019,12,0,19,5,2019,13,15
Multiple carriers,Delhi,Cochin,1 stop,930.0,15,6,2019,10,0,16,6,2019,1,30
Jet Airways,Banglore,Delhi,non-stop,185.0,5,1,2019,18,55,5,1,2019,22,0
IndiGo,Kolkata,Banglore,1 stop,280.0,18,5,2019,17,35,18,5,2019,22,15
IndiGo,Chennai,Kolkata,non-stop,140.0,27,6,2019,14,45,27,6,2019,17,5
Vistara,Kolkata,Banglore,1 stop,1595.0,4,1,2019,20,20,4,2,2019,22,55
IndiGo,Delhi,Cochin,1 stop,415.0,24,5,2019,18,35,25,5,2019,1,30
Jet Airways,Delhi,Cochin,2 stops,1375.0,24,6,2019,5,30,25,6,2019,4,25
Air Asia,Delhi,Cochin,1 stop,330.0,6,9,2019,7,55,6,9,2019,13,25
Jet Airways,Delhi,Cochin,2 stops,505.0,21,5,2019,20,0,22,5,2019,4,25
SpiceJet,Delhi,Cochin,1 stop,270.0,5,9,2019,8,45,5,9,2019,13,15
Air India,Delhi,Cochin,2 stops,1380.0,24,6,2019,20,15,25,6,2019,19,15
IndiGo,Banglore,Delhi,1 stop,300.0,3,1,2019,19,35,3,2,2019,0,35
Jet Airways,Delhi,Cochin,1 stop,1210.0,6,3,2019,22,50,6,4,2019,19,0
IndiGo,Banglore,Delhi,non-stop,180.0,5,3,2019,21,15,5,4,2019,0,15
IndiGo,Mumbai,Hyderabad,non-stop,95.0,21,5,2019,20,5,21,5,2019,21,40
IndiGo,Banglore,Delhi,non-stop,165.0,3,9,2019,0,40,3,9,2019,3,25
Multiple carriers,Delhi,Cochin,1 stop,640.0,21,3,2019,10,20,21,3,2019,21,0
Jet Airways,Delhi,Cochin,2 stops,880.0,3,9,2019,13,45,3,10,2019,4,25
Air India,Kolkata,Banglore,2 stops,1780.0,5,6,2019,9,25,5,7,2019,15,5
GoAir,Kolkata,Banglore,1 stop,455.0,5,1,2019,16,40,5,2,2019,0,15
Jet Airways,Kolkata,Banglore,1 stop,365.0,5,1,2019,16,30,5,1,2019,22,35
Jet Airways,Mumbai,Hyderabad,non-stop,90.0,15,3,2019,15,50,15,3,2019,17,20
Jet Airways,Kolkata,Banglore,1 stop,590.0,6,6,2019,8,25,6,6,2019,18,15
IndiGo,Kolkata,Banglore,1 stop,250.0,15,4,2019,6,20,15,4,2019,10,30
SpiceJet,Kolkata,Banglore,non-stop,140.0,6,9,2019,22,20,6,10,2019,0,40
Air India,Delhi,Cochin,non-stop,185.0,24,4,2019,18,5,24,4,2019,21,10
IndiGo,Delhi,Cochin,1 stop,560.0,6,3,2019,6,50,6,3,2019,16,10
SpiceJet,Kolkata,Banglore,non-stop,150.0,15,4,2019,17,10,15,4,2019,19,40
Vistara,Kolkata,Banglore,1 stop,1625.0,6,12,2019,20,20,13,6,2019,23,25
Air Asia,Kolkata,Banglore,non-stop,150.0,27,4,2019,22,50,28,4,2019,1,20
IndiGo,Delhi,Cochin,1 stop,300.0,24,4,2019,16,0,24,4,2019,21,0
IndiGo,Kolkata,Banglore,non-stop,165.0,21,3,2019,9,35,21,3,2019,12,20
SpiceJet,Kolkata,Banglore,1 stop,435.0,5,6,2019,11,15,5,6,2019,18,30
IndiGo,Delhi,Cochin,1 stop,455.0,15,5,2019,8,35,15,5,2019,16,10
Multiple carriers,Delhi,Cochin,2 stops,625.0,5,9,2019,15,5,5,10,2019,1,30
Jet Airways,Delhi,Cochin,2 stops,1090.0,6,1,2019,18,25,6,2,2019,12,35
IndiGo,Banglore,Delhi,non-stop,175.0,3,1,2019,18,25,3,1,2019,21,20
Multiple carriers,Delhi,Cochin,1 stop,465.0,6,3,2019,17,45,6,4,2019,1,30
IndiGo,Delhi,Cochin,1 stop,965.0,6,1,2019,4,55,6,1,2019,21,0
Air India,Banglore,Delhi,non-stop,170.0,18,5,2019,13,20,18,5,2019,16,10
Jet Airways,Delhi,Cochin,1 stop,800.0,27,3,2019,15,5,28,3,2019,4,25
Jet Airways,Delhi,Cochin,1 stop,1105.0,6,1,2019,10,0,6,2,2019,4,25
Jet Airways,Kolkata,Banglore,1 stop,965.0,24,3,2019,6,30,24,3,2019,22,35
Jet Airways,Kolkata,Banglore,1 stop,1295.0,18,5,2019,20,25,19,5,2019,18,0
Vistara,Banglore,Delhi,non-stop,160.0,3,3,2019,19,40,3,3,2019,22,20
IndiGo,Mumbai,Hyderabad,non-stop,90.0,6,6,2019,12,0,6,6,2019,13,30
IndiGo,Chennai,Kolkata,non-stop,145.0,6,6,2019,11,35,6,6,2019,14,0
Air India,Kolkata,Banglore,2 stops,1385.0,6,12,2019,9,50,13,6,2019,8,55
Jet Airways,Delhi,Cochin,1 stop,1570.0,3,3,2019,2,15,3,4,2019,4,25
Air India,Kolkata,Banglore,2 stops,1195.0,6,9,2019,12,0,6,10,2019,7,55
Air India,Delhi,Cochin,2 stops,500.0,27,5,2019,10,55,27,5,2019,19,15
Air Asia,Banglore,Delhi,non-stop,170.0,5,3,2019,4,55,5,3,2019,7,45
SpiceJet,Banglore,Delhi,non-stop,175.0,21,6,2019,21,10,22,6,2019,0,5
IndiGo,Mumbai,Hyderabad,non-stop,95.0,5,9,2019,20,5,5,9,2019,21,40
Multiple carriers,Delhi,Cochin,1 stop,510.0,21,5,2019,17,0,22,5,2019,1,30
Jet Airways,Kolkata,Banglore,1 stop,475.0,6,12,2019,8,25,6,12,2019,16,20
Air India,Banglore,Delhi,non-stop,165.0,24,3,2019,17,0,24,3,2019,19,45
IndiGo,Delhi,Cochin,1 stop,275.0,6,1,2019,7,35,6,1,2019,12,10
Multiple carriers,Delhi,Cochin,1 stop,555.0,15,5,2019,10,0,15,5,2019,19,15
Multiple carriers,Delhi,Cochin,1 stop,385.0,4,9,2019,12,50,4,9,2019,19,15
Jet Airways,Banglore,Delhi,non-stop,175.0,15,4,2019,11,10,15,4,2019,14,5
Air India,Mumbai,Hyderabad,non-stop,75.0,27,3,2019,19,30,27,3,2019,20,45
Air Asia,Kolkata,Banglore,non-stop,150.0,18,6,2019,22,50,19,6,2019,1,20
IndiGo,Delhi,Cochin,1 stop,455.0,3,3,2019,8,35,3,3,2019,16,10
IndiGo,Banglore,Delhi,non-stop,165.0,27,4,2019,6,5,27,4,2019,8,50
Jet Airways,Delhi,Cochin,1 stop,1525.0,3,9,2019,17,25,3,10,2019,18,50
IndiGo,Kolkata,Banglore,1 stop,295.0,18,5,2019,9,20,18,5,2019,14,15
IndiGo,Banglore,Delhi,non-stop,180.0,3,1,2019,8,30,3,1,2019,11,30
Jet Airways,Banglore,Delhi,1 stop,570.0,15,3,2019,8,55,15,3,2019,18,25
SpiceJet,Kolkata,Banglore,non-stop,145.0,15,6,2019,9,0,15,6,2019,11,25
IndiGo,Chennai,Kolkata,non-stop,145.0,6,9,2019,11,35,6,9,2019,14,0
SpiceJet,Banglore,Delhi,non-stop,170.0,4,9,2019,9,30,4,9,2019,12,20
Air India,Delhi,Cochin,2 stops,1380.0,6,3,2019,20,15,6,4,2019,19,15
Jet Airways,Banglore,Delhi,1 stop,920.0,3,1,2019,16,55,3,2,2019,8,15
Multiple carriers,Delhi,Cochin,1 stop,585.0,6,3,2019,9,15,6,3,2019,19,0
Jet Airways,Banglore,Delhi,non-stop,180.0,27,6,2019,8,20,27,6,2019,11,20
Air India,Kolkata,Banglore,1 stop,1515.0,5,12,2019,12,0,13,5,2019,13,15
Vistara,Banglore,Delhi,non-stop,165.0,21,3,2019,9,50,21,3,2019,12,35
SpiceJet,Kolkata,Banglore,non-stop,150.0,27,4,2019,14,55,27,4,2019,17,25
Air India,Mumbai,Hyderabad,non-stop,80.0,6,6,2019,6,20,6,6,2019,7,40
Jet Airways,Kolkata,Banglore,1 stop,1610.0,21,5,2019,6,30,22,5,2019,9,20
Multiple carriers,Delhi,Cochin,2 stops,495.0,3,3,2019,13,5,3,3,2019,21,20
GoAir,Delhi,Cochin,1 stop,355.0,4,6,2019,7,0,4,6,2019,12,55
Jet Airways,Banglore,Delhi,non-stop,185.0,5,9,2019,18,55,5,9,2019,22,0
IndiGo,Delhi,Cochin,1 stop,575.0,3,9,2019,16,0,3,10,2019,1,35
SpiceJet,Kolkata,Banglore,1 stop,315.0,6,6,2019,15,5,6,6,2019,20,20
Jet Airways,Banglore,Delhi,1 stop,950.0,3,1,2019,8,55,3,2,2019,0,45
Jet Airways,Delhi,Cochin,2 stops,535.0,6,1,2019,19,30,6,2,2019,4,25
Jet Airways,Kolkata,Banglore,1 stop,345.0,5,12,2019,14,5,5,12,2019,19,50
Jet Airways,Banglore,Delhi,1 stop,375.0,3,1,2019,22,50,3,2,2019,5,5
Air India,Delhi,Cochin,1 stop,925.0,24,6,2019,3,50,24,6,2019,19,15
IndiGo,Kolkata,Banglore,non-stop,150.0,5,6,2019,15,15,5,6,2019,17,45
Air India,Mumbai,Hyderabad,non-stop,75.0,3,6,2019,19,30,3,6,2019,20,45
Jet Airways,Kolkata,Banglore,1 stop,435.0,5,1,2019,10,20,5,1,2019,17,35
Air India,Mumbai,Hyderabad,non-stop,90.0,4,3,2019,13,55,4,3,2019,15,25
Vistara,Kolkata,Banglore,1 stop,1555.0,6,12,2019,7,10,13,6,2019,9,5
Jet Airways,Delhi,Cochin,1 stop,1570.0,6,3,2019,2,15,6,4,2019,4,25
IndiGo,Kolkata,Banglore,1 stop,220.0,6,6,2019,19,35,6,6,2019,23,15
Jet Airways,Kolkata,Banglore,1 stop,1285.0,5,1,2019,17,0,5,2,2019,14,25
IndiGo,Kolkata,Banglore,non-stop,155.0,5,12,2019,4,40,5,12,2019,7,15
IndiGo,Banglore,Delhi,non-stop,170.0,21,4,2019,4,0,21,4,2019,6,50
Jet Airways,Delhi,Cochin,1 stop,1570.0,3,9,2019,2,15,3,10,2019,4,25
Multiple carriers,Delhi,Cochin,1 stop,455.0,15,5,2019,14,55,15,5,2019,22,30
Multiple carriers,Delhi,Cochin,1 stop,765.0,27,5,2019,9,45,27,5,2019,22,30
Air India,Kolkata,Banglore,1 stop,1100.0,6,6,2019,16,50,6,7,2019,11,10
Jet Airways,Delhi,Cochin,2 stops,1430.0,5,9,2019,19,10,5,10,2019,19,0
IndiGo,Banglore,Delhi,non-stop,175.0,24,3,2019,18,25,24,3,2019,21,20
SpiceJet,Delhi,Cochin,1 stop,315.0,4,1,2019,6,5,4,1,2019,11,20
Jet Airways,Delhi,Cochin,2 stops,1090.0,6,3,2019,18,25,6,4,2019,12,35
SpiceJet,Kolkata,Banglore,non-stop,160.0,27,3,2019,6,55,27,3,2019,9,35
IndiGo,Kolkata,Banglore,non-stop,155.0,15,6,2019,17,15,15,6,2019,19,50
Air India,Delhi,Cochin,1 stop,1640.0,15,6,2019,6,5,16,6,2019,9,25
Jet Airways,Kolkata,Banglore,1 stop,685.0,24,5,2019,8,25,24,5,2019,19,50
IndiGo,Chennai,Kolkata,non-stop,140.0,3,3,2019,19,35,3,3,2019,21,55
IndiGo,Kolkata,Banglore,non-stop,150.0,6,9,2019,14,25,6,9,2019,16,55
IndiGo,Banglore,Delhi,non-stop,175.0,3,3,2019,18,25,3,3,2019,21,20
Air Asia,Kolkata,Banglore,1 stop,220.0,6,12,2019,6,50,6,12,2019,10,30
Multiple carriers,Delhi,Cochin,1 stop,725.0,27,3,2019,8,55,27,3,2019,21,0
IndiGo,Banglore,Delhi,1 stop,300.0,21,3,2019,19,35,22,3,2019,0,35
SpiceJet,Banglore,Delhi,non-stop,170.0,24,3,2019,5,45,24,3,2019,8,35
SpiceJet,Banglore,Delhi,non-stop,170.0,24,3,2019,5,45,24,3,2019,8,35
Jet Airways,Delhi,Cochin,1 stop,655.0,6,3,2019,17,30,6,4,2019,4,25
SpiceJet,Chennai,Kolkata,non-stop,135.0,6,3,2019,8,20,6,3,2019,10,35
IndiGo,Delhi,Cochin,1 stop,895.0,15,5,2019,10,35,16,5,2019,1,30
IndiGo,Delhi,Cochin,1 stop,665.0,24,6,2019,5,5,24,6,2019,16,10
Air India,Banglore,Delhi,1 stop,920.0,3,1,2019,22,0,3,2,2019,13,20
IndiGo,Kolkata,Banglore,non-stop,155.0,5,9,2019,22,15,5,10,2019,0,50
Multiple carriers,Delhi,Cochin,1 stop,520.0,6,12,2019,10,20,6,12,2019,19,0
IndiGo,Kolkata,Banglore,1 stop,290.0,24,5,2019,8,10,24,5,2019,13,0
Jet Airways,Delhi,Cochin,2 stops,810.0,21,5,2019,23,5,22,5,2019,12,35
IndiGo,Delhi,Cochin,1 stop,845.0,4,9,2019,11,25,4,10,2019,1,30
Jet Airways,Kolkata,Banglore,1 stop,1690.0,5,9,2019,14,5,5,10,2019,18,15
Jet Airways,Delhi,Cochin,2 stops,1025.0,27,5,2019,19,30,28,5,2019,12,35
Jet Airways,Banglore,Delhi,non-stop,185.0,5,3,2019,18,55,5,3,2019,22,0
IndiGo,Banglore,Delhi,non-stop,170.0,6,1,2019,10,10,6,1,2019,13,0
Air India,Kolkata,Banglore,2 stops,1100.0,24,5,2019,7,0,25,5,2019,1,20
Jet Airways,Banglore,Delhi,non-stop,185.0,4,3,2019,18,55,4,3,2019,22,0
Jet Airways,Kolkata,Banglore,1 stop,685.0,6,12,2019,8,25,6,12,2019,19,50
Air India,Kolkata,Banglore,non-stop,150.0,3,9,2019,14,15,3,9,2019,16,45
Air India,Delhi,Cochin,2 stops,1560.0,21,5,2019,17,15,22,5,2019,19,15
Multiple carriers,Delhi,Cochin,1 stop,925.0,5,9,2019,7,5,5,9,2019,22,30
Multiple carriers,Delhi,Cochin,1 stop,570.0,15,6,2019,16,0,16,6,2019,1,30
Jet Airways,Kolkata,Banglore,1 stop,575.0,21,5,2019,9,35,21,5,2019,19,10
Multiple carriers,Delhi,Cochin,1 stop,720.0,15,6,2019,9,0,15,6,2019,21,0
SpiceJet,Banglore,Delhi,non-stop,170.0,27,5,2019,9,30,27,5,2019,12,20
Air India,Kolkata,Banglore,1 stop,745.0,5,12,2019,9,25,5,12,2019,21,50
Vistara,Kolkata,Banglore,1 stop,790.0,24,5,2019,7,10,24,5,2019,20,20
Multiple carriers,Delhi,Cochin,1 stop,720.0,6,9,2019,9,0,6,9,2019,21,0
Air Asia,Banglore,Delhi,non-stop,165.0,24,4,2019,11,10,24,4,2019,13,55
GoAir,Kolkata,Banglore,1 stop,470.0,24,3,2019,6,35,24,3,2019,14,25
IndiGo,Banglore,Delhi,non-stop,175.0,27,4,2019,7,10,27,4,2019,10,5
Jet Airways,Mumbai,Hyderabad,non-stop,90.0,18,3,2019,19,35,18,3,2019,21,5
Jet Airways,Banglore,Delhi,non-stop,185.0,4,9,2019,18,55,4,9,2019,22,0
Jet Airways,Banglore,Delhi,1 stop,860.0,3,12,2019,7,0,3,12,2019,21,20
IndiGo,Delhi,Cochin,1 stop,320.0,6,1,2019,17,5,6,1,2019,22,25
IndiGo,Mumbai,Hyderabad,non-stop,90.0,21,6,2019,19,5,21,6,2019,20,35
Jet Airways,Delhi,Cochin,2 stops,1300.0,6,1,2019,6,45,6,2,2019,4,25
Jet Airways,Kolkata,Banglore,1 stop,520.0,24,5,2019,20,0,25,5,2019,4,40
SpiceJet,Mumbai,Hyderabad,non-stop,80.0,24,3,2019,5,45,24,3,2019,7,5
IndiGo,Kolkata,Banglore,1 stop,290.0,18,5,2019,8,10,18,5,2019,13,0
Jet Airways,Delhi,Cochin,1 stop,550.0,21,5,2019,19,15,22,5,2019,4,25
Jet Airways,Kolkata,Banglore,1 stop,775.0,24,5,2019,21,10,25,5,2019,10,5
Multiple carriers,Delhi,Cochin,1 stop,645.0,6,6,2019,8,30,6,6,2019,19,15
Multiple carriers,Delhi,Cochin,1 stop,450.0,21,3,2019,8,0,21,3,2019,15,30
Jet Airways,Banglore,Delhi,non-stop,180.0,5,9,2019,19,50,5,9,2019,22,50
IndiGo,Delhi,Cochin,1 stop,635.0,3,3,2019,15,0,3,4,2019,1,35
Jet Airways,Kolkata,Banglore,1 stop,1655.0,4,1,2019,20,0,4,2,2019,23,35
Air Asia,Banglore,Delhi,non-stop,165.0,3,3,2019,23,25,3,4,2019,2,10
Air India,Delhi,Cochin,2 stops,1560.0,6,9,2019,17,15,6,10,2019,19,15
Jet Airways,Delhi,Cochin,2 stops,1000.0,15,6,2019,11,45,16,6,2019,4,25
Jet Airways,Delhi,Cochin,1 stop,1225.0,27,3,2019,8,0,28,3,2019,4,25
Jet Airways,Kolkata,Banglore,1 stop,425.0,15,5,2019,16,30,15,5,2019,23,35
Jet Airways,Kolkata,Banglore,1 stop,1610.0,24,5,2019,6,30,25,5,2019,9,20
Jet Airways,Banglore,Delhi,non-stop,185.0,6,12,2019,18,55,6,12,2019,22,0
Air India,Kolkata,Banglore,1 stop,965.0,21,5,2019,19,0,22,5,2019,11,5
Multiple carriers,Delhi,Cochin,1 stop,765.0,3,6,2019,12,50,3,7,2019,1,35
Air India,Delhi,Cochin,2 stops,1420.0,6,12,2019,9,45,13,6,2019,9,25
Multiple carriers,Delhi,Cochin,1 stop,750.0,18,5,2019,13,0,19,5,2019,1,30
Multiple carriers,Delhi,Cochin,1 stop,570.0,6,12,2019,11,30,6,12,2019,21,0
Jet Airways,Kolkata,Banglore,1 stop,1025.0,6,12,2019,18,55,13,6,2019,12,0
Jet Airways,Delhi,Cochin,1 stop,655.0,27,3,2019,17,30,28,3,2019,4,25
Air India,Delhi,Cochin,1 stop,1255.0,5,9,2019,12,30,5,10,2019,9,25
Air India,Delhi,Cochin,2 stops,1410.0,27,3,2019,19,45,28,3,2019,19,15
IndiGo,Kolkata,Banglore,non-stop,160.0,6,9,2019,21,25,6,10,2019,0,5
Air India,Delhi,Cochin,1 stop,375.0,6,12,2019,13,0,6,12,2019,19,15
Jet Airways,Kolkata,Banglore,1 stop,330.0,21,5,2019,6,30,21,5,2019,12,0
Multiple carriers,Delhi,Cochin,1 stop,645.0,5,9,2019,8,30,5,9,2019,19,15
Jet Airways,Kolkata,Banglore,1 stop,1170.0,24,5,2019,16,30,25,5,2019,12,0
Jet Airways,Banglore,Delhi,non-stop,180.0,27,6,2019,7,10,27,6,2019,10,10
IndiGo,Mumbai,Hyderabad,non-stop,95.0,6,3,2019,20,5,6,3,2019,21,40
Air India,Mumbai,Hyderabad,2 stops,795.0,3,12,2019,1,35,3,12,2019,14,50
Multiple carriers,Delhi,Cochin,1 stop,615.0,21,5,2019,8,45,21,5,2019,19,0
Jet Airways,Delhi,Cochin,2 stops,830.0,6,1,2019,14,35,6,2,2019,4,25
GoAir,Kolkata,Banglore,1 stop,455.0,15,5,2019,16,40,16,5,2019,0,15
Air India,Delhi,Cochin,2 stops,435.0,3,6,2019,12,0,3,6,2019,19,15
Multiple carriers,Delhi,Cochin,1 stop,515.0,21,3,2019,17,0,22,3,2019,1,35
Multiple carriers,Delhi,Cochin,1 stop,795.0,15,5,2019,6,0,15,5,2019,19,15
Jet Airways,Delhi,Cochin,2 stops,1950.0,21,3,2019,10,20,22,3,2019,18,50
IndiGo,Delhi,Cochin,1 stop,625.0,15,5,2019,10,35,15,5,2019,21,0
Vistara,Kolkata,Banglore,1 stop,385.0,6,12,2019,17,0,6,12,2019,23,25
Jet Airways,Kolkata,Banglore,1 stop,1220.0,6,12,2019,20,0,13,6,2019,16,20
Air India,Delhi,Cochin,2 stops,1410.0,6,1,2019,19,45,6,2,2019,19,15
Air India,Delhi,Cochin,2 stops,1730.0,6,9,2019,14,25,6,10,2019,19,15
Air India,Delhi,Cochin,2 stops,1275.0,24,5,2019,22,0,25,5,2019,19,15
Multiple carriers,Delhi,Cochin,1 stop,505.0,27,3,2019,7,5,27,3,2019,15,30
Jet Airways,Kolkata,Banglore,1 stop,1495.0,18,5,2019,18,55,19,5,2019,19,50
IndiGo,Chennai,Kolkata,non-stop,140.0,3,6,2019,5,15,3,6,2019,7,35
Air India,Delhi,Cochin,2 stops,1275.0,3,9,2019,22,0,3,10,2019,19,15
Multiple carriers,Delhi,Cochin,1 stop,640.0,3,6,2019,10,20,3,6,2019,21,0
Vistara,Banglore,Delhi,non-stop,160.0,24,3,2019,7,0,24,3,2019,9,40
Jet Airways,Kolkata,Banglore,1 stop,510.0,18,5,2019,14,5,18,5,2019,22,35
Air India,Delhi,Cochin,2 stops,1275.0,18,5,2019,22,0,19,5,2019,19,15
Jet Airways,Delhi,Cochin,1 stop,805.0,21,3,2019,15,0,22,3,2019,4,25
Air India,Delhi,Cochin,non-stop,180.0,5,9,2019,14,10,5,9,2019,17,10
IndiGo,Kolkata,Banglore,non-stop,165.0,6,6,2019,20,25,6,6,2019,23,10
Air India,Banglore,Delhi,1 stop,1730.0,18,3,2019,13,50,19,3,2019,18,40
IndiGo,Delhi,Cochin,1 stop,560.0,6,6,2019,6,50,6,6,2019,16,10
SpiceJet,Kolkata,Banglore,non-stop,155.0,4,1,2019,6,55,4,1,2019,9,30
Multiple carriers,Delhi,Cochin,1 stop,455.0,5,9,2019,14,55,5,9,2019,22,30
Jet Airways,Delhi,Cochin,1 stop,395.0,3,9,2019,21,50,3,10,2019,4,25
Jet Airways,Banglore,Delhi,non-stop,180.0,27,5,2019,8,20,27,5,2019,11,20
IndiGo,Delhi,Cochin,1 stop,615.0,27,3,2019,10,45,27,3,2019,21,0
SpiceJet,Banglore,Delhi,non-stop,160.0,21,6,2019,5,55,21,6,2019,8,35
Multiple carriers,Delhi,Cochin,1 stop,860.0,27,6,2019,4,55,27,6,2019,19,15
Multiple carriers,Delhi,Cochin,1 stop,660.0,27,5,2019,10,0,27,5,2019,21,0
Jet Airways,Kolkata,Banglore,1 stop,775.0,5,12,2019,21,10,13,5,2019,10,5
Jet Airways,Delhi,Cochin,2 stops,2245.0,27,3,2019,6,20,28,3,2019,19,45
Jet Airways,Delhi,Cochin,1 stop,1210.0,21,5,2019,22,50,22,5,2019,19,0
Vistara,Delhi,Cochin,non-stop,190.0,27,3,2019,6,0,27,3,2019,9,10
IndiGo,Mumbai,Hyderabad,non-stop,85.0,27,3,2019,6,20,27,3,2019,7,45
Jet Airways,Kolkata,Banglore,1 stop,845.0,5,6,2019,20,0,5,7,2019,10,5
Jet Airways,Banglore,Delhi,1 stop,1455.0,3,12,2019,18,55,13,3,2019,19,10
Multiple carriers,Delhi,Cochin,1 stop,610.0,6,12,2019,8,50,6,12,2019,19,0
Jet Airways,Delhi,Cochin,1 stop,335.0,6,1,2019,22,50,6,2,2019,4,25
Jet Airways,Banglore,Delhi,non-stop,175.0,4,1,2019,11,10,4,1,2019,14,5
IndiGo,Mumbai,Hyderabad,non-stop,90.0,18,5,2019,19,5,18,5,2019,20,35
Air India,Kolkata,Banglore,2 stops,1830.0,18,5,2019,12,0,19,5,2019,18,30
Jet Airways,Banglore,Delhi,1 stop,280.0,3,12,2019,9,45,3,12,2019,14,25
SpiceJet,Delhi,Cochin,1 stop,315.0,6,3,2019,6,5,6,3,2019,11,20
IndiGo,Delhi,Cochin,1 stop,705.0,15,6,2019,9,15,15,6,2019,21,0
Jet Airways,Delhi,Cochin,1 stop,1415.0,6,12,2019,13,0,13,6,2019,12,35
Jet Airways,Kolkata,Banglore,1 stop,1210.0,24,3,2019,13,55,25,3,2019,10,5
IndiGo,Delhi,Cochin,1 stop,845.0,5,9,2019,11,25,5,10,2019,1,30
Jet Airways,Kolkata,Banglore,1 stop,365.0,6,6,2019,16,30,6,6,2019,22,35
IndiGo,Banglore,Delhi,non-stop,170.0,24,6,2019,8,30,24,6,2019,11,20
IndiGo,Delhi,Cochin,non-stop,195.0,27,3,2019,5,35,27,3,2019,8,50
Air India,Mumbai,Hyderabad,non-stop,80.0,4,3,2019,21,5,4,3,2019,22,25
SpiceJet,Mumbai,Hyderabad,non-stop,90.0,5,12,2019,13,15,5,12,2019,14,45
Jet Airways,Delhi,Cochin,1 stop,1010.0,15,6,2019,19,45,16,6,2019,12,35
Jet Airways,Kolkata,Banglore,1 stop,730.0,6,6,2019,16,30,6,7,2019,4,40
Jet Airways,Kolkata,Banglore,1 stop,435.0,6,6,2019,10,20,6,6,2019,17,35
Air India,Delhi,Cochin,non-stop,180.0,21,3,2019,14,10,21,3,2019,17,10
Jet Airways,Mumbai,Hyderabad,non-stop,90.0,27,5,2019,10,20,27,5,2019,11,50
IndiGo,Chennai,Kolkata,non-stop,140.0,15,6,2019,13,15,15,6,2019,15,35
Jet Airways,Delhi,Cochin,1 stop,1385.0,21,3,2019,19,45,22,3,2019,18,50
Vistara,Delhi,Cochin,non-stop,190.0,27,5,2019,6,0,27,5,2019,9,10
Air Asia,Delhi,Cochin,1 stop,330.0,24,6,2019,7,55,24,6,2019,13,25
IndiGo,Banglore,Delhi,non-stop,175.0,6,12,2019,18,55,6,12,2019,21,50
SpiceJet,Delhi,Cochin,1 stop,295.0,21,5,2019,17,55,21,5,2019,22,50
Jet Airways,Delhi,Cochin,2 stops,535.0,6,1,2019,19,30,6,2,2019,4,25
Multiple carriers,Delhi,Cochin,1 stop,750.0,15,6,2019,13,0,16,6,2019,1,30
Jet Airways,Delhi,Cochin,2 stops,1760.0,18,5,2019,23,5,20,5,2019,4,25
Air Asia,Banglore,Delhi,non-stop,165.0,21,6,2019,11,10,21,6,2019,13,55
Jet Airways,Kolkata,Banglore,1 stop,520.0,5,12,2019,20,0,13,5,2019,4,40
Jet Airways,Banglore,Delhi,non-stop,175.0,6,1,2019,15,15,6,1,2019,18,10
Multiple carriers,Delhi,Cochin,1 stop,660.0,3,3,2019,10,0,3,3,2019,21,0
IndiGo,Mumbai,Hyderabad,non-stop,90.0,3,3,2019,16,55,3,3,2019,18,25
IndiGo,Delhi,Cochin,1 stop,285.0,21,3,2019,10,45,21,3,2019,15,30
Multiple carriers,Delhi,Cochin,1 stop,720.0,18,5,2019,9,0,18,5,2019,21,0
Vistara,Banglore,Delhi,non-stop,170.0,4,1,2019,11,30,4,1,2019,14,20
SpiceJet,Mumbai,Hyderabad,non-stop,90.0,15,6,2019,13,15,15,6,2019,14,45
Air Asia,Kolkata,Banglore,1 stop,955.0,6,9,2019,7,35,6,9,2019,23,30
IndiGo,Kolkata,Banglore,non-stop,155.0,21,6,2019,17,15,21,6,2019,19,50
Jet Airways,Kolkata,Banglore,1 stop,1145.0,24,3,2019,16,55,25,3,2019,12,0
Jet Airways,Delhi,Cochin,2 stops,440.0,6,3,2019,11,40,6,3,2019,19,0
Air India,Kolkata,Banglore,1 stop,1545.0,5,12,2019,9,25,13,5,2019,11,10
Vistara,Chennai,Kolkata,non-stop,140.0,6,9,2019,17,45,6,9,2019,20,5
Jet Airways,Kolkata,Banglore,1 stop,1080.0,21,5,2019,20,25,22,5,2019,14,25
Jet Airways,Delhi,Cochin,2 stops,1060.0,3,9,2019,10,45,3,10,2019,4,25
SpiceJet,Banglore,Delhi,non-stop,175.0,18,4,2019,21,10,19,4,2019,0,5
Jet Airways,Kolkata,Banglore,1 stop,425.0,6,9,2019,16,30,6,9,2019,23,35
IndiGo,Banglore,Delhi,non-stop,180.0,4,6,2019,16,55,4,6,2019,19,55
Vistara,Kolkata,Banglore,1 stop,1065.0,5,12,2019,17,0,13,5,2019,10,45
Air India,Kolkata,Banglore,1 stop,805.0,5,9,2019,7,0,5,9,2019,20,25
Jet Airways,Delhi,Cochin,1 stop,1355.0,6,1,2019,14,0,6,2,2019,12,35
Jet Airways,Kolkata,Banglore,1 stop,1330.0,6,9,2019,6,30,6,10,2019,4,40
IndiGo,Banglore,Delhi,non-stop,175.0,15,5,2019,7,10,15,5,2019,10,5
Air India,Mumbai,Hyderabad,1 stop,795.0,3,12,2019,5,55,3,12,2019,19,10
Air India,Delhi,Cochin,2 stops,1470.0,27,6,2019,18,45,28,6,2019,19,15
Multiple carriers,Delhi,Cochin,1 stop,720.0,21,3,2019,9,0,21,3,2019,21,0
IndiGo,Banglore,Delhi,non-stop,170.0,24,5,2019,13,0,24,5,2019,15,50
Jet Airways,Kolkata,Banglore,1 stop,365.0,6,9,2019,16,30,6,9,2019,22,35
Jet Airways,Banglore,Delhi,non-stop,175.0,6,1,2019,15,15,6,1,2019,18,10
Air India,Mumbai,Hyderabad,non-stop,75.0,5,1,2019,19,30,5,1,2019,20,45
Jet Airways,Banglore,Delhi,1 stop,580.0,3,1,2019,11,40,3,1,2019,21,20
Jet Airways,Delhi,Cochin,2 stops,1620.0,6,1,2019,9,35,6,2,2019,12,35
Jet Airways,Banglore,Delhi,non-stop,185.0,21,4,2019,18,55,21,4,2019,22,0
Air India,Banglore,Delhi,non-stop,170.0,5,3,2019,21,5,5,3,2019,23,55
Jet Airways,Delhi,Cochin,2 stops,1140.0,6,6,2019,9,25,6,7,2019,4,25
Jet Airways,Delhi,Cochin,2 stops,1490.0,6,9,2019,11,45,6,10,2019,12,35
SpiceJet,Kolkata,Banglore,non-stop,150.0,15,5,2019,17,10,15,5,2019,19,40
Jet Airways,Banglore,Delhi,non-stop,165.0,27,4,2019,6,0,27,4,2019,8,45
IndiGo,Mumbai,Hyderabad,non-stop,90.0,5,1,2019,9,10,5,1,2019,10,40
IndiGo,Banglore,Delhi,non-stop,170.0,4,6,2019,23,30,4,7,2019,2,20
Jet Airways,Kolkata,Banglore,1 stop,975.0,24,3,2019,19,45,25,3,2019,12,0
Multiple carriers,Delhi,Cochin,1 stop,395.0,21,5,2019,6,0,21,5,2019,12,35
IndiGo,Kolkata,Banglore,non-stop,160.0,21,6,2019,21,25,22,6,2019,0,5
SpiceJet,Kolkata,Banglore,non-stop,140.0,4,6,2019,22,20,4,7,2019,0,40
Multiple carriers,Delhi,Cochin,1 stop,510.0,3,3,2019,7,0,3,3,2019,15,30
Vistara,Banglore,Delhi,non-stop,160.0,24,3,2019,7,0,24,3,2019,9,40
Multiple carriers Premium economy,Delhi,Cochin,1 stop,620.0,21,3,2019,8,55,21,3,2019,19,15
Jet Airways,Kolkata,Banglore,1 stop,575.0,6,12,2019,9,35,6,12,2019,19,10
Jet Airways,Kolkata,Banglore,1 stop,800.0,6,9,2019,18,55,6,10,2019,8,15
Air India,Mumbai,Hyderabad,2 stops,560.0,3,6,2019,5,30,3,6,2019,14,50
Jet Airways,Banglore,Delhi,1 stop,570.0,18,3,2019,8,55,18,3,2019,18,25
IndiGo,Delhi,Cochin,1 stop,305.0,24,6,2019,20,25,25,6,2019,1,30
Jet Airways,Kolkata,Banglore,1 stop,1495.0,5,12,2019,8,25,13,5,2019,9,20
SpiceJet,Kolkata,Banglore,non-stop,140.0,27,3,2019,22,20,28,3,2019,0,40
Multiple carriers,Delhi,Cochin,1 stop,460.0,6,9,2019,3,50,6,9,2019,11,30
Jet Airways,Kolkata,Banglore,1 stop,1545.0,5,9,2019,16,30,5,10,2019,18,15
Jet Airways,Kolkata,Banglore,1 stop,505.0,5,6,2019,9,35,5,6,2019,18,0
Air India,Banglore,Delhi,1 stop,1265.0,21,3,2019,11,50,22,3,2019,8,55
SpiceJet,Mumbai,Hyderabad,non-stop,85.0,3,9,2019,22,45,3,10,2019,0,10
Jet Airways,Delhi,Cochin,2 stops,1620.0,6,3,2019,9,35,6,4,2019,12,35
Air India,Delhi,Cochin,2 stops,1545.0,3,6,2019,5,55,3,7,2019,7,40
Vistara,Banglore,Delhi,non-stop,165.0,3,3,2019,9,50,3,3,2019,12,35
IndiGo,Mumbai,Hyderabad,non-stop,90.0,4,3,2019,12,0,4,3,2019,13,30
Jet Airways,Delhi,Cochin,1 stop,1530.0,6,6,2019,17,30,6,7,2019,19,0
Jet Airways,Delhi,Cochin,1 stop,745.0,24,6,2019,16,0,25,6,2019,4,25
Jet Airways,Delhi,Cochin,2 stops,1025.0,5,9,2019,19,30,5,10,2019,12,35
Jet Airways,Delhi,Cochin,1 stop,1620.0,6,6,2019,16,0,6,7,2019,19,0
Air India,Kolkata,Banglore,2 stops,805.0,6,6,2019,9,50,6,6,2019,23,15
Multiple carriers,Delhi,Cochin,1 stop,630.0,21,5,2019,8,45,21,5,2019,19,15
Jet Airways,Banglore,Delhi,non-stop,160.0,24,3,2019,19,55,24,3,2019,22,35
SpiceJet,Delhi,Cochin,1 stop,310.0,3,9,2019,6,10,3,9,2019,11,20
Multiple carriers,Delhi,Cochin,1 stop,390.0,6,3,2019,19,0,6,4,2019,1,30
Jet Airways,Kolkata,Banglore,1 stop,660.0,24,3,2019,21,10,25,3,2019,8,10
Jet Airways,Delhi,Cochin,2 stops,1620.0,21,5,2019,9,35,22,5,2019,12,35
IndiGo,Kolkata,Banglore,1 stop,335.0,6,6,2019,10,30,6,6,2019,16,5
Multiple carriers,Delhi,Cochin,1 stop,630.0,5,9,2019,8,30,5,9,2019,19,0
IndiGo,Kolkata,Banglore,non-stop,165.0,3,1,2019,22,10,3,2,2019,0,55
IndiGo,Banglore,Delhi,non-stop,175.0,5,3,2019,7,10,5,3,2019,10,5
Air Asia,Kolkata,Banglore,non-stop,155.0,18,4,2019,10,20,18,4,2019,12,55
Vistara,Banglore,Delhi,non-stop,170.0,27,6,2019,9,45,27,6,2019,12,35
Jet Airways,Delhi,Cochin,1 stop,1395.0,5,9,2019,19,45,5,10,2019,19,0
Air Asia,Kolkata,Banglore,1 stop,720.0,15,5,2019,22,40,16,5,2019,10,40
IndiGo,Kolkata,Banglore,non-stop,155.0,27,4,2019,15,30,27,4,2019,18,5
Jet Airways,Kolkata,Banglore,1 stop,1415.0,15,5,2019,21,10,16,5,2019,20,45
GoAir,Delhi,Cochin,1 stop,370.0,15,6,2019,7,25,15,6,2019,13,35
Jet Airways,Kolkata,Banglore,1 stop,1170.0,5,12,2019,16,30,13,5,2019,12,0
Jet Airways,Delhi,Cochin,1 stop,995.0,21,3,2019,2,15,21,3,2019,18,50
Jet Airways,Banglore,Delhi,1 stop,1585.0,3,9,2019,8,0,13,3,2019,10,25
Multiple carriers,Delhi,Cochin,1 stop,750.0,27,5,2019,13,0,28,5,2019,1,30
Air Asia,Delhi,Cochin,1 stop,340.0,6,3,2019,16,45,6,3,2019,22,25
GoAir,Banglore,Delhi,non-stop,175.0,24,3,2019,7,45,24,3,2019,10,40
Jet Airways,Delhi,Cochin,1 stop,330.0,27,6,2019,7,5,27,6,2019,12,35
Air India,Delhi,Cochin,1 stop,760.0,6,3,2019,19,0,6,4,2019,7,40
IndiGo,Delhi,Cochin,non-stop,195.0,5,12,2019,14,25,5,12,2019,17,40
Jet Airways,Kolkata,Banglore,1 stop,425.0,6,12,2019,16,30,6,12,2019,23,35
Jet Airways,Banglore,Delhi,1 stop,375.0,21,3,2019,14,5,21,3,2019,20,20
Jet Airways,Mumbai,Hyderabad,non-stop,90.0,27,6,2019,10,20,27,6,2019,11,50
IndiGo,Kolkata,Banglore,non-stop,150.0,6,9,2019,15,15,6,9,2019,17,45
Multiple carriers,Delhi,Cochin,1 stop,630.0,27,5,2019,15,0,28,5,2019,1,30
Air Asia,Kolkata,Banglore,1 stop,720.0,5,9,2019,22,40,5,10,2019,10,40
Multiple carriers,Delhi,Cochin,1 stop,640.0,3,9,2019,2,15,3,9,2019,12,55
SpiceJet,Kolkata,Banglore,1 stop,315.0,6,12,2019,15,5,6,12,2019,20,20
SpiceJet,Chennai,Kolkata,non-stop,135.0,27,6,2019,9,45,27,6,2019,12,0
Multiple carriers,Delhi,Cochin,1 stop,890.0,3,6,2019,4,0,3,6,2019,18,50
Air India,Delhi,Cochin,2 stops,1275.0,21,5,2019,22,0,22,5,2019,19,15
Air India,Kolkata,Banglore,1 stop,795.0,5,12,2019,10,0,5,12,2019,23,15
IndiGo,Delhi,Cochin,1 stop,860.0,5,9,2019,6,40,5,9,2019,21,0
Jet Airways,Kolkata,Banglore,1 stop,1170.0,15,5,2019,16,30,16,5,2019,12,0
Air Asia,Banglore,Delhi,non-stop,170.0,4,12,2019,4,55,4,12,2019,7,45
SpiceJet,Delhi,Cochin,1 stop,270.0,21,5,2019,8,45,21,5,2019,13,15
SpiceJet,Banglore,Delhi,non-stop,175.0,4,3,2019,21,10,4,4,2019,0,5
IndiGo,Mumbai,Hyderabad,non-stop,85.0,27,3,2019,12,0,27,3,2019,13,25
Multiple carriers,Delhi,Cochin,1 stop,630.0,24,6,2019,15,0,25,6,2019,1,30
Jet Airways,Kolkata,Banglore,1 stop,1315.0,6,12,2019,14,5,13,6,2019,12,0
IndiGo,Delhi,Cochin,1 stop,810.0,24,6,2019,7,30,24,6,2019,21,0
Jet Airways,Kolkata,Banglore,1 stop,570.0,5,6,2019,14,5,5,6,2019,23,35
Jet Airways,Kolkata,Banglore,1 stop,890.0,5,12,2019,21,10,13,5,2019,12,0
SpiceJet,Banglore,Delhi,non-stop,170.0,18,3,2019,20,30,18,3,2019,23,20
Air India,Kolkata,Banglore,2 stops,875.0,6,12,2019,5,50,6,12,2019,20,25
Air India,Kolkata,Banglore,2 stops,1390.0,4,1,2019,12,0,4,2,2019,11,10
Multiple carriers,Delhi,Cochin,1 stop,735.0,18,5,2019,8,45,18,5,2019,21,0
IndiGo,Delhi,Cochin,1 stop,810.0,6,12,2019,7,30,6,12,2019,21,0
Air India,Kolkata,Banglore,2 stops,1255.0,6,9,2019,16,50,6,10,2019,13,45
Air India,Kolkata,Banglore,2 stops,1620.0,24,3,2019,7,0,25,3,2019,10,0
Jet Airways,Kolkata,Banglore,1 stop,850.0,24,3,2019,8,25,24,3,2019,22,35
Jet Airways,Mumbai,Hyderabad,non-stop,90.0,21,5,2019,19,35,21,5,2019,21,5
Air Asia,Kolkata,Banglore,non-stop,155.0,24,5,2019,10,20,24,5,2019,12,55
Jet Airways,Kolkata,Banglore,1 stop,690.0,6,9,2019,9,35,6,9,2019,21,5
Air India,Chennai,Kolkata,non-stop,135.0,15,6,2019,11,40,15,6,2019,13,55
Jet Airways,Kolkata,Banglore,1 stop,1730.0,15,5,2019,9,35,16,5,2019,14,25
IndiGo,Delhi,Cochin,1 stop,515.0,24,6,2019,7,35,24,6,2019,16,10
IndiGo,Kolkata,Banglore,non-stop,165.0,18,3,2019,22,10,19,3,2019,0,55
IndiGo,Banglore,Delhi,non-stop,170.0,6,1,2019,0,25,6,1,2019,3,15
Air India,Delhi,Cochin,2 stops,1420.0,15,6,2019,9,45,16,6,2019,9,25
Air Asia,Delhi,Cochin,1 stop,470.0,6,3,2019,7,55,6,3,2019,15,45
Air India,Banglore,Delhi,1 stop,785.0,3,9,2019,22,0,13,3,2019,11,5
Air India,Banglore,Delhi,1 stop,1520.0,3,9,2019,22,0,13,3,2019,23,20
IndiGo,Delhi,Cochin,1 stop,810.0,27,6,2019,7,30,27,6,2019,21,0
Jet Airways,Banglore,Delhi,1 stop,845.0,21,3,2019,8,55,21,3,2019,23,0
Jet Airways,Banglore,Delhi,non-stop,180.0,4,6,2019,8,20,4,6,2019,11,20
IndiGo,Mumbai,Hyderabad,non-stop,90.0,5,9,2019,12,0,5,9,2019,13,30
Jet Airways,Delhi,Cochin,2 stops,810.0,27,6,2019,23,5,28,6,2019,12,35
IndiGo,Banglore,Delhi,non-stop,170.0,15,4,2019,20,0,15,4,2019,22,50
IndiGo,Delhi,Cochin,1 stop,635.0,18,5,2019,11,55,18,5,2019,22,30
SpiceJet,Chennai,Kolkata,non-stop,135.0,5,6,2019,8,20,5,6,2019,10,35
Air India,Mumbai,Hyderabad,non-stop,90.0,24,5,2019,13,55,24,5,2019,15,25
IndiGo,Kolkata,Banglore,non-stop,170.0,3,9,2019,5,30,3,9,2019,8,20
Jet Airways,Delhi,Cochin,1 stop,1040.0,18,5,2019,19,15,19,5,2019,12,35
Air India,Banglore,Delhi,non-stop,165.0,4,3,2019,17,0,4,3,2019,19,45
SpiceJet,Kolkata,Banglore,non-stop,140.0,6,6,2019,22,20,6,7,2019,0,40
Air India,Kolkata,Banglore,2 stops,1195.0,5,12,2019,12,0,13,5,2019,7,55
Air India,Kolkata,Banglore,1 stop,1440.0,4,9,2019,14,35,4,10,2019,14,35
Jet Airways,Kolkata,Banglore,1 stop,700.0,24,3,2019,6,30,24,3,2019,18,10
Jet Airways,Banglore,Delhi,non-stop,175.0,18,5,2019,11,10,18,5,2019,14,5
Jet Airways,Kolkata,Banglore,1 stop,1550.0,6,12,2019,18,55,13,6,2019,20,45
IndiGo,Delhi,Cochin,1 stop,625.0,24,6,2019,10,35,24,6,2019,21,0
IndiGo,Kolkata,Banglore,non-stop,155.0,27,6,2019,22,15,28,6,2019,0,50
Jet Airways,Kolkata,Banglore,1 stop,570.0,5,9,2019,14,5,5,9,2019,23,35
Jet Airways,Delhi,Cochin,1 stop,520.0,3,9,2019,19,45,3,10,2019,4,25
IndiGo,Banglore,Delhi,non-stop,175.0,18,4,2019,18,25,18,4,2019,21,20
Jet Airways,Delhi,Cochin,1 stop,610.0,27,3,2019,18,15,28,3,2019,4,25
Air India,Kolkata,Banglore,2 stops,1810.0,5,6,2019,5,50,5,7,2019,12,0
Multiple carriers,Delhi,Cochin,1 stop,835.0,6,12,2019,7,5,6,12,2019,21,0
IndiGo,Banglore,Delhi,non-stop,175.0,21,4,2019,18,55,21,4,2019,21,50
IndiGo,Kolkata,Banglore,non-stop,160.0,3,3,2019,20,25,3,3,2019,23,5
Multiple carriers,Delhi,Cochin,1 stop,840.0,3,3,2019,7,0,3,3,2019,21,0
SpiceJet,Kolkata,Banglore,non-stop,155.0,6,1,2019,6,55,6,1,2019,9,30
Jet Airways,Kolkata,Banglore,1 stop,685.0,24,5,2019,8,25,24,5,2019,19,50
Jet Airways,Delhi,Cochin,1 stop,1425.0,5,9,2019,19,15,5,10,2019,19,0
Multiple carriers,Delhi,Cochin,1 stop,930.0,18,5,2019,10,0,19,5,2019,1,30
Multiple carriers,Delhi,Cochin,1 stop,450.0,6,1,2019,18,0,6,2,2019,1,30
IndiGo,Delhi,Cochin,1 stop,570.0,24,6,2019,16,0,25,6,2019,1,30
Air India,Banglore,Delhi,2 stops,1580.0,3,3,2019,8,50,3,7,2019,11,10
IndiGo,Chennai,Kolkata,non-stop,140.0,18,6,2019,13,15,18,6,2019,15,35
Air India,Delhi,Cochin,2 stops,1105.0,24,6,2019,13,15,25,6,2019,7,40
Jet Airways,Mumbai,Hyderabad,non-stop,85.0,5,12,2019,2,55,5,12,2019,4,20
IndiGo,Delhi,Cochin,1 stop,515.0,18,5,2019,7,35,18,5,2019,16,10
Jet Airways,Mumbai,Hyderabad,non-stop,85.0,5,6,2019,2,55,5,6,2019,4,20
Air Asia,Delhi,Cochin,1 stop,340.0,27,4,2019,16,45,27,4,2019,22,25
Jet Airways,Kolkata,Banglore,1 stop,425.0,6,6,2019,16,30,6,6,2019,23,35
Jet Airways,Banglore,Delhi,1 stop,950.0,3,12,2019,18,55,13,3,2019,10,45
Jet Airways,Delhi,Cochin,1 stop,825.0,6,1,2019,22,50,6,2,2019,12,35
Multiple carriers,Delhi,Cochin,1 stop,450.0,15,5,2019,18,0,16,5,2019,1,30
SpiceJet,Kolkata,Banglore,non-stop,140.0,4,1,2019,22,20,4,2,2019,0,40
Jet Airways,Kolkata,Banglore,1 stop,575.0,5,1,2019,9,35,5,1,2019,19,10
IndiGo,Banglore,Delhi,non-stop,180.0,15,4,2019,21,15,16,4,2019,0,15
Multiple carriers,Delhi,Cochin,1 stop,560.0,6,1,2019,11,40,6,1,2019,21,0
IndiGo,Delhi,Cochin,1 stop,295.0,6,3,2019,5,10,6,3,2019,10,5
Jet Airways,Kolkata,Banglore,1 stop,365.0,15,5,2019,16,30,15,5,2019,22,35
IndiGo,Banglore,Delhi,non-stop,165.0,6,3,2019,1,30,6,3,2019,4,15
SpiceJet,Banglore,Delhi,non-stop,160.0,18,6,2019,5,55,18,6,2019,8,35
Jet Airways,Delhi,Cochin,2 stops,1300.0,6,6,2019,6,45,6,7,2019,4,25
Jet Airways,Kolkata,Banglore,1 stop,1500.0,6,12,2019,17,0,13,6,2019,18,0
Jet Airways,Kolkata,Banglore,1 stop,330.0,5,12,2019,6,30,5,12,2019,12,0
Jet Airways,Delhi,Cochin,1 stop,1680.0,6,3,2019,15,0,6,4,2019,19,0
Jet Airways,Banglore,Delhi,non-stop,180.0,27,4,2019,7,10,27,4,2019,10,10
SpiceJet,Chennai,Kolkata,non-stop,135.0,5,1,2019,9,45,5,1,2019,12,0
SpiceJet,Mumbai,Hyderabad,non-stop,85.0,24,3,2019,22,45,25,3,2019,0,10
Air Asia,Kolkata,Banglore,2 stops,500.0,6,12,2019,15,10,6,12,2019,23,30
SpiceJet,Kolkata,Banglore,1 stop,315.0,4,3,2019,15,5,4,3,2019,20,20
IndiGo,Delhi,Cochin,1 stop,940.0,5,9,2019,6,50,5,9,2019,22,30
Multiple carriers,Delhi,Cochin,1 stop,860.0,18,5,2019,4,55,18,5,2019,19,15
SpiceJet,Banglore,Delhi,non-stop,170.0,24,3,2019,5,45,24,3,2019,8,35
Jet Airways,Banglore,Delhi,1 stop,1450.0,3,1,2019,22,50,3,2,2019,23,0
Multiple carriers,Delhi,Cochin,1 stop,385.0,24,6,2019,12,50,24,6,2019,19,15
SpiceJet,Delhi,Cochin,1 stop,310.0,3,6,2019,6,10,3,6,2019,11,20
SpiceJet,Banglore,Delhi,non-stop,175.0,6,1,2019,21,10,6,2,2019,0,5
Jet Airways,Delhi,Cochin,2 stops,505.0,18,5,2019,20,0,19,5,2019,4,25
Jet Airways,Delhi,Cochin,2 stops,810.0,24,6,2019,23,5,25,6,2019,12,35
Air India,Delhi,Cochin,non-stop,185.0,21,6,2019,18,5,21,6,2019,21,10
Jet Airways,Kolkata,Banglore,1 stop,800.0,6,9,2019,20,25,6,10,2019,9,45
IndiGo,Banglore,Delhi,non-stop,180.0,21,6,2019,16,55,21,6,2019,19,55
Air India,Kolkata,Banglore,2 stops,875.0,6,6,2019,5,50,6,6,2019,20,25
Multiple carriers,Delhi,Cochin,1 stop,595.0,3,6,2019,8,55,3,6,2019,18,50
Jet Airways,Kolkata,Banglore,1 stop,330.0,24,5,2019,6,30,24,5,2019,12,0
Air India,Kolkata,Banglore,2 stops,1320.0,21,5,2019,14,30,22,5,2019,12,30
Jet Airways,Banglore,Delhi,non-stop,180.0,4,1,2019,19,50,4,1,2019,22,50
IndiGo,Kolkata,Banglore,1 stop,240.0,6,9,2019,6,20,6,9,2019,10,20
IndiGo,Delhi,Cochin,1 stop,710.0,3,3,2019,9,10,3,3,2019,21,0
Jet Airways,Delhi,Cochin,2 stops,1060.0,3,9,2019,10,45,3,10,2019,4,25
Jet Airways,Banglore,Delhi,1 stop,850.0,3,12,2019,20,35,13,3,2019,10,45
Vistara,Banglore,Delhi,non-stop,160.0,6,12,2019,7,0,6,12,2019,9,40
Air India,Delhi,Cochin,1 stop,615.0,6,1,2019,9,0,6,1,2019,19,15
Air India,Delhi,Cochin,1 stop,1335.0,27,5,2019,21,0,28,5,2019,19,15
Jet Airways,Delhi,Cochin,2 stops,1045.0,18,5,2019,19,10,19,5,2019,12,35
IndiGo,Delhi,Cochin,1 stop,380.0,21,3,2019,9,10,21,3,2019,15,30
Jet Airways,Delhi,Cochin,2 stops,1480.0,27,6,2019,18,20,28,6,2019,19,0
Jet Airways,Banglore,Delhi,1 stop,1290.0,3,1,2019,22,50,3,2,2019,20,20
IndiGo,Banglore,Delhi,non-stop,170.0,5,3,2019,10,10,5,3,2019,13,0
Jet Airways,Kolkata,Banglore,1 stop,1540.0,5,6,2019,20,25,5,7,2019,22,5
IndiGo,Banglore,Delhi,non-stop,175.0,21,5,2019,18,25,21,5,2019,21,20
IndiGo,Delhi,Cochin,1 stop,320.0,24,4,2019,6,50,24,4,2019,12,10
Jet Airways,Delhi,Cochin,1 stop,550.0,27,3,2019,19,15,28,3,2019,4,25
IndiGo,Delhi,Cochin,1 stop,675.0,3,6,2019,4,55,3,6,2019,16,10
IndiGo,Mumbai,Hyderabad,non-stop,90.0,5,12,2019,16,55,5,12,2019,18,25
Jet Airways,Delhi,Cochin,2 stops,1380.0,27,6,2019,20,0,28,6,2019,19,0
IndiGo,Banglore,Delhi,non-stop,170.0,18,4,2019,4,0,18,4,2019,6,50
Jet Airways,Delhi,Cochin,2 stops,440.0,27,6,2019,11,40,27,6,2019,19,0
Air India,Delhi,Cochin,1 stop,1640.0,21,5,2019,6,5,22,5,2019,9,25
IndiGo,Banglore,Delhi,non-stop,180.0,18,5,2019,16,55,18,5,2019,19,55
IndiGo,Kolkata,Banglore,non-stop,155.0,6,6,2019,11,30,6,6,2019,14,5
Jet Airways,Kolkata,Banglore,1 stop,800.0,6,12,2019,20,25,13,6,2019,9,45
Air India,Kolkata,Banglore,2 stops,1700.0,5,9,2019,9,25,5,10,2019,13,45
Air Asia,Kolkata,Banglore,non-stop,150.0,6,6,2019,19,55,6,6,2019,22,25
Vistara,Kolkata,Banglore,1 stop,1550.0,21,5,2019,17,0,22,5,2019,18,50
Jet Airways,Banglore,Delhi,1 stop,1480.0,15,3,2019,7,0,16,3,2019,7,40
IndiGo,Mumbai,Hyderabad,non-stop,90.0,18,3,2019,9,10,18,3,2019,10,40
IndiGo,Chennai,Kolkata,non-stop,140.0,18,6,2019,14,45,18,6,2019,17,5
Jet Airways,Kolkata,Banglore,1 stop,1570.0,15,5,2019,17,0,16,5,2019,19,10
Multiple carriers,Delhi,Cochin,1 stop,480.0,21,5,2019,13,0,21,5,2019,21,0
IndiGo,Banglore,Delhi,1 stop,285.0,21,3,2019,5,25,21,3,2019,10,10
Air India,Kolkata,Banglore,1 stop,745.0,5,9,2019,20,30,5,10,2019,8,55
Air India,Banglore,Delhi,non-stop,170.0,15,5,2019,21,5,15,5,2019,23,55
Jet Airways,Delhi,Cochin,1 stop,1040.0,6,12,2019,19,15,13,6,2019,12,35
Jet Airways,Delhi,Cochin,2 stops,1125.0,6,6,2019,9,40,6,7,2019,4,25
Multiple carriers,Delhi,Cochin,2 stops,855.0,3,6,2019,7,5,3,6,2019,21,20
SpiceJet,Banglore,Delhi,non-stop,160.0,18,5,2019,5,55,18,5,2019,8,35
Jet Airways,Delhi,Cochin,1 stop,1570.0,3,9,2019,2,15,3,10,2019,4,25
GoAir,Banglore,Delhi,non-stop,175.0,3,9,2019,7,45,3,9,2019,10,40
IndiGo,Kolkata,Banglore,1 stop,290.0,15,4,2019,15,15,15,4,2019,20,5
IndiGo,Banglore,Delhi,non-stop,165.0,21,3,2019,1,30,21,3,2019,4,15
Vistara,Banglore,Delhi,non-stop,155.0,3,3,2019,16,0,3,3,2019,18,35
SpiceJet,Mumbai,Hyderabad,non-stop,90.0,6,6,2019,13,15,6,6,2019,14,45
Air India,Delhi,Cochin,1 stop,1255.0,6,12,2019,12,30,13,6,2019,9,25
Air India,Delhi,Cochin,2 stops,1595.0,6,1,2019,16,40,6,2,2019,19,15
Multiple carriers,Delhi,Cochin,1 stop,440.0,6,1,2019,11,40,6,1,2019,19,0
Multiple carriers,Delhi,Cochin,2 stops,460.0,18,5,2019,17,50,19,5,2019,1,30
Jet Airways,Kolkata,Banglore,1 stop,870.0,6,6,2019,20,25,6,7,2019,10,55
Jet Airways,Banglore,Delhi,1 stop,745.0,21,3,2019,8,55,21,3,2019,21,20
Jet Airways,Banglore,Delhi,non-stop,165.0,4,9,2019,6,0,4,9,2019,8,45
IndiGo,Banglore,Delhi,non-stop,170.0,6,9,2019,8,30,6,9,2019,11,20
Jet Airways,Mumbai,Hyderabad,non-stop,90.0,27,6,2019,19,35,27,6,2019,21,5
Air India,Banglore,Delhi,non-stop,165.0,24,6,2019,10,0,24,6,2019,12,45
Multiple carriers,Delhi,Cochin,1 stop,525.0,18,5,2019,3,50,18,5,2019,12,35
Jet Airways,Kolkata,Banglore,1 stop,1330.0,6,12,2019,6,30,13,6,2019,4,40
Multiple carriers,Delhi,Cochin,1 stop,465.0,27,5,2019,11,30,27,5,2019,19,15
Jet Airways,Kolkata,Banglore,1 stop,1295.0,5,6,2019,20,25,5,7,2019,18,0
Vistara,Kolkata,Banglore,1 stop,865.0,15,5,2019,20,20,16,5,2019,10,45
Air India,Banglore,Delhi,non-stop,170.0,3,1,2019,13,20,3,1,2019,16,10
IndiGo,Delhi,Cochin,1 stop,940.0,27,3,2019,6,40,27,3,2019,22,20
Jet Airways,Delhi,Cochin,1 stop,520.0,6,3,2019,19,45,6,4,2019,4,25
IndiGo,Mumbai,Hyderabad,non-stop,90.0,15,5,2019,21,20,15,5,2019,22,50
IndiGo,Delhi,Cochin,1 stop,810.0,4,9,2019,7,30,4,9,2019,21,0
Vistara,Delhi,Cochin,non-stop,190.0,6,3,2019,14,40,6,3,2019,17,50
Jet Airways,Kolkata,Banglore,1 stop,840.0,24,5,2019,9,35,24,5,2019,23,35
Air India,Delhi,Cochin,2 stops,1275.0,21,5,2019,22,0,22,5,2019,19,15
Vistara,Kolkata,Banglore,1 stop,1555.0,24,5,2019,7,10,25,5,2019,9,5
IndiGo,Kolkata,Banglore,1 stop,220.0,6,9,2019,19,35,6,9,2019,23,15
Jet Airways,Banglore,Delhi,non-stop,180.0,5,9,2019,19,50,5,9,2019,22,50
SpiceJet,Mumbai,Hyderabad,non-stop,90.0,4,1,2019,5,45,4,1,2019,7,15
Jet Airways,Delhi,Cochin,2 stops,1000.0,6,6,2019,11,45,6,7,2019,4,25
SpiceJet,Chennai,Kolkata,non-stop,135.0,5,1,2019,9,45,5,1,2019,12,0
SpiceJet,Kolkata,Banglore,non-stop,155.0,24,6,2019,6,55,24,6,2019,9,30
Multiple carriers,Delhi,Cochin,1 stop,385.0,21,3,2019,9,45,21,3,2019,16,10
Jet Airways,Banglore,Delhi,non-stop,180.0,5,3,2019,7,10,5,3,2019,10,10
Jet Airways,Delhi,Cochin,2 stops,1430.0,5,6,2019,19,10,5,7,2019,19,0
Jet Airways,Delhi,Cochin,1 stop,1655.0,6,3,2019,9,0,6,4,2019,12,35
Jet Airways,Kolkata,Banglore,1 stop,800.0,15,5,2019,20,25,16,5,2019,9,45
Air India,Delhi,Cochin,2 stops,1545.0,3,3,2019,5,55,3,4,2019,7,40
IndiGo,Delhi,Cochin,1 stop,295.0,24,6,2019,5,10,24,6,2019,10,5
Jet Airways,Mumbai,Hyderabad,non-stop,90.0,5,1,2019,19,35,5,1,2019,21,5
SpiceJet,Kolkata,Banglore,non-stop,155.0,18,4,2019,6,55,18,4,2019,9,30
Jet Airways,Kolkata,Banglore,1 stop,800.0,4,1,2019,6,30,4,1,2019,19,50
Air India,Banglore,Delhi,non-stop,170.0,5,9,2019,13,20,5,9,2019,16,10
Vistara,Banglore,Delhi,non-stop,155.0,24,3,2019,16,0,24,3,2019,18,35
Jet Airways,Delhi,Cochin,1 stop,450.0,24,6,2019,20,55,25,6,2019,4,25
SpiceJet,Kolkata,Banglore,non-stop,150.0,4,3,2019,17,10,4,3,2019,19,40
Jet Airways,Delhi,Cochin,1 stop,1530.0,15,6,2019,17,30,16,6,2019,19,0
Air India,Mumbai,Hyderabad,non-stop,75.0,3,1,2019,19,30,3,1,2019,20,45
SpiceJet,Chennai,Kolkata,non-stop,140.0,27,5,2019,17,45,27,5,2019,20,5
Jet Airways,Kolkata,Banglore,1 stop,800.0,5,6,2019,20,25,5,7,2019,9,45
Jet Airways,Banglore,Delhi,non-stop,175.0,15,4,2019,15,15,15,4,2019,18,10
Air India,Delhi,Cochin,1 stop,675.0,18,5,2019,8,0,18,5,2019,19,15
Jet Airways,Banglore,Delhi,1 stop,800.0,3,12,2019,18,55,13,3,2019,8,15
IndiGo,Delhi,Cochin,1 stop,940.0,27,5,2019,6,50,27,5,2019,22,30
Jet Airways,Kolkata,Banglore,1 stop,730.0,5,1,2019,16,30,5,2,2019,4,40
Jet Airways,Delhi,Cochin,1 stop,660.0,21,5,2019,8,0,21,5,2019,19,0
Air India,Banglore,Delhi,non-stop,170.0,18,4,2019,21,5,18,4,2019,23,55
Jet Airways,Banglore,Delhi,1 stop,520.0,18,3,2019,11,40,18,3,2019,20,20
Jet Airways,Delhi,Cochin,2 stops,1300.0,15,6,2019,6,45,16,6,2019,4,25
Vistara,Delhi,Cochin,non-stop,190.0,27,5,2019,14,40,27,5,2019,17,50
SpiceJet,Kolkata,Banglore,non-stop,145.0,6,3,2019,9,0,6,3,2019,11,25
Multiple carriers,Delhi,Cochin,1 stop,510.0,3,6,2019,10,20,3,6,2019,18,50
Air India,Kolkata,Banglore,2 stops,765.0,21,5,2019,16,50,22,5,2019,5,35
Air India,Delhi,Cochin,2 stops,1560.0,18,5,2019,17,15,19,5,2019,19,15
Jet Airways,Banglore,Delhi,1 stop,1400.0,3,6,2019,8,55,3,7,2019,8,15
IndiGo,Mumbai,Hyderabad,non-stop,90.0,18,5,2019,21,20,18,5,2019,22,50
IndiGo,Delhi,Cochin,1 stop,635.0,15,6,2019,11,55,15,6,2019,22,30
Air India,Kolkata,Banglore,2 stops,1620.0,5,6,2019,7,0,5,7,2019,10,0
Jet Airways,Kolkata,Banglore,1 stop,435.0,6,6,2019,10,20,6,6,2019,17,35
Air India,Banglore,Delhi,non-stop,170.0,6,9,2019,21,5,6,9,2019,23,55
IndiGo,Mumbai,Hyderabad,non-stop,90.0,21,5,2019,12,0,21,5,2019,13,30
Jet Airways,Kolkata,Banglore,1 stop,1075.0,5,1,2019,17,0,5,2,2019,10,55
Jet Airways,Kolkata,Banglore,1 stop,570.0,21,5,2019,14,5,21,5,2019,23,35
IndiGo,Delhi,Cochin,1 stop,315.0,6,1,2019,7,15,6,1,2019,12,30
Air India,Kolkata,Banglore,2 stops,1830.0,6,6,2019,12,0,6,7,2019,18,30
Air India,Kolkata,Banglore,2 stops,1390.0,5,6,2019,12,0,5,7,2019,11,10
GoAir,Banglore,Delhi,non-stop,170.0,24,5,2019,11,40,24,5,2019,14,30
Jet Airways,Kolkata,Banglore,1 stop,1640.0,4,1,2019,16,30,4,2,2019,19,50
Air India,Banglore,Delhi,non-stop,170.0,15,6,2019,13,20,15,6,2019,16,10
IndiGo,Kolkata,Banglore,1 stop,240.0,18,5,2019,6,20,18,5,2019,10,20
Jet Airways,Kolkata,Banglore,1 stop,1550.0,18,5,2019,18,55,19,5,2019,20,45
SpiceJet,Banglore,Delhi,non-stop,175.0,5,9,2019,21,10,5,10,2019,0,5
Jet Airways,Banglore,Delhi,1 stop,400.0,3,1,2019,5,45,3,1,2019,12,25
Jet Airways,Kolkata,Banglore,1 stop,945.0,5,9,2019,16,30,5,10,2019,8,15
IndiGo,Delhi,Cochin,1 stop,345.0,6,1,2019,2,0,6,1,2019,7,45
Jet Airways,Kolkata,Banglore,1 stop,1005.0,5,1,2019,17,0,5,2,2019,9,45
IndiGo,Kolkata,Banglore,non-stop,160.0,21,3,2019,17,15,21,3,2019,19,55
SpiceJet,Kolkata,Banglore,non-stop,140.0,15,3,2019,22,20,16,3,2019,0,40
SpiceJet,Mumbai,Hyderabad,non-stop,90.0,6,6,2019,22,45,6,7,2019,0,15
Multiple carriers,Delhi,Cochin,1 stop,795.0,6,3,2019,6,0,6,3,2019,19,15
Jet Airways,Banglore,Delhi,non-stop,175.0,5,1,2019,15,15,5,1,2019,18,10
Multiple carriers,Delhi,Cochin,1 stop,465.0,6,12,2019,17,45,13,6,2019,1,30
Multiple carriers,Delhi,Cochin,1 stop,540.0,5,9,2019,7,10,5,9,2019,16,10
IndiGo,Chennai,Kolkata,non-stop,140.0,6,9,2019,13,15,6,9,2019,15,35
Air India,Kolkata,Banglore,2 stops,1625.0,5,6,2019,5,50,5,7,2019,8,55
Multiple carriers,Delhi,Cochin,1 stop,570.0,27,5,2019,11,30,27,5,2019,21,0
Jet Airways,Delhi,Cochin,2 stops,1375.0,4,9,2019,5,30,4,10,2019,4,25
SpiceJet,Banglore,Delhi,non-stop,160.0,6,1,2019,5,55,6,1,2019,8,35
Air India,Kolkata,Banglore,2 stops,1840.0,6,6,2019,5,50,6,7,2019,12,30
Air Asia,Kolkata,Banglore,1 stop,220.0,5,1,2019,6,50,5,1,2019,10,30
Jet Airways,Delhi,Cochin,2 stops,1620.0,27,5,2019,9,35,28,5,2019,12,35
IndiGo,Delhi,Cochin,1 stop,325.0,4,6,2019,2,0,4,6,2019,7,25
Jet Airways,Banglore,Delhi,non-stop,175.0,5,9,2019,15,15,5,9,2019,18,10
SpiceJet,Mumbai,Hyderabad,non-stop,90.0,5,1,2019,13,15,5,1,2019,14,45
Jet Airways,Kolkata,Banglore,1 stop,1010.0,6,12,2019,16,30,13,6,2019,9,20
IndiGo,Delhi,Cochin,1 stop,290.0,6,9,2019,15,10,6,9,2019,20,0
Air India,Delhi,Cochin,2 stops,1560.0,21,3,2019,17,15,22,3,2019,19,15
Jet Airways,Banglore,Delhi,non-stop,185.0,4,6,2019,18,55,4,6,2019,22,0
Jet Airways,Kolkata,Banglore,1 stop,520.0,24,3,2019,13,55,24,3,2019,22,35
Multiple carriers,Delhi,Cochin,2 stops,630.0,3,6,2019,15,5,3,7,2019,1,35
Jet Airways,Banglore,Delhi,non-stop,180.0,21,6,2019,7,10,21,6,2019,10,10
Air India,Delhi,Cochin,1 stop,1255.0,3,6,2019,12,30,3,7,2019,9,25
Multiple carriers,Delhi,Cochin,1 stop,810.0,5,9,2019,7,30,5,9,2019,21,0
SpiceJet,Mumbai,Hyderabad,non-stop,90.0,18,5,2019,5,45,18,5,2019,7,15
Jet Airways,Delhi,Cochin,1 stop,1665.0,27,3,2019,16,0,28,3,2019,19,45
IndiGo,Delhi,Cochin,1 stop,860.0,6,3,2019,6,40,6,3,2019,21,0
Air India,Mumbai,Hyderabad,non-stop,75.0,18,6,2019,19,30,18,6,2019,20,45
Jet Airways,Banglore,Delhi,1 stop,1200.0,21,3,2019,11,40,22,3,2019,7,40
Jet Airways,Delhi,Cochin,2 stops,1760.0,5,1,2019,23,5,5,3,2019,4,25
SpiceJet,Kolkata,Banglore,non-stop,140.0,27,6,2019,22,20,28,6,2019,0,40
Air India,Delhi,Cochin,1 stop,375.0,6,6,2019,13,0,6,6,2019,19,15
Air India,Kolkata,Banglore,2 stops,2000.0,24,3,2019,13,55,25,3,2019,23,15
Multiple carriers,Delhi,Cochin,1 stop,835.0,21,5,2019,7,5,21,5,2019,21,0
Air India,Delhi,Cochin,1 stop,875.0,18,5,2019,17,40,19,5,2019,8,15
IndiGo,Delhi,Cochin,1 stop,305.0,27,6,2019,23,30,28,6,2019,4,35
Air India,Delhi,Cochin,1 stop,1590.0,3,6,2019,20,30,3,7,2019,23,0
Multiple carriers,Delhi,Cochin,2 stops,695.0,21,3,2019,9,45,21,3,2019,21,20
SpiceJet,Kolkata,Banglore,non-stop,150.0,5,3,2019,17,10,5,3,2019,19,40
IndiGo,Delhi,Cochin,1 stop,575.0,21,5,2019,8,35,21,5,2019,18,10
IndiGo,Banglore,Delhi,non-stop,170.0,4,9,2019,20,0,4,9,2019,22,50
Air Asia,Delhi,Cochin,1 stop,865.0,15,6,2019,16,45,16,6,2019,7,10
SpiceJet,Mumbai,Hyderabad,non-stop,85.0,27,3,2019,22,45,28,3,2019,0,10
Vistara,Kolkata,Banglore,1 stop,930.0,5,9,2019,7,10,5,9,2019,22,40
Multiple carriers,Delhi,Cochin,1 stop,440.0,4,9,2019,6,0,4,9,2019,13,20
IndiGo,Delhi,Cochin,1 stop,320.0,21,3,2019,6,40,21,3,2019,12,0
Air Asia,Kolkata,Banglore,1 stop,710.0,24,3,2019,7,35,24,3,2019,19,25
Jet Airways,Kolkata,Banglore,1 stop,345.0,6,9,2019,14,5,6,9,2019,19,50
Air Asia,Banglore,Delhi,non-stop,170.0,3,9,2019,5,50,3,9,2019,8,40
Air India,Delhi,Cochin,non-stop,170.0,21,5,2019,5,10,21,5,2019,8,0
SpiceJet,Mumbai,Hyderabad,non-stop,90.0,27,6,2019,13,15,27,6,2019,14,45
Multiple carriers,Delhi,Cochin,1 stop,600.0,27,5,2019,9,0,27,5,2019,19,0
IndiGo,Delhi,Cochin,1 stop,320.0,6,12,2019,17,5,6,12,2019,22,25
Multiple carriers,Delhi,Cochin,1 stop,420.0,21,3,2019,14,0,21,3,2019,21,0
IndiGo,Kolkata,Banglore,1 stop,325.0,18,5,2019,18,5,18,5,2019,23,30
IndiGo,Mumbai,Hyderabad,non-stop,90.0,15,6,2019,19,5,15,6,2019,20,35
Jet Airways,Delhi,Cochin,1 stop,1110.0,3,3,2019,9,55,3,4,2019,4,25
Jet Airways,Mumbai,Hyderabad,non-stop,85.0,6,9,2019,2,55,6,9,2019,4,20
Jet Airways,Banglore,Delhi,1 stop,315.0,15,3,2019,8,0,15,3,2019,13,15
Jet Airways,Delhi,Cochin,2 stops,1600.0,21,3,2019,16,10,22,3,2019,18,50
Jet Airways,Kolkata,Banglore,1 stop,1730.0,24,5,2019,9,35,25,5,2019,14,25
Jet Airways,Kolkata,Banglore,1 stop,570.0,5,12,2019,14,5,5,12,2019,23,35
Vistara,Kolkata,Banglore,1 stop,1550.0,6,9,2019,17,0,6,10,2019,18,50
Jet Airways,Banglore,Delhi,1 stop,450.0,21,3,2019,5,45,21,3,2019,13,15
Jet Airways,Kolkata,Banglore,1 stop,395.0,21,5,2019,17,0,21,5,2019,23,35
Multiple carriers,Delhi,Cochin,1 stop,930.0,27,6,2019,10,0,28,6,2019,1,30
Jet Airways,Kolkata,Banglore,1 stop,1080.0,15,5,2019,20,25,16,5,2019,14,25
IndiGo,Delhi,Cochin,1 stop,895.0,6,12,2019,10,35,13,6,2019,1,30
Jet Airways,Delhi,Cochin,non-stop,195.0,21,4,2019,11,0,21,4,2019,14,15
Multiple carriers,Delhi,Cochin,1 stop,545.0,6,3,2019,7,5,6,3,2019,16,10
Vistara,Kolkata,Banglore,1 stop,865.0,4,1,2019,20,20,4,2,2019,10,45
Multiple carriers,Delhi,Cochin,1 stop,835.0,27,6,2019,7,5,27,6,2019,21,0
Jet Airways,Delhi,Cochin,2 stops,1375.0,24,5,2019,5,30,25,5,2019,4,25
Jet Airways,Mumbai,Hyderabad,2 stops,500.0,3,12,2019,8,15,3,12,2019,16,35
Jet Airways,Kolkata,Banglore,1 stop,1450.0,6,9,2019,9,35,6,10,2019,9,45
IndiGo,Banglore,Delhi,1 stop,285.0,3,3,2019,5,25,3,3,2019,10,10
Air India,Delhi,Cochin,2 stops,1100.0,21,5,2019,13,20,22,5,2019,7,40
Air India,Mumbai,Hyderabad,non-stop,90.0,3,1,2019,13,55,3,1,2019,15,25
Air India,Kolkata,Banglore,1 stop,1185.0,5,12,2019,20,30,13,5,2019,16,15
GoAir,Delhi,Cochin,1 stop,355.0,6,9,2019,7,0,6,9,2019,12,55
Jet Airways,Kolkata,Banglore,1 stop,435.0,6,9,2019,10,20,6,9,2019,17,35
Jet Airways,Kolkata,Banglore,1 stop,800.0,24,5,2019,18,55,25,5,2019,8,15
SpiceJet,Chennai,Kolkata,non-stop,135.0,21,3,2019,8,20,21,3,2019,10,35
IndiGo,Banglore,Delhi,non-stop,175.0,24,3,2019,21,20,25,3,2019,0,15
Multiple carriers,Delhi,Cochin,1 stop,665.0,3,6,2019,2,15,3,6,2019,13,20
Jet Airways,Banglore,Delhi,non-stop,180.0,5,9,2019,17,45,5,9,2019,20,45
Air Asia,Banglore,Delhi,non-stop,170.0,3,3,2019,5,50,3,3,2019,8,40
Jet Airways,Delhi,Cochin,1 stop,1015.0,6,9,2019,11,30,6,10,2019,4,25
Jet Airways,Delhi,Cochin,1 stop,1040.0,6,1,2019,19,15,6,2,2019,12,35
Jet Airways,Banglore,Delhi,non-stop,180.0,4,3,2019,8,20,4,3,2019,11,20
GoAir,Banglore,Delhi,non-stop,175.0,3,3,2019,20,55,3,3,2019,23,50
IndiGo,Delhi,Cochin,1 stop,295.0,6,9,2019,5,10,6,9,2019,10,5
Multiple carriers,Delhi,Cochin,1 stop,630.0,15,5,2019,15,0,16,5,2019,1,30
Jet Airways,Delhi,Cochin,1 stop,925.0,3,6,2019,13,0,3,7,2019,4,25
Multiple carriers,Delhi,Cochin,1 stop,630.0,21,5,2019,15,0,22,5,2019,1,30
IndiGo,Banglore,Delhi,non-stop,175.0,4,6,2019,18,25,4,6,2019,21,20
SpiceJet,Kolkata,Banglore,non-stop,150.0,5,9,2019,17,10,5,9,2019,19,40
Multiple carriers,Delhi,Cochin,1 stop,735.0,27,6,2019,8,45,27,6,2019,21,0
IndiGo,Kolkata,Banglore,non-stop,150.0,27,5,2019,14,25,27,5,2019,16,55
SpiceJet,Kolkata,Banglore,non-stop,155.0,27,5,2019,6,55,27,5,2019,9,30
SpiceJet,Kolkata,Banglore,non-stop,145.0,5,3,2019,9,0,5,3,2019,11,25
GoAir,Banglore,Delhi,non-stop,175.0,15,3,2019,20,55,15,3,2019,23,50
Jet Airways,Delhi,Cochin,1 stop,1015.0,3,6,2019,11,30,3,7,2019,4,25
Multiple carriers,Delhi,Cochin,1 stop,630.0,15,6,2019,8,30,15,6,2019,19,0
Jet Airways,Kolkata,Banglore,1 stop,750.0,18,5,2019,5,45,18,5,2019,18,15
IndiGo,Delhi,Cochin,2 stops,985.0,21,3,2019,4,55,21,3,2019,21,20
Jet Airways,Delhi,Cochin,1 stop,1270.0,27,5,2019,21,50,28,5,2019,19,0
Multiple carriers,Delhi,Cochin,1 stop,420.0,5,9,2019,14,0,5,9,2019,21,0
SpiceJet,Banglore,Delhi,non-stop,160.0,6,6,2019,5,55,6,6,2019,8,35
Jet Airways,Banglore,Delhi,1 stop,530.0,15,3,2019,22,50,16,3,2019,7,40
Air India,Banglore,Delhi,non-stop,165.0,4,6,2019,6,10,4,6,2019,8,55
Air India,Delhi,Cochin,2 stops,800.0,21,5,2019,5,55,21,5,2019,19,15
IndiGo,Kolkata,Banglore,1 stop,270.0,24,3,2019,11,55,24,3,2019,16,25
Air India,Kolkata,Banglore,1 stop,965.0,15,5,2019,19,0,16,5,2019,11,5
IndiGo,Delhi,Cochin,1 stop,275.0,27,6,2019,7,35,27,6,2019,12,10
Multiple carriers,Delhi,Cochin,1 stop,600.0,18,5,2019,9,0,18,5,2019,19,0
Air India,Delhi,Cochin,2 stops,1595.0,24,6,2019,16,40,25,6,2019,19,15
Jet Airways,Kolkata,Banglore,1 stop,1450.0,6,6,2019,9,35,6,7,2019,9,45
SpiceJet,Banglore,Delhi,non-stop,170.0,6,9,2019,9,30,6,9,2019,12,20
IndiGo,Mumbai,Hyderabad,non-stop,95.0,6,12,2019,20,5,6,12,2019,21,40
Multiple carriers,Delhi,Cochin,1 stop,665.0,27,3,2019,9,55,27,3,2019,21,0
Multiple carriers,Delhi,Cochin,1 stop,795.0,6,6,2019,6,0,6,6,2019,19,15
Jet Airways,Delhi,Cochin,2 stops,1390.0,5,9,2019,13,25,5,10,2019,12,35
IndiGo,Chennai,Kolkata,non-stop,140.0,5,12,2019,22,5,13,5,2019,0,25
Multiple carriers,Delhi,Cochin,1 stop,540.0,6,3,2019,10,0,6,3,2019,19,0
Jet Airways,Delhi,Cochin,2 stops,970.0,15,6,2019,12,15,16,6,2019,4,25
IndiGo,Delhi,Cochin,1 stop,570.0,6,6,2019,16,0,6,7,2019,1,30
IndiGo,Mumbai,Hyderabad,non-stop,90.0,15,3,2019,9,10,15,3,2019,10,40
Multiple carriers,Delhi,Cochin,1 stop,420.0,21,5,2019,14,0,21,5,2019,21,0
Air India,Kolkata,Banglore,1 stop,1540.0,24,3,2019,16,50,25,3,2019,18,30
IndiGo,Kolkata,Banglore,1 stop,290.0,5,6,2019,15,15,5,6,2019,20,5
Air India,Banglore,Delhi,1 stop,510.0,15,3,2019,6,45,15,3,2019,15,15
Jet Airways,Delhi,Cochin,1 stop,600.0,6,12,2019,9,0,6,12,2019,19,0
Jet Airways,Banglore,Delhi,non-stop,175.0,21,5,2019,15,50,21,5,2019,18,45
Air India,Banglore,Delhi,3 stops,1620.0,3,1,2019,5,50,3,2,2019,8,50
Multiple carriers,Delhi,Cochin,1 stop,600.0,15,5,2019,9,15,15,5,2019,19,15
IndiGo,Delhi,Cochin,1 stop,300.0,18,5,2019,16,0,18,5,2019,21,0
SpiceJet,Chennai,Kolkata,non-stop,135.0,24,5,2019,8,20,24,5,2019,10,35
Jet Airways,Kolkata,Banglore,1 stop,1410.0,24,3,2019,21,10,25,3,2019,20,40
GoAir,Delhi,Cochin,1 stop,540.0,15,6,2019,10,35,15,6,2019,19,35
Air India,Delhi,Cochin,1 stop,675.0,15,5,2019,8,0,15,5,2019,19,15
Air India,Kolkata,Banglore,1 stop,1100.0,6,12,2019,16,50,13,6,2019,11,10
Air Asia,Delhi,Cochin,1 stop,865.0,21,5,2019,16,45,22,5,2019,7,10
SpiceJet,Kolkata,Banglore,non-stop,140.0,15,4,2019,22,20,16,4,2019,0,40
IndiGo,Chennai,Kolkata,non-stop,145.0,27,3,2019,14,40,27,3,2019,17,5
Air India,Delhi,Cochin,2 stops,2295.0,15,5,2019,5,0,16,5,2019,19,15
Multiple carriers,Delhi,Cochin,1 stop,690.0,27,6,2019,7,30,27,6,2019,19,0
Jet Airways,Banglore,Delhi,non-stop,175.0,27,4,2019,15,15,27,4,2019,18,10
IndiGo,Kolkata,Banglore,non-stop,165.0,27,3,2019,10,10,27,3,2019,12,55
Jet Airways,Kolkata,Banglore,1 stop,840.0,6,12,2019,9,35,6,12,2019,23,35
Air India,Delhi,Cochin,1 stop,1640.0,4,3,2019,6,5,4,4,2019,9,25
Jet Airways,Banglore,Delhi,1 stop,1005.0,21,3,2019,18,40,22,3,2019,11,25
Jet Airways,Kolkata,Banglore,1 stop,520.0,21,5,2019,20,0,22,5,2019,4,40
Jet Airways,Delhi,Cochin,1 stop,865.0,5,9,2019,14,0,5,10,2019,4,25
Jet Airways,Delhi,Cochin,2 stops,1375.0,18,5,2019,5,30,19,5,2019,4,25
Air India,Delhi,Cochin,3 stops,1585.0,15,6,2019,5,15,16,6,2019,7,40
GoAir,Banglore,Delhi,non-stop,165.0,4,9,2019,20,55,4,9,2019,23,40
Multiple carriers,Delhi,Cochin,1 stop,755.0,27,3,2019,13,0,28,3,2019,1,35
Air India,Delhi,Cochin,1 stop,615.0,27,5,2019,9,0,27,5,2019,19,15
IndiGo,Banglore,Delhi,non-stop,165.0,15,3,2019,1,30,15,3,2019,4,15
Jet Airways,Delhi,Cochin,1 stop,1105.0,27,5,2019,10,0,28,5,2019,4,25
IndiGo,Delhi,Cochin,non-stop,195.0,15,5,2019,21,5,16,5,2019,0,20
SpiceJet,Delhi,Cochin,1 stop,270.0,6,12,2019,8,45,6,12,2019,13,15
Vistara,Banglore,Delhi,non-stop,170.0,6,9,2019,11,30,6,9,2019,14,20
Jet Airways,Delhi,Cochin,1 stop,995.0,27,3,2019,2,15,27,3,2019,18,50
GoAir,Delhi,Cochin,1 stop,370.0,4,1,2019,7,25,4,1,2019,13,35
Air India,Kolkata,Banglore,non-stop,155.0,5,9,2019,20,45,5,9,2019,23,20
Jet Airways,Delhi,Cochin,2 stops,560.0,5,9,2019,9,40,5,9,2019,19,0
Multiple carriers,Delhi,Cochin,1 stop,780.0,6,1,2019,8,0,6,1,2019,21,0
GoAir,Delhi,Cochin,1 stop,310.0,6,12,2019,14,25,6,12,2019,19,35
Air Asia,Kolkata,Banglore,non-stop,150.0,3,12,2019,19,35,3,12,2019,22,5
Jet Airways,Delhi,Cochin,1 stop,1395.0,6,1,2019,19,45,6,2,2019,19,0
Air India,Kolkata,Banglore,1 stop,1185.0,24,3,2019,20,30,25,3,2019,16,15
IndiGo,Chennai,Kolkata,non-stop,140.0,5,6,2019,22,5,5,7,2019,0,25
SpiceJet,Chennai,Kolkata,non-stop,140.0,18,5,2019,17,45,18,5,2019,20,5
Air India,Kolkata,Banglore,2 stops,810.0,18,5,2019,8,20,18,5,2019,21,50
Jet Airways,Delhi,Cochin,1 stop,1620.0,6,6,2019,16,0,6,7,2019,19,0
IndiGo,Banglore,Delhi,non-stop,170.0,5,1,2019,4,0,5,1,2019,6,50
Jet Airways,Delhi,Cochin,2 stops,1615.0,5,9,2019,9,40,5,10,2019,12,35
Air India,Delhi,Cochin,1 stop,1335.0,6,1,2019,21,0,6,2,2019,19,15
Air Asia,Kolkata,Banglore,non-stop,155.0,6,1,2019,10,20,6,1,2019,12,55
IndiGo,Banglore,Delhi,non-stop,170.0,4,6,2019,20,0,4,6,2019,22,50
Jet Airways,Delhi,Cochin,1 stop,940.0,6,3,2019,20,55,6,4,2019,12,35
Jet Airways,Delhi,Cochin,2 stops,425.0,6,6,2019,5,30,6,6,2019,12,35
Jet Airways,Delhi,Cochin,1 stop,330.0,6,3,2019,7,5,6,3,2019,12,35
Jet Airways,Kolkata,Banglore,1 stop,435.0,21,5,2019,10,20,21,5,2019,17,35
Air India,Kolkata,Banglore,2 stops,1830.0,6,12,2019,12,0,13,6,2019,18,30
SpiceJet,Kolkata,Banglore,non-stop,150.0,18,6,2019,17,10,18,6,2019,19,40
Air India,Delhi,Cochin,2 stops,1820.0,15,6,2019,12,55,16,6,2019,19,15
Jet Airways,Kolkata,Banglore,1 stop,585.0,5,12,2019,18,55,13,5,2019,4,40
SpiceJet,Mumbai,Hyderabad,non-stop,90.0,24,5,2019,22,45,25,5,2019,0,15
Air India,Delhi,Cochin,2 stops,500.0,27,6,2019,10,55,27,6,2019,19,15
SpiceJet,Chennai,Kolkata,non-stop,140.0,3,12,2019,17,45,3,12,2019,20,5
IndiGo,Delhi,Cochin,1 stop,425.0,24,4,2019,5,5,24,4,2019,12,10
Jet Airways,Banglore,Delhi,1 stop,760.0,3,1,2019,5,45,3,1,2019,18,25
IndiGo,Kolkata,Banglore,1 stop,330.0,6,12,2019,7,10,6,12,2019,12,40
Air Asia,Kolkata,Banglore,2 stops,500.0,24,5,2019,15,10,24,5,2019,23,30
Multiple carriers,Delhi,Cochin,1 stop,625.0,21,3,2019,8,25,21,3,2019,18,50
Jet Airways,Delhi,Cochin,2 stops,2040.0,21,3,2019,18,25,23,3,2019,4,25
SpiceJet,Mumbai,Hyderabad,non-stop,90.0,5,9,2019,13,15,5,9,2019,14,45
Jet Airways,Kolkata,Banglore,1 stop,435.0,5,9,2019,10,20,5,9,2019,17,35
IndiGo,Delhi,Cochin,1 stop,265.0,27,3,2019,7,35,27,3,2019,12,0
Jet Airways,Delhi,Cochin,1 stop,660.0,6,12,2019,8,0,6,12,2019,19,0
IndiGo,Delhi,Cochin,1 stop,570.0,27,3,2019,11,30,27,3,2019,21,0
Multiple carriers,Delhi,Cochin,1 stop,765.0,18,5,2019,9,45,18,5,2019,22,30
SpiceJet,Kolkata,Banglore,non-stop,140.0,24,4,2019,22,20,25,4,2019,0,40
Jet Airways,Delhi,Cochin,1 stop,995.0,3,6,2019,2,15,3,6,2019,18,50
Air Asia,Banglore,Delhi,non-stop,170.0,4,12,2019,23,55,13,4,2019,2,45
Air Asia,Kolkata,Banglore,1 stop,215.0,24,3,2019,19,55,24,3,2019,23,30
Jet Airways,Banglore,Delhi,1 stop,1450.0,3,6,2019,22,50,3,7,2019,23,0
Air India,Kolkata,Banglore,1 stop,1615.0,15,5,2019,17,30,16,5,2019,20,25
Jet Airways,Delhi,Cochin,1 stop,550.0,6,9,2019,19,15,6,10,2019,4,25
Jet Airways,Delhi,Cochin,1 stop,1005.0,18,5,2019,2,15,18,5,2019,19,0
Jet Airways,Banglore,Delhi,non-stop,185.0,21,6,2019,18,55,21,6,2019,22,0
Jet Airways,Kolkata,Banglore,1 stop,510.0,24,5,2019,14,5,24,5,2019,22,35
Jet Airways,Kolkata,Banglore,1 stop,865.0,15,5,2019,18,55,16,5,2019,9,20
Jet Airways,Kolkata,Banglore,1 stop,450.0,21,5,2019,21,10,22,5,2019,4,40
Jet Airways,Kolkata,Banglore,1 stop,1545.0,18,5,2019,16,30,19,5,2019,18,15
Jet Airways,Kolkata,Banglore,1 stop,740.0,6,6,2019,8,25,6,6,2019,20,45
Jet Airways,Banglore,Delhi,1 stop,365.0,3,9,2019,18,40,3,10,2019,0,45
Air India,Kolkata,Banglore,2 stops,1165.0,4,1,2019,10,0,4,2,2019,5,25
SpiceJet,Kolkata,Banglore,non-stop,140.0,15,4,2019,22,20,16,4,2019,0,40
Air India,Delhi,Cochin,2 stops,865.0,4,9,2019,17,15,4,10,2019,7,40
Air India,Kolkata,Banglore,2 stops,1195.0,21,5,2019,12,0,22,5,2019,7,55
Air India,Kolkata,Banglore,non-stop,155.0,3,12,2019,20,45,3,12,2019,23,20
Jet Airways,Delhi,Cochin,1 stop,1010.0,6,3,2019,19,45,6,4,2019,12,35
Jet Airways,Kolkata,Banglore,1 stop,590.0,4,1,2019,6,30,4,1,2019,16,20
Multiple carriers,Delhi,Cochin,1 stop,455.0,6,6,2019,14,55,6,6,2019,22,30
Multiple carriers,Delhi,Cochin,1 stop,755.0,15,5,2019,6,40,15,5,2019,19,15
IndiGo,Delhi,Cochin,non-stop,195.0,21,5,2019,14,25,21,5,2019,17,40
Jet Airways,Delhi,Cochin,1 stop,940.0,27,6,2019,20,55,28,6,2019,12,35
Jet Airways,Banglore,Delhi,1 stop,780.0,21,3,2019,18,40,22,3,2019,7,40
Air India,Mumbai,Hyderabad,non-stop,80.0,21,6,2019,6,20,21,6,2019,7,40
Jet Airways,Delhi,Cochin,2 stops,1475.0,27,3,2019,19,10,28,3,2019,19,45
Air India,Kolkata,Banglore,non-stop,150.0,18,6,2019,14,15,18,6,2019,16,45
Jet Airways,Kolkata,Banglore,1 stop,590.0,6,6,2019,6,30,6,6,2019,16,20
Air India,Delhi,Cochin,non-stop,180.0,18,3,2019,14,10,18,3,2019,17,10
Jet Airways,Kolkata,Banglore,1 stop,1285.0,18,5,2019,18,55,19,5,2019,16,20
Air India,Delhi,Cochin,2 stops,1245.0,18,5,2019,10,55,19,5,2019,7,40
Air India,Delhi,Cochin,1 stop,810.0,21,5,2019,9,30,21,5,2019,23,0
Jet Airways,Delhi,Cochin,2 stops,535.0,6,9,2019,19,30,6,10,2019,4,25
SpiceJet,Mumbai,Hyderabad,non-stop,90.0,15,6,2019,22,45,16,6,2019,0,15
IndiGo,Kolkata,Banglore,1 stop,265.0,21,5,2019,19,20,21,5,2019,23,45
IndiGo,Delhi,Cochin,1 stop,425.0,15,5,2019,5,5,15,5,2019,12,10
Jet Airways,Banglore,Delhi,non-stop,175.0,18,4,2019,15,15,18,4,2019,18,10
SpiceJet,Banglore,Delhi,non-stop,175.0,4,9,2019,21,10,4,10,2019,0,5
Air India,Delhi,Cochin,2 stops,1820.0,27,5,2019,12,55,28,5,2019,19,15
Air India,Delhi,Cochin,1 stop,760.0,3,3,2019,19,0,3,4,2019,7,40
Jet Airways,Banglore,Delhi,non-stop,185.0,24,6,2019,18,55,24,6,2019,22,0
Jet Airways,Banglore,Delhi,1 stop,935.0,3,12,2019,5,45,3,12,2019,21,20
Air India,Banglore,Delhi,non-stop,165.0,5,1,2019,6,10,5,1,2019,8,55
Air India,Delhi,Cochin,non-stop,170.0,18,4,2019,5,10,18,4,2019,8,0
Air India,Banglore,Delhi,1 stop,865.0,21,3,2019,8,50,21,3,2019,23,15
SpiceJet,Chennai,Kolkata,non-stop,135.0,15,3,2019,8,20,15,3,2019,10,35
Jet Airways,Delhi,Cochin,2 stops,1300.0,6,1,2019,6,45,6,2,2019,4,25
Multiple carriers,Delhi,Cochin,2 stops,625.0,6,12,2019,15,5,13,6,2019,1,30
Jet Airways,Delhi,Cochin,2 stops,1325.0,21,3,2019,6,20,22,3,2019,4,25
Jet Airways,Delhi,Cochin,1 stop,1100.0,18,5,2019,18,15,19,5,2019,12,35
Jet Airways,Delhi,Cochin,2 stops,1845.0,27,6,2019,12,15,28,6,2019,19,0
IndiGo,Delhi,Cochin,1 stop,305.0,6,9,2019,20,25,6,10,2019,1,30
GoAir,Banglore,Delhi,non-stop,170.0,18,5,2019,11,40,18,5,2019,14,30
Jet Airways,Kolkata,Banglore,1 stop,740.0,15,5,2019,8,25,15,5,2019,20,45
Air India,Delhi,Cochin,2 stops,1560.0,24,6,2019,17,15,25,6,2019,19,15
Jet Airways,Mumbai,Hyderabad,non-stop,90.0,3,3,2019,19,35,3,3,2019,21,5
Air India,Kolkata,Banglore,non-stop,150.0,5,1,2019,14,15,5,1,2019,16,45
IndiGo,Delhi,Cochin,1 stop,295.0,6,1,2019,5,10,6,1,2019,10,5
IndiGo,Kolkata,Banglore,1 stop,295.0,4,1,2019,9,20,4,1,2019,14,15
IndiGo,Banglore,Delhi,non-stop,170.0,24,3,2019,13,0,24,3,2019,15,50
IndiGo,Banglore,Delhi,non-stop,170.0,18,6,2019,5,30,18,6,2019,8,20
Air India,Kolkata,Banglore,2 stops,1165.0,6,9,2019,10,0,6,10,2019,5,25
Multiple carriers,Delhi,Cochin,1 stop,465.0,6,1,2019,11,30,6,1,2019,19,15
Air India,Kolkata,Banglore,non-stop,150.0,18,3,2019,14,15,18,3,2019,16,45
IndiGo,Delhi,Cochin,1 stop,355.0,3,9,2019,7,45,3,9,2019,13,40
Air India,Chennai,Kolkata,non-stop,135.0,5,12,2019,11,40,5,12,2019,13,55
IndiGo,Chennai,Kolkata,non-stop,140.0,3,1,2019,7,55,3,1,2019,10,15
Jet Airways,Mumbai,Hyderabad,non-stop,90.0,27,3,2019,19,35,27,3,2019,21,5
Air India,Delhi,Cochin,1 stop,965.0,3,3,2019,17,20,3,4,2019,9,25
GoAir,Banglore,Delhi,non-stop,170.0,6,3,2019,11,40,6,3,2019,14,30
Jet Airways,Banglore,Delhi,non-stop,180.0,27,4,2019,19,50,27,4,2019,22,50
SpiceJet,Mumbai,Hyderabad,non-stop,90.0,21,6,2019,5,45,21,6,2019,7,15
Jet Airways,Delhi,Cochin,1 stop,360.0,5,9,2019,13,0,5,9,2019,19,0
IndiGo,Banglore,Delhi,non-stop,165.0,5,9,2019,6,5,5,9,2019,8,50
Jet Airways,Mumbai,Hyderabad,non-stop,90.0,24,5,2019,10,20,24,5,2019,11,50
Jet Airways,Kolkata,Banglore,1 stop,735.0,6,12,2019,20,0,13,6,2019,8,15
Vistara,Banglore,Delhi,non-stop,170.0,6,1,2019,11,30,6,1,2019,14,20
SpiceJet,Kolkata,Banglore,non-stop,150.0,4,9,2019,17,10,4,9,2019,19,40
Air India,Delhi,Cochin,2 stops,1410.0,6,3,2019,19,45,6,4,2019,19,15
Jet Airways,Banglore,Delhi,1 stop,1235.0,3,6,2019,11,40,3,7,2019,8,15
IndiGo,Kolkata,Banglore,non-stop,165.0,15,5,2019,9,35,15,5,2019,12,20
Air India,Banglore,Delhi,1 stop,700.0,3,3,2019,11,5,3,3,2019,22,45
Air India,Delhi,Cochin,2 stops,1490.0,6,12,2019,6,50,13,6,2019,7,40
Jet Airways,Mumbai,Hyderabad,non-stop,85.0,6,1,2019,7,5,6,1,2019,8,30
Vistara,Kolkata,Banglore,1 stop,530.0,24,3,2019,9,55,24,3,2019,18,45
Air India,Kolkata,Banglore,2 stops,1195.0,5,9,2019,12,0,5,10,2019,7,55
IndiGo,Delhi,Cochin,1 stop,965.0,27,5,2019,4,55,27,5,2019,21,0
Multiple carriers,Delhi,Cochin,1 stop,740.0,15,5,2019,6,40,15,5,2019,19,0
Jet Airways,Kolkata,Banglore,1 stop,945.0,4,1,2019,16,30,4,2,2019,8,15
Jet Airways,Delhi,Cochin,1 stop,1425.0,5,9,2019,19,15,5,10,2019,19,0
Jet Airways,Delhi,Cochin,2 stops,650.0,27,3,2019,17,35,28,3,2019,4,25
Jet Airways,Banglore,Delhi,1 stop,780.0,18,3,2019,21,25,19,3,2019,10,25
Jet Airways,Delhi,Cochin,1 stop,715.0,6,6,2019,7,5,6,6,2019,19,0
Jet Airways,Delhi,Cochin,1 stop,335.0,5,6,2019,22,50,5,7,2019,4,25
Vistara,Kolkata,Banglore,1 stop,1655.0,6,9,2019,7,10,6,10,2019,10,45
GoAir,Delhi,Cochin,1 stop,440.0,27,3,2019,6,0,27,3,2019,13,20
Jet Airways,Kolkata,Banglore,1 stop,1285.0,24,3,2019,18,55,25,3,2019,16,20
Jet Airways,Kolkata,Banglore,1 stop,520.0,6,12,2019,20,0,13,6,2019,4,40
SpiceJet,Delhi,Cochin,1 stop,270.0,27,6,2019,8,45,27,6,2019,13,15
Jet Airways,Kolkata,Banglore,1 stop,705.0,6,9,2019,6,30,6,9,2019,18,15
Jet Airways,Kolkata,Banglore,1 stop,730.0,6,12,2019,16,30,13,6,2019,4,40
Jet Airways,Delhi,Cochin,1 stop,600.0,27,5,2019,9,0,27,5,2019,19,0
IndiGo,Mumbai,Hyderabad,non-stop,90.0,21,5,2019,16,55,21,5,2019,18,25
IndiGo,Kolkata,Banglore,1 stop,290.0,18,5,2019,15,15,18,5,2019,20,5
Jet Airways,Banglore,Delhi,non-stop,175.0,6,1,2019,11,10,6,1,2019,14,5
Vistara,Banglore,Delhi,non-stop,155.0,18,4,2019,17,0,18,4,2019,19,35
Air India,Kolkata,Banglore,1 stop,925.0,21,5,2019,17,30,22,5,2019,8,55
Air India,Kolkata,Banglore,2 stops,2065.0,15,5,2019,5,50,16,5,2019,16,15
Jet Airways,Banglore,Delhi,non-stop,180.0,18,6,2019,8,20,18,6,2019,11,20
SpiceJet,Kolkata,Banglore,non-stop,155.0,15,6,2019,6,55,15,6,2019,9,30
Jet Airways,Kolkata,Banglore,1 stop,1630.0,24,5,2019,20,25,25,5,2019,23,35
Jet Airways,Delhi,Cochin,1 stop,1680.0,6,6,2019,15,0,6,7,2019,19,0
SpiceJet,Delhi,Cochin,1 stop,270.0,15,5,2019,8,45,15,5,2019,13,15
Jet Airways,Kolkata,Banglore,1 stop,1630.0,5,6,2019,20,25,5,7,2019,23,35
Jet Airways,Delhi,Cochin,2 stops,1375.0,24,6,2019,5,30,25,6,2019,4,25
Jet Airways,Banglore,Delhi,1 stop,665.0,21,3,2019,20,35,22,3,2019,7,40
Multiple carriers,Delhi,Cochin,1 stop,660.0,24,6,2019,10,0,24,6,2019,21,0
Jet Airways,Kolkata,Banglore,1 stop,510.0,6,9,2019,14,5,6,9,2019,22,35
SpiceJet,Banglore,Delhi,non-stop,175.0,4,3,2019,21,10,4,4,2019,0,5
Air India,Delhi,Cochin,3 stops,2280.0,3,9,2019,5,15,3,10,2019,19,15
Air India,Delhi,Cochin,1 stop,570.0,6,1,2019,13,30,6,1,2019,23,0
Jet Airways,Delhi,Cochin,1 stop,1210.0,21,5,2019,22,50,22,5,2019,19,0
Air India,Delhi,Cochin,2 stops,1305.0,3,3,2019,21,30,3,4,2019,19,15
Air India,Delhi,Cochin,2 stops,1470.0,6,12,2019,7,10,13,6,2019,7,40
IndiGo,Kolkata,Banglore,non-stop,155.0,6,3,2019,15,30,6,3,2019,18,5
Jet Airways,Banglore,Delhi,1 stop,365.0,3,12,2019,16,55,3,12,2019,23,0
Jet Airways,Kolkata,Banglore,1 stop,1330.0,24,5,2019,6,30,25,5,2019,4,40
Jet Airways,Delhi,Cochin,1 stop,1315.0,27,3,2019,21,50,28,3,2019,19,45
Multiple carriers,Delhi,Cochin,1 stop,390.0,4,9,2019,19,0,4,10,2019,1,30
IndiGo,Mumbai,Hyderabad,non-stop,90.0,24,6,2019,16,55,24,6,2019,18,25
Air Asia,Kolkata,Banglore,non-stop,150.0,4,3,2019,19,55,4,3,2019,22,25
IndiGo,Kolkata,Banglore,1 stop,315.0,6,9,2019,15,15,6,9,2019,20,30
Jet Airways,Banglore,Delhi,non-stop,175.0,5,12,2019,15,15,5,12,2019,18,10
Jet Airways,Kolkata,Banglore,1 stop,1120.0,5,6,2019,20,25,5,7,2019,15,5
Jet Airways,Delhi,Cochin,1 stop,330.0,21,5,2019,7,5,21,5,2019,12,35
Air India,Delhi,Cochin,2 stops,865.0,27,5,2019,17,15,28,5,2019,7,40
Air India,Banglore,Delhi,2 stops,655.0,3,1,2019,10,30,3,1,2019,21,25
Jet Airways,Kolkata,Banglore,1 stop,800.0,5,1,2019,20,0,5,2,2019,9,20
Vistara,Kolkata,Banglore,1 stop,930.0,5,6,2019,7,10,5,6,2019,22,40
Jet Airways,Kolkata,Banglore,1 stop,1055.0,15,5,2019,16,30,16,5,2019,10,5
IndiGo,Delhi,Cochin,1 stop,560.0,15,5,2019,6,50,15,5,2019,16,10
GoAir,Kolkata,Banglore,1 stop,455.0,24,5,2019,16,40,25,5,2019,0,15
Jet Airways,Delhi,Cochin,1 stop,650.0,27,3,2019,8,0,27,3,2019,18,50
Air India,Delhi,Cochin,2 stops,1485.0,3,9,2019,18,30,3,10,2019,19,15
Jet Airways,Delhi,Cochin,1 stop,1005.0,15,6,2019,2,15,15,6,2019,19,0
IndiGo,Delhi,Cochin,1 stop,325.0,6,1,2019,2,0,6,1,2019,7,25
Jet Airways,Kolkata,Banglore,1 stop,690.0,4,1,2019,9,35,4,1,2019,21,5
SpiceJet,Banglore,Delhi,non-stop,175.0,27,5,2019,21,10,28,5,2019,0,5
Jet Airways,Mumbai,Hyderabad,non-stop,85.0,15,6,2019,2,55,15,6,2019,4,20
Jet Airways,Banglore,Delhi,1 stop,1220.0,3,1,2019,14,5,3,2,2019,10,25
Jet Airways,Kolkata,Banglore,1 stop,800.0,5,1,2019,20,0,5,2,2019,9,20
Air India,Delhi,Cochin,1 stop,1455.0,21,3,2019,19,0,22,3,2019,19,15
Air India,Delhi,Cochin,1 stop,320.0,27,5,2019,17,40,27,5,2019,23,0
Vistara,Kolkata,Banglore,1 stop,1550.0,24,3,2019,20,20,25,3,2019,22,10
SpiceJet,Mumbai,Hyderabad,non-stop,90.0,4,3,2019,5,45,4,3,2019,7,15
Air India,Kolkata,Banglore,2 stops,1105.0,5,9,2019,14,30,5,10,2019,8,55
Jet Airways,Kolkata,Banglore,1 stop,800.0,6,12,2019,20,25,13,6,2019,9,45
Air India,Banglore,Delhi,1 stop,855.0,3,1,2019,9,30,3,1,2019,23,45
IndiGo,Banglore,Delhi,non-stop,170.0,24,6,2019,13,0,24,6,2019,15,50
IndiGo,Kolkata,Banglore,non-stop,155.0,5,3,2019,20,20,5,3,2019,22,55
IndiGo,Mumbai,Hyderabad,non-stop,90.0,6,9,2019,12,0,6,9,2019,13,30
Multiple carriers,Delhi,Cochin,1 stop,385.0,18,5,2019,9,45,18,5,2019,16,10
Multiple carriers,Delhi,Cochin,1 stop,720.0,6,12,2019,9,0,6,12,2019,21,0
IndiGo,Banglore,Delhi,non-stop,180.0,5,6,2019,21,15,5,7,2019,0,15
Jet Airways,Delhi,Cochin,2 stops,1375.0,21,5,2019,5,30,22,5,2019,4,25
Air India,Mumbai,Hyderabad,non-stop,75.0,24,3,2019,19,30,24,3,2019,20,45
Jet Airways,Kolkata,Banglore,1 stop,1090.0,5,1,2019,14,5,5,2,2019,8,15
IndiGo,Chennai,Kolkata,non-stop,145.0,15,6,2019,5,15,15,6,2019,7,40
IndiGo,Delhi,Cochin,1 stop,345.0,27,5,2019,21,50,28,5,2019,3,35
Multiple carriers,Delhi,Cochin,1 stop,390.0,21,3,2019,9,0,21,3,2019,15,30
Multiple carriers,Delhi,Cochin,1 stop,520.0,4,9,2019,10,35,4,9,2019,19,15
IndiGo,Delhi,Cochin,1 stop,300.0,21,3,2019,16,0,21,3,2019,21,0
Jet Airways,Delhi,Cochin,1 stop,620.0,24,6,2019,2,15,24,6,2019,12,35
IndiGo,Banglore,Delhi,non-stop,175.0,24,3,2019,18,25,24,3,2019,21,20
Jet Airways,Mumbai,Hyderabad,non-stop,90.0,5,12,2019,10,20,5,12,2019,11,50
SpiceJet,Banglore,Delhi,non-stop,170.0,15,4,2019,9,30,15,4,2019,12,20
Air India,Delhi,Cochin,2 stops,2170.0,3,9,2019,7,5,3,10,2019,19,15
Jet Airways,Delhi,Cochin,1 stop,655.0,21,3,2019,17,30,22,3,2019,4,25
Jet Airways,Delhi,Cochin,1 stop,1680.0,24,6,2019,15,0,25,6,2019,19,0
Jet Airways,Banglore,Delhi,non-stop,185.0,21,6,2019,18,55,21,6,2019,22,0
Air India,Kolkata,Banglore,2 stops,805.0,15,5,2019,9,50,15,5,2019,23,15
Jet Airways,Delhi,Cochin,1 stop,660.0,6,12,2019,8,0,6,12,2019,19,0
Jet Airways,Delhi,Cochin,2 stops,1615.0,18,5,2019,9,40,19,5,2019,12,35
Air Asia,Banglore,Delhi,non-stop,170.0,6,12,2019,23,55,13,6,2019,2,45
Jet Airways,Delhi,Cochin,1 stop,1015.0,6,6,2019,11,30,6,7,2019,4,25
Jet Airways,Kolkata,Banglore,1 stop,365.0,5,9,2019,16,30,5,9,2019,22,35
Multiple carriers,Delhi,Cochin,1 stop,390.0,15,6,2019,19,0,16,6,2019,1,30
GoAir,Kolkata,Banglore,1 stop,455.0,21,5,2019,16,40,22,5,2019,0,15
Air India,Delhi,Cochin,2 stops,865.0,6,1,2019,17,15,6,2,2019,7,40
Multiple carriers,Delhi,Cochin,1 stop,630.0,6,3,2019,8,30,6,3,2019,19,0
GoAir,Kolkata,Banglore,1 stop,495.0,18,5,2019,23,30,19,5,2019,7,45
Jet Airways,Delhi,Cochin,1 stop,1145.0,6,1,2019,17,30,6,2,2019,12,35
Air India,Delhi,Cochin,2 stops,435.0,15,5,2019,12,0,15,5,2019,19,15
Jet Airways,Kolkata,Banglore,1 stop,575.0,6,6,2019,9,35,6,6,2019,19,10
Jet Airways,Kolkata,Banglore,1 stop,1495.0,5,9,2019,8,25,5,10,2019,9,20
Jet Airways,Delhi,Cochin,1 stop,620.0,6,3,2019,2,15,6,3,2019,12,35
IndiGo,Banglore,Delhi,non-stop,165.0,21,3,2019,6,0,21,3,2019,8,45
IndiGo,Banglore,Delhi,non-stop,165.0,24,3,2019,1,30,24,3,2019,4,15
Multiple carriers,Delhi,Cochin,1 stop,390.0,3,6,2019,9,0,3,6,2019,15,30
Jet Airways,Kolkata,Banglore,1 stop,635.0,18,5,2019,5,45,18,5,2019,16,20
Jet Airways,Banglore,Delhi,1 stop,980.0,3,12,2019,22,55,13,3,2019,15,15
SpiceJet,Kolkata,Banglore,non-stop,155.0,21,4,2019,6,55,21,4,2019,9,30
IndiGo,Banglore,Delhi,non-stop,170.0,3,9,2019,10,30,3,9,2019,13,20
IndiGo,Banglore,Delhi,non-stop,170.0,18,5,2019,8,30,18,5,2019,11,20
Multiple carriers,Delhi,Cochin,1 stop,480.0,27,6,2019,13,0,27,6,2019,21,0
Jet Airways,Delhi,Cochin,2 stops,1775.0,21,5,2019,13,25,22,5,2019,19,0
Multiple carriers,Delhi,Cochin,1 stop,555.0,6,3,2019,10,0,6,3,2019,19,15
Jet Airways,Kolkata,Banglore,1 stop,665.0,5,6,2019,21,10,5,7,2019,8,15
Jet Airways,Banglore,Delhi,1 stop,280.0,3,6,2019,9,45,3,6,2019,14,25
Jet Airways,Delhi,Cochin,2 stops,1195.0,5,1,2019,23,5,5,2,2019,19,0
Vistara,Kolkata,Banglore,1 stop,1440.0,21,5,2019,20,20,22,5,2019,20,20
Vistara,Delhi,Cochin,non-stop,190.0,3,9,2019,6,0,3,9,2019,9,10
Air India,Banglore,Delhi,2 stops,905.0,3,1,2019,8,50,3,1,2019,23,55
Air India,Delhi,Cochin,2 stops,1820.0,18,5,2019,12,55,19,5,2019,19,15
Jet Airways,Delhi,Cochin,2 stops,560.0,6,6,2019,9,40,6,6,2019,19,0
Multiple carriers,Delhi,Cochin,1 stop,910.0,6,3,2019,10,20,6,4,2019,1,30
IndiGo,Mumbai,Hyderabad,non-stop,85.0,21,3,2019,12,0,21,3,2019,13,25
Multiple carriers,Delhi,Cochin,1 stop,565.0,15,5,2019,13,5,15,5,2019,22,30
IndiGo,Mumbai,Hyderabad,non-stop,90.0,24,6,2019,1,40,24,6,2019,3,10
Jet Airways,Delhi,Cochin,1 stop,1685.0,3,9,2019,0,20,3,10,2019,4,25
Air India,Kolkata,Banglore,2 stops,1045.0,5,1,2019,5,50,5,1,2019,23,15
Jet Airways,Banglore,Delhi,non-stop,180.0,6,12,2019,8,20,6,12,2019,11,20
IndiGo,Delhi,Cochin,1 stop,480.0,15,6,2019,17,30,16,6,2019,1,30
IndiGo,Banglore,Delhi,non-stop,180.0,21,5,2019,21,15,22,5,2019,0,15
Jet Airways,Kolkata,Banglore,1 stop,705.0,21,5,2019,6,30,21,5,2019,18,15
Air India,Chennai,Kolkata,non-stop,135.0,5,9,2019,11,40,5,9,2019,13,55
SpiceJet,Mumbai,Hyderabad,non-stop,90.0,6,3,2019,22,45,6,4,2019,0,15
Jet Airways,Kolkata,Banglore,1 stop,1495.0,5,12,2019,18,55,13,5,2019,19,50
Jet Airways,Kolkata,Banglore,1 stop,1360.0,15,5,2019,21,10,16,5,2019,19,50
Jet Airways,Kolkata,Banglore,1 stop,1550.0,6,9,2019,18,55,6,10,2019,20,45
Jet Airways,Delhi,Cochin,1 stop,940.0,21,5,2019,20,55,22,5,2019,12,35
Jet Airways,Banglore,Delhi,1 stop,435.0,3,1,2019,14,5,3,1,2019,21,20
Jet Airways,Banglore,Delhi,non-stop,180.0,21,6,2019,19,50,21,6,2019,22,50
Multiple carriers,Delhi,Cochin,1 stop,630.0,18,5,2019,8,45,18,5,2019,19,15
Jet Airways,Banglore,Delhi,1 stop,435.0,21,3,2019,8,0,21,3,2019,15,15
SpiceJet,Kolkata,Banglore,non-stop,145.0,18,6,2019,9,0,18,6,2019,11,25
Multiple carriers,Delhi,Cochin,1 stop,660.0,15,5,2019,8,0,15,5,2019,19,0
Jet Airways,Delhi,Cochin,1 stop,655.0,21,3,2019,17,30,22,3,2019,4,25
Jet Airways,Delhi,Cochin,2 stops,810.0,4,9,2019,5,30,4,9,2019,19,0
IndiGo,Kolkata,Banglore,non-stop,150.0,27,6,2019,15,15,27,6,2019,17,45
Air Asia,Delhi,Cochin,1 stop,470.0,27,3,2019,7,55,27,3,2019,15,45
Air India,Delhi,Cochin,2 stops,1470.0,27,5,2019,7,10,28,5,2019,7,40
IndiGo,Delhi,Cochin,1 stop,305.0,4,3,2019,20,25,4,4,2019,1,30
Jet Airways,Delhi,Cochin,1 stop,1395.0,18,5,2019,19,45,19,5,2019,19,0
Air India,Kolkata,Banglore,2 stops,1830.0,5,9,2019,12,0,5,10,2019,18,30
Air India,Delhi,Cochin,2 stops,2170.0,3,3,2019,7,5,3,4,2019,19,15
Air India,Delhi,Cochin,2 stops,1245.0,6,6,2019,10,55,6,7,2019,7,40
Jet Airways,Kolkata,Banglore,1 stop,1575.0,24,5,2019,14,5,25,5,2019,16,20
Jet Airways,Delhi,Cochin,2 stops,1300.0,24,6,2019,6,45,25,6,2019,4,25
Multiple carriers,Delhi,Cochin,1 stop,450.0,3,3,2019,8,0,3,3,2019,15,30
Jet Airways,Kolkata,Banglore,1 stop,800.0,6,6,2019,20,25,6,7,2019,9,45
SpiceJet,Mumbai,Hyderabad,non-stop,90.0,6,9,2019,13,15,6,9,2019,14,45
Jet Airways,Kolkata,Banglore,1 stop,575.0,5,1,2019,9,35,5,1,2019,19,10
Jet Airways,Delhi,Cochin,2 stops,1620.0,6,3,2019,9,35,6,4,2019,12,35
IndiGo,Delhi,Cochin,1 stop,275.0,6,3,2019,7,35,6,3,2019,12,10
Air Asia,Delhi,Cochin,1 stop,330.0,15,6,2019,7,55,15,6,2019,13,25
Air India,Kolkata,Banglore,2 stops,1700.0,15,5,2019,9,25,16,5,2019,13,45
Vistara,Banglore,Delhi,non-stop,165.0,6,1,2019,19,30,6,1,2019,22,15
Air India,Kolkata,Banglore,1 stop,1615.0,18,5,2019,17,30,19,5,2019,20,25
Air India,Delhi,Cochin,2 stops,1410.0,3,6,2019,19,45,3,7,2019,19,15
Jet Airways,Kolkata,Banglore,1 stop,590.0,5,6,2019,6,30,5,6,2019,16,20
Air India,Delhi,Cochin,2 stops,1410.0,27,6,2019,19,45,28,6,2019,19,15
Jet Airways,Delhi,Cochin,1 stop,1145.0,24,6,2019,17,30,25,6,2019,12,35
Vistara,Banglore,Delhi,non-stop,170.0,6,12,2019,9,45,6,12,2019,12,35
IndiGo,Kolkata,Banglore,non-stop,150.0,6,3,2019,15,15,6,3,2019,17,45
Multiple carriers,Delhi,Cochin,3 stops,835.0,6,9,2019,11,35,6,10,2019,1,30
Jet Airways,Delhi,Cochin,1 stop,1505.0,4,6,2019,11,30,4,7,2019,12,35
Jet Airways,Delhi,Cochin,1 stop,450.0,27,5,2019,20,55,28,5,2019,4,25
Air India,Delhi,Cochin,2 stops,1820.0,24,6,2019,12,55,25,6,2019,19,15
Jet Airways,Banglore,Delhi,non-stop,175.0,24,6,2019,15,15,24,6,2019,18,10
Air India,Mumbai,Hyderabad,3 stops,1775.0,3,12,2019,9,40,13,3,2019,15,15
Air India,Delhi,Cochin,2 stops,1380.0,3,9,2019,20,15,3,10,2019,19,15
Vistara,Banglore,Delhi,non-stop,165.0,6,3,2019,19,30,6,3,2019,22,15
Multiple carriers,Delhi,Cochin,1 stop,750.0,15,5,2019,13,0,16,5,2019,1,30
Jet Airways,Kolkata,Banglore,1 stop,1500.0,5,1,2019,17,0,5,2,2019,18,0
Air India,Kolkata,Banglore,non-stop,155.0,4,12,2019,20,45,4,12,2019,23,20
Multiple carriers,Delhi,Cochin,1 stop,780.0,21,5,2019,8,0,21,5,2019,21,0
Air Asia,Delhi,Cochin,1 stop,340.0,27,5,2019,16,45,27,5,2019,22,25
SpiceJet,Kolkata,Banglore,non-stop,140.0,27,4,2019,22,20,28,4,2019,0,40
Jet Airways,Kolkata,Banglore,1 stop,400.0,6,6,2019,14,5,6,6,2019,20,45
Jet Airways,Delhi,Cochin,1 stop,1620.0,27,6,2019,16,0,28,6,2019,19,0
SpiceJet,Kolkata,Banglore,non-stop,145.0,4,3,2019,9,0,4,3,2019,11,25
Air India,Kolkata,Banglore,2 stops,1625.0,18,5,2019,5,50,19,5,2019,8,55
Multiple carriers,Delhi,Cochin,1 stop,720.0,6,9,2019,7,0,6,9,2019,19,0
Jet Airways,Delhi,Cochin,2 stops,1525.0,24,6,2019,17,35,25,6,2019,19,0
Jet Airways,Banglore,Delhi,non-stop,180.0,4,6,2019,19,50,4,6,2019,22,50
IndiGo,Banglore,Delhi,non-stop,175.0,4,6,2019,7,10,4,6,2019,10,5
SpiceJet,Kolkata,Banglore,non-stop,155.0,4,9,2019,6,55,4,9,2019,9,30
Jet Airways,Banglore,Delhi,1 stop,325.0,3,6,2019,7,0,3,6,2019,12,25
Vistara,Banglore,Delhi,non-stop,170.0,18,6,2019,11,30,18,6,2019,14,20
Air Asia,Delhi,Cochin,1 stop,865.0,27,3,2019,16,45,28,3,2019,7,10
Air India,Delhi,Cochin,2 stops,1220.0,3,6,2019,13,5,3,7,2019,9,25
IndiGo,Kolkata,Banglore,1 stop,335.0,24,3,2019,4,15,24,3,2019,9,50
Jet Airways,Banglore,Delhi,non-stop,180.0,6,1,2019,19,50,6,1,2019,22,50
Multiple carriers,Delhi,Cochin,1 stop,460.0,15,5,2019,4,55,15,5,2019,12,35
Multiple carriers,Delhi,Cochin,1 stop,780.0,6,3,2019,6,0,6,3,2019,19,0
SpiceJet,Banglore,Delhi,non-stop,175.0,6,3,2019,21,10,6,4,2019,0,5
Jet Airways,Delhi,Cochin,1 stop,440.0,27,3,2019,11,30,27,3,2019,18,50
Air India,Mumbai,Hyderabad,non-stop,80.0,21,5,2019,21,5,21,5,2019,22,25
IndiGo,Banglore,Delhi,non-stop,180.0,3,9,2019,8,30,3,9,2019,11,30
Vistara,Kolkata,Banglore,1 stop,795.0,24,3,2019,7,10,24,3,2019,20,25
Jet Airways,Delhi,Cochin,2 stops,1130.0,6,1,2019,9,35,6,2,2019,4,25
Air India,Banglore,Delhi,1 stop,425.0,3,3,2019,5,50,3,3,2019,12,55
Air Asia,Banglore,Delhi,non-stop,165.0,24,5,2019,11,10,24,5,2019,13,55
Multiple carriers,Delhi,Cochin,1 stop,455.0,27,5,2019,11,25,27,5,2019,19,0
Jet Airways,Delhi,Cochin,non-stop,195.0,18,5,2019,11,0,18,5,2019,14,15
IndiGo,Chennai,Kolkata,non-stop,135.0,3,12,2019,13,20,3,12,2019,15,35
Air India,Delhi,Cochin,1 stop,570.0,27,5,2019,13,30,27,5,2019,23,0
Air India,Delhi,Cochin,1 stop,570.0,21,3,2019,13,30,21,3,2019,23,0
Jet Airways,Kolkata,Banglore,1 stop,730.0,4,1,2019,21,10,4,2,2019,9,20
IndiGo,Mumbai,Hyderabad,non-stop,90.0,5,9,2019,19,5,5,9,2019,20,35
IndiGo,Delhi,Cochin,1 stop,275.0,4,6,2019,7,35,4,6,2019,12,10
Air India,Banglore,Delhi,2 stops,1640.0,3,3,2019,7,30,3,7,2019,10,50
IndiGo,Banglore,Delhi,non-stop,170.0,24,3,2019,10,10,24,3,2019,13,0
IndiGo,Mumbai,Hyderabad,non-stop,90.0,27,6,2019,16,55,27,6,2019,18,25
Jet Airways,Banglore,Delhi,1 stop,1280.0,3,1,2019,11,40,3,2,2019,9,0
SpiceJet,Mumbai,Hyderabad,non-stop,85.0,21,3,2019,22,45,22,3,2019,0,10
Air India,Delhi,Cochin,1 stop,1255.0,15,5,2019,12,30,16,5,2019,9,25
Jet Airways,Kolkata,Banglore,1 stop,1215.0,6,12,2019,8,25,13,6,2019,4,40
Jet Airways,Kolkata,Banglore,1 stop,505.0,24,5,2019,9,35,24,5,2019,18,0
IndiGo,Delhi,Cochin,1 stop,635.0,15,5,2019,11,55,15,5,2019,22,30
Jet Airways,Banglore,Delhi,non-stop,175.0,4,1,2019,15,15,4,1,2019,18,10
IndiGo,Banglore,Delhi,non-stop,165.0,4,1,2019,6,5,4,1,2019,8,50
Jet Airways,Delhi,Cochin,1 stop,1610.0,21,3,2019,16,0,22,3,2019,18,50
Vistara,Kolkata,Banglore,1 stop,1625.0,18,5,2019,20,20,19,5,2019,23,25
IndiGo,Delhi,Cochin,1 stop,710.0,21,3,2019,9,10,21,3,2019,21,0
Air India,Delhi,Cochin,1 stop,1590.0,4,3,2019,20,30,4,4,2019,23,0
GoAir,Kolkata,Banglore,1 stop,455.0,5,12,2019,16,40,13,5,2019,0,15
Air India,Kolkata,Banglore,2 stops,1345.0,6,6,2019,7,0,6,7,2019,5,25
Multiple carriers,Delhi,Cochin,1 stop,630.0,6,12,2019,8,45,6,12,2019,19,15
IndiGo,Kolkata,Banglore,non-stop,160.0,18,6,2019,21,25,19,6,2019,0,5
Jet Airways,Kolkata,Banglore,1 stop,475.0,24,5,2019,8,25,24,5,2019,16,20
Jet Airways,Kolkata,Banglore,1 stop,590.0,5,9,2019,8,25,5,9,2019,18,15
SpiceJet,Kolkata,Banglore,non-stop,140.0,21,3,2019,22,20,22,3,2019,0,40
SpiceJet,Kolkata,Banglore,non-stop,160.0,3,9,2019,6,55,3,9,2019,9,35
Jet Airways,Delhi,Cochin,1 stop,330.0,15,6,2019,7,5,15,6,2019,12,35
IndiGo,Delhi,Cochin,1 stop,305.0,21,5,2019,20,25,22,5,2019,1,30
Jet Airways,Kolkata,Banglore,1 stop,1640.0,18,5,2019,16,30,19,5,2019,19,50
Jet Airways,Delhi,Cochin,2 stops,440.0,6,9,2019,11,40,6,9,2019,19,0
Jet Airways,Delhi,Cochin,2 stops,1320.0,27,6,2019,14,35,28,6,2019,12,35
Jet Airways,Banglore,Delhi,non-stop,175.0,18,5,2019,11,10,18,5,2019,14,5
Air India,Delhi,Cochin,1 stop,675.0,4,9,2019,8,0,4,9,2019,19,15
IndiGo,Delhi,Cochin,1 stop,845.0,15,6,2019,11,25,16,6,2019,1,30
IndiGo,Kolkata,Banglore,non-stop,165.0,27,4,2019,9,35,27,4,2019,12,20
SpiceJet,Chennai,Kolkata,non-stop,140.0,15,5,2019,17,45,15,5,2019,20,5
SpiceJet,Banglore,Delhi,non-stop,170.0,27,6,2019,9,30,27,6,2019,12,20
Air India,Kolkata,Banglore,1 stop,1555.0,24,3,2019,7,0,25,3,2019,8,55
Air India,Delhi,Cochin,2 stops,1490.0,15,5,2019,6,50,16,5,2019,7,40
IndiGo,Delhi,Cochin,1 stop,305.0,24,4,2019,20,25,25,4,2019,1,30
IndiGo,Banglore,Delhi,non-stop,170.0,24,3,2019,4,0,24,3,2019,6,50
Jet Airways,Delhi,Cochin,1 stop,885.0,6,9,2019,21,50,6,10,2019,12,35
Multiple carriers,Delhi,Cochin,1 stop,690.0,21,5,2019,7,30,21,5,2019,19,0
Jet Airways,Mumbai,Hyderabad,non-stop,90.0,15,5,2019,19,35,15,5,2019,21,5
Air India,Delhi,Cochin,2 stops,1580.0,5,9,2019,16,55,5,10,2019,19,15
IndiGo,Delhi,Cochin,1 stop,705.0,24,6,2019,9,15,24,6,2019,21,0
Air Asia,Delhi,Cochin,1 stop,330.0,3,3,2019,16,45,3,3,2019,22,15
Vistara,Kolkata,Banglore,1 stop,700.0,5,6,2019,7,10,5,6,2019,18,50
IndiGo,Mumbai,Hyderabad,non-stop,85.0,3,6,2019,6,20,3,6,2019,7,45
Air India,Banglore,Delhi,non-stop,165.0,15,4,2019,10,0,15,4,2019,12,45
IndiGo,Kolkata,Banglore,non-stop,170.0,21,3,2019,5,30,21,3,2019,8,20
SpiceJet,Mumbai,Hyderabad,non-stop,90.0,5,12,2019,22,45,13,5,2019,0,15
IndiGo,Delhi,Cochin,1 stop,345.0,6,12,2019,21,50,13,6,2019,3,35
SpiceJet,Banglore,Delhi,non-stop,160.0,4,6,2019,5,55,4,6,2019,8,35
Air India,Delhi,Cochin,2 stops,1275.0,21,5,2019,22,0,22,5,2019,19,15
Air India,Kolkata,Banglore,2 stops,1665.0,5,1,2019,10,0,5,2,2019,13,45
Jet Airways,Delhi,Cochin,1 stop,1415.0,21,5,2019,13,0,22,5,2019,12,35
Jet Airways,Kolkata,Banglore,1 stop,690.0,18,5,2019,9,35,18,5,2019,21,5
Jet Airways,Delhi,Cochin,1 stop,1570.0,6,6,2019,2,15,6,7,2019,4,25
IndiGo,Delhi,Cochin,1 stop,940.0,27,6,2019,6,50,27,6,2019,22,30
SpiceJet,Mumbai,Hyderabad,non-stop,90.0,27,5,2019,13,15,27,5,2019,14,45
Multiple carriers,Delhi,Cochin,1 stop,560.0,6,6,2019,11,40,6,6,2019,21,0
SpiceJet,Chennai,Kolkata,non-stop,140.0,3,9,2019,17,45,3,9,2019,20,5
Multiple carriers,Delhi,Cochin,1 stop,555.0,3,3,2019,2,15,3,3,2019,11,30
Multiple carriers,Delhi,Cochin,1 stop,830.0,6,9,2019,11,40,6,10,2019,1,30
SpiceJet,Banglore,Delhi,non-stop,160.0,21,5,2019,5,55,21,5,2019,8,35
Jet Airways,Kolkata,Banglore,1 stop,730.0,5,6,2019,21,10,5,7,2019,9,20
Jet Airways,Kolkata,Banglore,1 stop,1545.0,5,6,2019,6,30,5,7,2019,8,15
IndiGo,Delhi,Cochin,non-stop,195.0,27,4,2019,14,20,27,4,2019,17,35
Vistara,Banglore,Delhi,non-stop,170.0,21,4,2019,9,45,21,4,2019,12,35
Jet Airways,Delhi,Cochin,2 stops,1195.0,5,9,2019,23,5,5,10,2019,19,0
SpiceJet,Chennai,Kolkata,non-stop,135.0,21,6,2019,9,45,21,6,2019,12,0
Jet Airways,Kolkata,Banglore,1 stop,1520.0,6,12,2019,9,35,13,6,2019,10,55
Jet Airways,Kolkata,Banglore,1 stop,1315.0,5,9,2019,14,5,5,10,2019,12,0
Jet Airways,Kolkata,Banglore,1 stop,510.0,5,1,2019,14,5,5,1,2019,22,35
Vistara,Kolkata,Banglore,1 stop,1640.0,18,5,2019,17,0,19,5,2019,20,20
Jet Airways,Delhi,Cochin,1 stop,655.0,15,6,2019,17,30,16,6,2019,4,25
Jet Airways,Delhi,Cochin,2 stops,1760.0,21,5,2019,23,5,23,5,2019,4,25
Air India,Delhi,Cochin,2 stops,1580.0,5,9,2019,7,5,5,10,2019,9,25
Jet Airways,Banglore,Delhi,non-stop,175.0,15,5,2019,15,15,15,5,2019,18,10
Vistara,Delhi,Cochin,non-stop,190.0,6,1,2019,14,40,6,1,2019,17,50
Multiple carriers,Delhi,Cochin,1 stop,845.0,6,6,2019,4,55,6,6,2019,19,0
Vistara,Delhi,Cochin,non-stop,190.0,18,4,2019,14,40,18,4,2019,17,50
IndiGo,Kolkata,Banglore,non-stop,165.0,6,9,2019,9,35,6,9,2019,12,20
Vistara,Kolkata,Banglore,1 stop,1555.0,5,1,2019,7,10,5,2,2019,9,5
Air India,Delhi,Cochin,1 stop,765.0,27,3,2019,20,40,28,3,2019,9,25
IndiGo,Banglore,Delhi,non-stop,170.0,27,5,2019,10,10,27,5,2019,13,0
Jet Airways,Kolkata,Banglore,1 stop,1120.0,4,1,2019,20,25,4,2,2019,15,5
Air India,Mumbai,Hyderabad,non-stop,80.0,24,5,2019,21,5,24,5,2019,22,25
Air Asia,Kolkata,Banglore,non-stop,155.0,18,3,2019,10,20,18,3,2019,12,55
Air India,Delhi,Cochin,2 stops,1490.0,18,5,2019,6,50,19,5,2019,7,40
Jet Airways,Banglore,Delhi,non-stop,180.0,5,1,2019,8,20,5,1,2019,11,20
IndiGo,Kolkata,Banglore,non-stop,150.0,27,4,2019,14,25,27,4,2019,16,55
IndiGo,Delhi,Cochin,1 stop,490.0,3,9,2019,4,45,3,9,2019,12,55
Jet Airways,Kolkata,Banglore,1 stop,1430.0,5,6,2019,20,0,5,7,2019,19,50
Multiple carriers,Delhi,Cochin,1 stop,490.0,3,9,2019,17,25,3,10,2019,1,35
Jet Airways,Mumbai,Hyderabad,non-stop,85.0,21,5,2019,7,5,21,5,2019,8,30
Air India,Banglore,Delhi,1 stop,1265.0,3,6,2019,11,50,3,7,2019,8,55
Jet Airways,Kolkata,Banglore,1 stop,800.0,18,5,2019,20,0,19,5,2019,9,20
IndiGo,Delhi,Cochin,1 stop,665.0,6,6,2019,5,5,6,6,2019,16,10
Jet Airways,Delhi,Cochin,non-stop,195.0,21,6,2019,11,0,21,6,2019,14,15
IndiGo,Banglore,Delhi,non-stop,175.0,5,6,2019,0,30,5,6,2019,3,25
Multiple carriers,Delhi,Cochin,1 stop,460.0,6,3,2019,4,55,6,3,2019,12,35
Air India,Kolkata,Banglore,2 stops,1385.0,5,1,2019,9,50,5,2,2019,8,55
Vistara,Banglore,Delhi,non-stop,170.0,5,12,2019,9,45,5,12,2019,12,35
Jet Airways,Delhi,Cochin,1 stop,940.0,24,6,2019,20,55,25,6,2019,12,35
Jet Airways,Kolkata,Banglore,1 stop,435.0,5,9,2019,10,20,5,9,2019,17,35
Air India,Delhi,Cochin,1 stop,925.0,6,3,2019,3,50,6,3,2019,19,15
SpiceJet,Chennai,Kolkata,non-stop,135.0,24,3,2019,8,20,24,3,2019,10,35
Jet Airways,Delhi,Cochin,2 stops,810.0,6,3,2019,5,30,6,3,2019,19,0
GoAir,Banglore,Delhi,non-stop,165.0,6,1,2019,20,55,6,1,2019,23,40
Air Asia,Banglore,Delhi,non-stop,170.0,15,6,2019,4,55,15,6,2019,7,45
Multiple carriers,Delhi,Cochin,1 stop,840.0,27,5,2019,11,30,28,5,2019,1,30
Jet Airways,Banglore,Delhi,1 stop,300.0,24,3,2019,5,45,24,3,2019,10,45
Multiple carriers,Delhi,Cochin,1 stop,520.0,27,6,2019,10,20,27,6,2019,19,0
Jet Airways,Delhi,Cochin,2 stops,505.0,24,6,2019,20,0,25,6,2019,4,25
Jet Airways,Banglore,Delhi,1 stop,745.0,3,6,2019,8,55,3,6,2019,21,20
Jet Airways,Delhi,Cochin,1 stop,1325.0,21,5,2019,20,55,22,5,2019,19,0
Jet Airways,Banglore,Delhi,non-stop,180.0,27,6,2019,8,20,27,6,2019,11,20
IndiGo,Mumbai,Hyderabad,non-stop,95.0,27,5,2019,20,5,27,5,2019,21,40
Air India,Kolkata,Banglore,2 stops,1830.0,21,5,2019,12,0,22,5,2019,18,30
Multiple carriers,Delhi,Cochin,1 stop,450.0,3,3,2019,8,0,3,3,2019,15,30
Air India,Kolkata,Banglore,2 stops,920.0,6,6,2019,10,0,6,7,2019,1,20
GoAir,Delhi,Cochin,1 stop,355.0,6,3,2019,7,0,6,3,2019,12,55
Jet Airways,Delhi,Cochin,2 stops,425.0,6,9,2019,5,30,6,9,2019,12,35
Jet Airways,Kolkata,Banglore,1 stop,505.0,15,5,2019,9,35,15,5,2019,18,0
IndiGo,Kolkata,Banglore,non-stop,150.0,24,5,2019,14,25,24,5,2019,16,55
Vistara,Chennai,Kolkata,non-stop,135.0,5,1,2019,7,5,5,1,2019,9,20
IndiGo,Mumbai,Hyderabad,non-stop,90.0,21,5,2019,21,20,21,5,2019,22,50
Jet Airways,Delhi,Cochin,1 stop,620.0,6,6,2019,2,15,6,6,2019,12,35
SpiceJet,Kolkata,Banglore,non-stop,150.0,3,12,2019,9,0,3,12,2019,11,30
IndiGo,Banglore,Delhi,non-stop,170.0,4,6,2019,22,10,4,7,2019,1,0
Jet Airways,Kolkata,Banglore,1 stop,330.0,6,9,2019,6,30,6,9,2019,12,0
Jet Airways,Delhi,Cochin,1 stop,610.0,15,6,2019,18,15,16,6,2019,4,25
SpiceJet,Kolkata,Banglore,non-stop,140.0,15,6,2019,22,20,16,6,2019,0,40
Air India,Delhi,Cochin,2 stops,1275.0,6,3,2019,22,0,6,4,2019,19,15
SpiceJet,Kolkata,Banglore,1 stop,520.0,6,9,2019,8,35,6,9,2019,17,15
SpiceJet,Chennai,Kolkata,non-stop,140.0,21,6,2019,17,45,21,6,2019,20,5
Jet Airways,Delhi,Cochin,2 stops,1205.0,3,9,2019,8,20,3,10,2019,4,25
Jet Airways,Delhi,Cochin,2 stops,440.0,6,1,2019,11,40,6,1,2019,19,0
Multiple carriers,Delhi,Cochin,1 stop,835.0,18,5,2019,7,5,18,5,2019,21,0
IndiGo,Banglore,Delhi,non-stop,170.0,3,3,2019,23,30,3,4,2019,2,20
Jet Airways,Delhi,Cochin,1 stop,1225.0,21,5,2019,8,0,22,5,2019,4,25
SpiceJet,Banglore,Delhi,non-stop,160.0,24,5,2019,5,55,24,5,2019,8,35
Jet Airways,Delhi,Cochin,1 stop,535.0,27,3,2019,9,55,27,3,2019,18,50
Jet Airways,Delhi,Cochin,1 stop,1595.0,4,1,2019,10,0,4,2,2019,12,35
SpiceJet,Delhi,Cochin,1 stop,380.0,15,4,2019,15,45,15,4,2019,22,5
SpiceJet,Banglore,Delhi,non-stop,170.0,24,3,2019,20,30,24,3,2019,23,20
Jet Airways,Kolkata,Banglore,1 stop,1655.0,6,9,2019,20,0,6,10,2019,23,35
IndiGo,Mumbai,Hyderabad,non-stop,90.0,5,12,2019,6,25,5,12,2019,7,55
Multiple carriers,Delhi,Cochin,1 stop,535.0,6,12,2019,10,20,6,12,2019,19,15
Air India,Mumbai,Hyderabad,2 stops,2245.0,3,12,2019,6,0,13,3,2019,19,25
Jet Airways,Delhi,Cochin,1 stop,1210.0,27,5,2019,22,50,28,5,2019,19,0
IndiGo,Kolkata,Banglore,non-stop,150.0,6,1,2019,14,25,6,1,2019,16,55
Air India,Banglore,Delhi,non-stop,170.0,4,3,2019,13,20,4,3,2019,16,10
SpiceJet,Delhi,Cochin,1 stop,295.0,4,1,2019,17,55,4,1,2019,22,50
IndiGo,Banglore,Delhi,non-stop,170.0,4,6,2019,10,30,4,6,2019,13,20
Air India,Banglore,Delhi,1 stop,385.0,3,3,2019,6,55,3,3,2019,13,20
Jet Airways,Kolkata,Banglore,1 stop,870.0,5,9,2019,20,25,5,10,2019,10,55
Air India,Kolkata,Banglore,2 stops,1255.0,24,5,2019,16,50,25,5,2019,13,45
Jet Airways,Delhi,Cochin,2 stops,1025.0,21,5,2019,19,30,22,5,2019,12,35
Jet Airways,Kolkata,Banglore,1 stop,735.0,4,1,2019,20,0,4,2,2019,8,15
Vistara,Kolkata,Banglore,1 stop,1550.0,4,1,2019,17,0,4,2,2019,18,50
Jet Airways,Delhi,Cochin,1 stop,330.0,21,5,2019,7,5,21,5,2019,12,35
Jet Airways,Delhi,Cochin,1 stop,1570.0,18,5,2019,2,15,19,5,2019,4,25
IndiGo,Chennai,Kolkata,non-stop,140.0,6,3,2019,19,35,6,3,2019,21,55
SpiceJet,Chennai,Kolkata,non-stop,140.0,6,1,2019,17,45,6,1,2019,20,5
Multiple carriers,Delhi,Cochin,1 stop,380.0,21,3,2019,7,0,21,3,2019,13,20
Jet Airways,Delhi,Cochin,2 stops,1995.0,21,3,2019,19,10,23,3,2019,4,25
Jet Airways,Delhi,Cochin,1 stop,1505.0,6,1,2019,11,30,6,2,2019,12,35
Air India,Banglore,Delhi,1 stop,745.0,3,3,2019,10,30,3,3,2019,22,55
Air India,Banglore,Delhi,2 stops,1525.0,3,12,2019,8,50,13,3,2019,10,15
Jet Airways,Delhi,Cochin,1 stop,660.0,4,6,2019,8,0,4,6,2019,19,0
IndiGo,Mumbai,Hyderabad,non-stop,90.0,5,3,2019,2,35,5,3,2019,4,5
Jet Airways,Delhi,Cochin,1 stop,520.0,3,6,2019,19,45,3,7,2019,4,25
Jet Airways,Kolkata,Banglore,1 stop,690.0,15,5,2019,9,35,15,5,2019,21,5
Jet Airways,Delhi,Cochin,1 stop,1505.0,21,5,2019,11,30,22,5,2019,12,35
Jet Airways,Kolkata,Banglore,1 stop,730.0,5,6,2019,16,30,5,7,2019,4,40
Air India,Banglore,Delhi,non-stop,165.0,24,3,2019,6,10,24,3,2019,8,55
IndiGo,Banglore,Delhi,non-stop,175.0,6,6,2019,18,25,6,6,2019,21,20
IndiGo,Delhi,Cochin,1 stop,310.0,6,9,2019,17,5,6,9,2019,22,15
Jet Airways,Banglore,Delhi,non-stop,180.0,21,6,2019,8,20,21,6,2019,11,20
Air India,Delhi,Cochin,1 stop,615.0,21,3,2019,9,0,21,3,2019,19,15
Air Asia,Kolkata,Banglore,non-stop,150.0,21,3,2019,22,50,22,3,2019,1,20
IndiGo,Banglore,Delhi,non-stop,170.0,27,4,2019,22,10,28,4,2019,1,0
Jet Airways,Mumbai,Hyderabad,non-stop,85.0,6,1,2019,7,5,6,1,2019,8,30
Air India,Kolkata,Banglore,2 stops,805.0,6,12,2019,9,50,6,12,2019,23,15
Jet Airways,Kolkata,Banglore,1 stop,1720.0,4,1,2019,18,55,4,2,2019,23,35
Multiple carriers,Delhi,Cochin,1 stop,870.0,21,3,2019,4,45,21,3,2019,19,15
IndiGo,Banglore,Delhi,non-stop,175.0,15,6,2019,18,25,15,6,2019,21,20
IndiGo,Kolkata,Banglore,1 stop,340.0,24,3,2019,14,30,24,3,2019,20,10
Jet Airways,Banglore,Delhi,1 stop,1070.0,3,12,2019,16,55,13,3,2019,10,45
Air India,Kolkata,Banglore,2 stops,765.0,18,5,2019,16,50,19,5,2019,5,35
Jet Airways,Kolkata,Banglore,1 stop,570.0,6,12,2019,14,5,6,12,2019,23,35
Multiple carriers,Delhi,Cochin,1 stop,385.0,6,1,2019,12,50,6,1,2019,19,15
Jet Airways,Mumbai,Hyderabad,non-stop,90.0,4,3,2019,10,20,4,3,2019,11,50
Multiple carriers,Delhi,Cochin,1 stop,730.0,21,3,2019,6,40,21,3,2019,18,50
SpiceJet,Kolkata,Banglore,non-stop,150.0,27,3,2019,9,0,27,3,2019,11,30
SpiceJet,Kolkata,Banglore,non-stop,150.0,3,9,2019,9,0,3,9,2019,11,30
Jet Airways,Delhi,Cochin,1 stop,1015.0,18,5,2019,11,30,19,5,2019,4,25
Air Asia,Kolkata,Banglore,1 stop,955.0,24,5,2019,7,35,24,5,2019,23,30
Air India,Delhi,Cochin,1 stop,675.0,3,3,2019,8,0,3,3,2019,19,15
Jet Airways,Delhi,Cochin,1 stop,1620.0,21,5,2019,16,0,22,5,2019,19,0
Multiple carriers,Delhi,Cochin,1 stop,835.0,5,9,2019,7,5,5,9,2019,21,0
Jet Airways,Kolkata,Banglore,1 stop,520.0,21,5,2019,20,0,22,5,2019,4,40
SpiceJet,Chennai,Kolkata,non-stop,140.0,27,6,2019,17,45,27,6,2019,20,5
Air Asia,Kolkata,Banglore,non-stop,150.0,15,6,2019,22,50,16,6,2019,1,20
Jet Airways,Delhi,Cochin,1 stop,870.0,3,6,2019,13,55,3,7,2019,4,25
Jet Airways,Delhi,Cochin,2 stops,995.0,27,6,2019,20,0,28,6,2019,12,35
Multiple carriers,Delhi,Cochin,1 stop,720.0,6,1,2019,9,0,6,1,2019,21,0
Air India,Delhi,Cochin,2 stops,1210.0,3,9,2019,13,15,3,10,2019,9,25
Jet Airways,Kolkata,Banglore,1 stop,870.0,4,1,2019,20,25,4,2,2019,10,55
Jet Airways,Delhi,Cochin,1 stop,620.0,27,5,2019,2,15,27,5,2019,12,35
Jet Airways,Banglore,Delhi,non-stop,180.0,5,9,2019,8,20,5,9,2019,11,20
SpiceJet,Mumbai,Hyderabad,non-stop,90.0,15,5,2019,13,15,15,5,2019,14,45
SpiceJet,Kolkata,Banglore,non-stop,155.0,6,3,2019,6,55,6,3,2019,9,30
Jet Airways,Kolkata,Banglore,1 stop,1155.0,5,6,2019,14,5,5,7,2019,9,20
Air India,Banglore,Delhi,2 stops,1030.0,3,3,2019,6,45,3,3,2019,23,55
Air Asia,Kolkata,Banglore,1 stop,720.0,5,12,2019,22,40,13,5,2019,10,40
Jet Airways,Mumbai,Hyderabad,non-stop,85.0,18,5,2019,7,5,18,5,2019,8,30
Jet Airways,Delhi,Cochin,2 stops,1465.0,21,3,2019,18,25,22,3,2019,18,50
Jet Airways,Delhi,Cochin,2 stops,1375.0,18,5,2019,5,30,19,5,2019,4,25
Jet Airways,Delhi,Cochin,2 stops,1300.0,6,1,2019,6,45,6,2,2019,4,25
IndiGo,Delhi,Cochin,1 stop,630.0,6,12,2019,15,0,13,6,2019,1,30
Air India,Delhi,Cochin,1 stop,955.0,27,5,2019,17,40,28,5,2019,9,35
IndiGo,Delhi,Cochin,1 stop,940.0,15,5,2019,6,50,15,5,2019,22,30
Multiple carriers,Delhi,Cochin,1 stop,570.0,6,1,2019,11,30,6,1,2019,21,0
Air India,Delhi,Cochin,non-stop,230.0,18,6,2019,14,5,18,6,2019,17,55
Air Asia,Delhi,Cochin,1 stop,865.0,15,5,2019,16,45,16,5,2019,7,10
Vistara,Kolkata,Banglore,1 stop,1560.0,24,3,2019,7,10,25,3,2019,9,10
IndiGo,Delhi,Cochin,1 stop,810.0,3,3,2019,7,30,3,3,2019,21,0
Jet Airways,Kolkata,Banglore,1 stop,740.0,21,5,2019,8,25,21,5,2019,20,45
Air India,Kolkata,Banglore,1 stop,675.0,5,12,2019,9,50,5,12,2019,21,5
Jet Airways,Mumbai,Hyderabad,non-stop,90.0,4,1,2019,10,20,4,1,2019,11,50
Air India,Kolkata,Banglore,2 stops,1665.0,15,5,2019,10,0,16,5,2019,13,45
Multiple carriers,Delhi,Cochin,2 stops,625.0,24,6,2019,15,5,25,6,2019,1,30
Air India,Mumbai,Hyderabad,non-stop,75.0,6,1,2019,19,30,6,1,2019,20,45
Jet Airways,Delhi,Cochin,2 stops,910.0,27,6,2019,21,25,28,6,2019,12,35
Jet Airways,Kolkata,Banglore,1 stop,400.0,4,1,2019,14,5,4,1,2019,20,45
Jet Airways,Banglore,Delhi,non-stop,180.0,24,4,2019,7,10,24,4,2019,10,10
Jet Airways,Delhi,Cochin,1 stop,1015.0,3,6,2019,11,30,3,7,2019,4,25
IndiGo,Kolkata,Banglore,non-stop,150.0,5,12,2019,15,15,5,12,2019,17,45
Jet Airways,Banglore,Delhi,non-stop,180.0,18,6,2019,7,10,18,6,2019,10,10
IndiGo,Delhi,Cochin,1 stop,290.0,15,5,2019,15,10,15,5,2019,20,0
GoAir,Banglore,Delhi,non-stop,165.0,4,3,2019,20,55,4,3,2019,23,40
Jet Airways,Delhi,Cochin,1 stop,330.0,4,6,2019,7,5,4,6,2019,12,35
Jet Airways,Mumbai,Hyderabad,non-stop,85.0,6,6,2019,2,55,6,6,2019,4,20
Air Asia,Kolkata,Banglore,non-stop,150.0,18,6,2019,9,45,18,6,2019,12,15
Jet Airways,Kolkata,Banglore,1 stop,665.0,6,9,2019,21,10,6,10,2019,8,15
Jet Airways,Delhi,Cochin,1 stop,925.0,24,6,2019,13,0,25,6,2019,4,25
Air India,Delhi,Cochin,2 stops,1380.0,27,6,2019,20,15,28,6,2019,19,15
SpiceJet,Mumbai,Hyderabad,non-stop,90.0,18,6,2019,13,15,18,6,2019,14,45
Jet Airways,Delhi,Cochin,1 stop,450.0,5,9,2019,11,30,5,9,2019,19,0
Jet Airways,Banglore,Delhi,non-stop,165.0,24,6,2019,6,0,24,6,2019,8,45
Multiple carriers,Delhi,Cochin,1 stop,910.0,6,3,2019,3,50,6,3,2019,19,0
IndiGo,Banglore,Delhi,non-stop,170.0,18,4,2019,10,10,18,4,2019,13,0
Jet Airways,Delhi,Cochin,2 stops,1620.0,24,6,2019,9,35,25,6,2019,12,35
Jet Airways,Delhi,Cochin,1 stop,450.0,24,6,2019,11,30,24,6,2019,19,0
IndiGo,Chennai,Kolkata,non-stop,140.0,5,9,2019,7,55,5,9,2019,10,15
IndiGo,Banglore,Delhi,1 stop,290.0,3,3,2019,7,30,3,3,2019,12,20
Air India,Banglore,Delhi,non-stop,165.0,5,3,2019,10,0,5,3,2019,12,45
Jet Airways,Kolkata,Banglore,1 stop,365.0,5,1,2019,16,30,5,1,2019,22,35
IndiGo,Mumbai,Hyderabad,non-stop,90.0,21,5,2019,6,25,21,5,2019,7,55
IndiGo,Kolkata,Banglore,non-stop,155.0,5,1,2019,4,40,5,1,2019,7,15
IndiGo,Kolkata,Banglore,1 stop,325.0,4,1,2019,18,5,4,1,2019,23,30
IndiGo,Delhi,Cochin,1 stop,975.0,6,6,2019,9,15,6,7,2019,1,30
Jet Airways,Kolkata,Banglore,1 stop,1150.0,15,5,2019,21,10,16,5,2019,16,20
SpiceJet,Banglore,Delhi,non-stop,170.0,5,9,2019,9,30,5,9,2019,12,20
Air India,Delhi,Cochin,2 stops,1100.0,5,9,2019,13,20,5,10,2019,7,40
Multiple carriers,Delhi,Cochin,1 stop,385.0,6,3,2019,9,45,6,3,2019,16,10
IndiGo,Kolkata,Banglore,non-stop,155.0,27,5,2019,20,20,27,5,2019,22,55
SpiceJet,Banglore,Delhi,non-stop,175.0,6,9,2019,21,10,6,10,2019,0,5
GoAir,Banglore,Delhi,non-stop,170.0,6,6,2019,11,40,6,6,2019,14,30
Air India,Delhi,Cochin,2 stops,2240.0,4,9,2019,5,55,4,10,2019,19,15
Jet Airways,Banglore,Delhi,non-stop,175.0,5,12,2019,11,10,5,12,2019,14,5
Jet Airways,Banglore,Delhi,1 stop,725.0,3,12,2019,21,25,13,3,2019,9,30
Jet Airways,Delhi,Cochin,1 stop,1225.0,21,3,2019,8,0,22,3,2019,4,25
Jet Airways,Delhi,Cochin,1 stop,715.0,18,5,2019,7,5,18,5,2019,19,0
Jet Airways,Kolkata,Banglore,1 stop,865.0,5,9,2019,18,55,5,10,2019,9,20
Jet Airways,Kolkata,Banglore,1 stop,800.0,24,5,2019,6,30,24,5,2019,19,50
GoAir,Delhi,Cochin,1 stop,370.0,15,4,2019,7,25,15,4,2019,13,35
Jet Airways,Kolkata,Banglore,1 stop,800.0,5,9,2019,6,30,5,9,2019,19,50
IndiGo,Delhi,Cochin,1 stop,575.0,15,5,2019,11,25,15,5,2019,21,0
Jet Airways,Kolkata,Banglore,1 stop,1485.0,24,5,2019,20,0,25,5,2019,20,45
Air India,Banglore,Delhi,2 stops,2315.0,3,1,2019,8,50,3,2,2019,23,25
Multiple carriers,Delhi,Cochin,2 stops,495.0,3,6,2019,13,5,3,6,2019,21,20
Jet Airways,Delhi,Cochin,1 stop,1145.0,5,9,2019,17,30,5,10,2019,12,35
Air India,Kolkata,Banglore,2 stops,805.0,18,5,2019,9,50,18,5,2019,23,15
Vistara,Kolkata,Banglore,1 stop,1625.0,21,5,2019,20,20,22,5,2019,23,25
GoAir,Delhi,Cochin,1 stop,365.0,6,9,2019,7,30,6,9,2019,13,35
Air India,Kolkata,Banglore,2 stops,1255.0,5,1,2019,16,50,5,2,2019,13,45
SpiceJet,Kolkata,Banglore,non-stop,155.0,6,12,2019,6,55,6,12,2019,9,30
IndiGo,Delhi,Cochin,1 stop,345.0,6,1,2019,21,50,6,2,2019,3,35
Jet Airways,Kolkata,Banglore,1 stop,1655.0,21,5,2019,6,30,22,5,2019,10,5
Jet Airways,Kolkata,Banglore,1 stop,330.0,24,3,2019,6,30,24,3,2019,12,0
Air India,Delhi,Cochin,2 stops,1820.0,6,6,2019,12,55,6,7,2019,19,15
IndiGo,Delhi,Cochin,non-stop,195.0,3,6,2019,5,35,3,6,2019,8,50
Air India,Kolkata,Banglore,non-stop,150.0,6,9,2019,14,15,6,9,2019,16,45
Jet Airways,Banglore,Delhi,1 stop,1475.0,3,9,2019,8,55,13,3,2019,9,30
Jet Airways,Delhi,Cochin,2 stops,1760.0,5,9,2019,23,5,5,11,2019,4,25
Vistara,Delhi,Cochin,non-stop,190.0,21,4,2019,14,40,21,4,2019,17,50
IndiGo,Mumbai,Hyderabad,non-stop,90.0,15,5,2019,16,55,15,5,2019,18,25
Multiple carriers,Delhi,Cochin,1 stop,570.0,18,5,2019,11,30,18,5,2019,21,0
Air Asia,Delhi,Cochin,1 stop,865.0,27,4,2019,16,45,28,4,2019,7,10
Jet Airways,Delhi,Cochin,1 stop,1145.0,21,5,2019,17,30,22,5,2019,12,35
Jet Airways,Kolkata,Banglore,1 stop,1745.0,5,12,2019,17,0,13,5,2019,22,5
SpiceJet,Mumbai,Hyderabad,non-stop,90.0,18,5,2019,5,45,18,5,2019,7,15
Air India,Banglore,Delhi,1 stop,1405.0,3,1,2019,0,30,3,1,2019,23,55
Air India,Delhi,Cochin,1 stop,555.0,27,5,2019,10,0,27,5,2019,19,15
Jet Airways,Kolkata,Banglore,1 stop,1025.0,6,9,2019,6,30,6,9,2019,23,35
IndiGo,Chennai,Kolkata,non-stop,140.0,3,1,2019,5,15,3,1,2019,7,35
Jet Airways,Delhi,Cochin,1 stop,335.0,27,5,2019,22,50,28,5,2019,4,25
Multiple carriers,Delhi,Cochin,1 stop,650.0,3,3,2019,8,0,3,3,2019,18,50
IndiGo,Kolkata,Banglore,1 stop,325.0,5,1,2019,18,5,5,1,2019,23,30
IndiGo,Kolkata,Banglore,non-stop,165.0,27,5,2019,9,35,27,5,2019,12,20
GoAir,Delhi,Cochin,1 stop,310.0,27,6,2019,14,25,27,6,2019,19,35
Air India,Banglore,Delhi,non-stop,165.0,3,1,2019,17,0,3,1,2019,19,45
Air India,Banglore,Delhi,2 stops,575.0,18,3,2019,6,45,18,3,2019,16,20
Jet Airways,Kolkata,Banglore,1 stop,575.0,5,6,2019,9,35,5,6,2019,19,10
Jet Airways,Delhi,Cochin,2 stops,1390.0,21,5,2019,13,25,22,5,2019,12,35
Jet Airways,Kolkata,Banglore,1 stop,520.0,15,5,2019,20,0,16,5,2019,4,40
IndiGo,Delhi,Cochin,1 stop,455.0,15,6,2019,8,35,15,6,2019,16,10
Multiple carriers,Delhi,Cochin,1 stop,835.0,27,5,2019,7,5,27,5,2019,21,0
Air India,Mumbai,Hyderabad,non-stop,80.0,21,3,2019,6,20,21,3,2019,7,40
Jet Airways,Mumbai,Hyderabad,non-stop,90.0,6,12,2019,19,35,6,12,2019,21,5
IndiGo,Kolkata,Banglore,1 stop,265.0,4,9,2019,19,20,4,9,2019,23,45
Air India,Banglore,Delhi,non-stop,165.0,3,3,2019,6,10,3,3,2019,8,55
Jet Airways,Delhi,Cochin,1 stop,825.0,4,1,2019,22,50,4,2,2019,12,35
Air India,Delhi,Cochin,1 stop,1535.0,5,9,2019,5,15,5,10,2019,6,50
Multiple carriers,Delhi,Cochin,1 stop,450.0,27,5,2019,18,0,28,5,2019,1,30
IndiGo,Chennai,Kolkata,non-stop,140.0,5,3,2019,22,5,5,4,2019,0,25
SpiceJet,Banglore,Delhi,non-stop,175.0,6,6,2019,21,10,6,7,2019,0,5
Jet Airways,Mumbai,Hyderabad,non-stop,90.0,21,3,2019,10,20,21,3,2019,11,50
SpiceJet,Kolkata,Banglore,non-stop,150.0,27,4,2019,17,10,27,4,2019,19,40
SpiceJet,Banglore,Delhi,non-stop,170.0,4,6,2019,9,30,4,6,2019,12,20
Air India,Kolkata,Banglore,2 stops,1530.0,4,1,2019,16,50,4,2,2019,18,20
Jet Airways,Banglore,Delhi,1 stop,860.0,3,1,2019,7,0,3,1,2019,21,20
IndiGo,Chennai,Kolkata,non-stop,140.0,3,12,2019,7,55,3,12,2019,10,15
Jet Airways,Delhi,Cochin,2 stops,1615.0,24,6,2019,9,40,25,6,2019,12,35
IndiGo,Delhi,Cochin,1 stop,350.0,27,3,2019,7,30,27,3,2019,13,20
Jet Airways,Kolkata,Banglore,1 stop,590.0,15,5,2019,8,25,15,5,2019,18,15
Air Asia,Banglore,Delhi,non-stop,170.0,21,6,2019,23,55,22,6,2019,2,45
Jet Airways,Delhi,Cochin,2 stops,535.0,27,5,2019,19,30,28,5,2019,4,25
Multiple carriers,Delhi,Cochin,1 stop,490.0,15,5,2019,12,50,15,5,2019,21,0
Air India,Mumbai,Hyderabad,non-stop,85.0,5,3,2019,15,0,5,3,2019,16,25
Jet Airways,Delhi,Cochin,2 stops,505.0,21,5,2019,20,0,22,5,2019,4,25
Jet Airways,Delhi,Cochin,1 stop,450.0,15,6,2019,11,30,15,6,2019,19,0
IndiGo,Kolkata,Banglore,non-stop,155.0,5,1,2019,15,30,5,1,2019,18,5
Multiple carriers,Delhi,Cochin,1 stop,795.0,3,3,2019,2,15,3,3,2019,15,30
Air India,Kolkata,Banglore,2 stops,760.0,24,3,2019,9,10,24,3,2019,21,50
IndiGo,Delhi,Cochin,1 stop,665.0,27,6,2019,5,5,27,6,2019,16,10
Jet Airways,Banglore,Delhi,non-stop,175.0,15,6,2019,11,10,15,6,2019,14,5
Jet Airways,Kolkata,Banglore,1 stop,590.0,6,9,2019,8,25,6,9,2019,18,15
Jet Airways,Banglore,Delhi,non-stop,165.0,18,6,2019,6,0,18,6,2019,8,45
Air India,Kolkata,Banglore,2 stops,1830.0,5,1,2019,12,0,5,2,2019,18,30
SpiceJet,Kolkata,Banglore,1 stop,330.0,5,12,2019,15,55,5,12,2019,21,25
SpiceJet,Kolkata,Banglore,1 stop,315.0,5,9,2019,15,5,5,9,2019,20,20
Jet Airways,Kolkata,Banglore,1 stop,1655.0,5,6,2019,6,30,5,7,2019,10,5
Air India,Mumbai,Hyderabad,non-stop,75.0,15,6,2019,19,30,15,6,2019,20,45
Jet Airways,Kolkata,Banglore,1 stop,1730.0,5,12,2019,9,35,13,5,2019,14,25
Multiple carriers,Delhi,Cochin,1 stop,630.0,18,5,2019,8,30,18,5,2019,19,0
IndiGo,Delhi,Cochin,1 stop,305.0,27,5,2019,20,25,28,5,2019,1,30
IndiGo,Delhi,Cochin,1 stop,275.0,24,6,2019,7,35,24,6,2019,12,10
SpiceJet,Kolkata,Banglore,non-stop,145.0,6,9,2019,9,0,6,9,2019,11,25
Jet Airways,Delhi,Cochin,1 stop,540.0,5,9,2019,10,0,5,9,2019,19,0
Air India,Delhi,Cochin,2 stops,1115.0,27,3,2019,13,5,28,3,2019,7,40
Multiple carriers,Delhi,Cochin,1 stop,615.0,6,6,2019,8,45,6,6,2019,19,0
Jet Airways,Delhi,Cochin,1 stop,395.0,6,12,2019,21,50,13,6,2019,4,25
Jet Airways,Delhi,Cochin,2 stops,1320.0,6,3,2019,14,35,6,4,2019,12,35
Multiple carriers,Delhi,Cochin,1 stop,840.0,5,9,2019,11,30,5,10,2019,1,30
Multiple carriers,Delhi,Cochin,1 stop,380.0,27,3,2019,7,0,27,3,2019,13,20
Jet Airways,Delhi,Cochin,1 stop,1530.0,6,1,2019,17,30,6,2,2019,19,0
Vistara,Kolkata,Banglore,1 stop,1350.0,6,12,2019,20,20,13,6,2019,18,50
Air India,Delhi,Cochin,2 stops,435.0,24,6,2019,12,0,24,6,2019,19,15
Vistara,Banglore,Delhi,non-stop,170.0,4,9,2019,9,45,4,9,2019,12,35
SpiceJet,Banglore,Delhi,1 stop,475.0,3,1,2019,10,20,3,1,2019,18,15
Jet Airways,Kolkata,Banglore,1 stop,1520.0,5,1,2019,9,35,5,2,2019,10,55
Air India,Mumbai,Hyderabad,non-stop,85.0,24,5,2019,15,0,24,5,2019,16,25
Jet Airways,Delhi,Cochin,1 stop,865.0,6,9,2019,14,0,6,10,2019,4,25
Air India,Kolkata,Banglore,non-stop,155.0,24,4,2019,20,45,24,4,2019,23,20
Jet Airways,Delhi,Cochin,2 stops,995.0,15,6,2019,20,0,16,6,2019,12,35
Jet Airways,Delhi,Cochin,1 stop,450.0,5,9,2019,11,30,5,9,2019,19,0
IndiGo,Delhi,Cochin,1 stop,965.0,6,12,2019,4,55,6,12,2019,21,0
Jet Airways,Mumbai,Hyderabad,non-stop,85.0,21,6,2019,7,5,21,6,2019,8,30
IndiGo,Delhi,Cochin,1 stop,965.0,18,5,2019,4,55,18,5,2019,21,0
Multiple carriers,Delhi,Cochin,1 stop,615.0,5,9,2019,8,45,5,9,2019,19,0
IndiGo,Kolkata,Banglore,non-stop,155.0,15,5,2019,17,15,15,5,2019,19,50
Air India,Delhi,Cochin,1 stop,705.0,6,12,2019,20,30,13,6,2019,8,15
SpiceJet,Kolkata,Banglore,non-stop,140.0,15,5,2019,22,20,16,5,2019,0,40
Jet Airways,Delhi,Cochin,1 stop,600.0,6,6,2019,9,0,6,6,2019,19,0
Jet Airways,Kolkata,Banglore,1 stop,1155.0,6,12,2019,14,5,13,6,2019,9,20
IndiGo,Kolkata,Banglore,1 stop,240.0,21,5,2019,6,20,21,5,2019,10,20
Jet Airways,Kolkata,Banglore,1 stop,400.0,6,6,2019,14,5,6,6,2019,20,45
SpiceJet,Mumbai,Hyderabad,non-stop,90.0,21,5,2019,5,45,21,5,2019,7,15
Air India,Mumbai,Hyderabad,2 stops,1840.0,3,6,2019,12,45,3,7,2019,19,25
IndiGo,Delhi,Cochin,1 stop,705.0,6,12,2019,9,15,6,12,2019,21,0
Multiple carriers,Delhi,Cochin,1 stop,510.0,18,5,2019,17,0,19,5,2019,1,30
Jet Airways,Kolkata,Banglore,1 stop,400.0,24,5,2019,14,5,24,5,2019,20,45
Air India,Kolkata,Banglore,1 stop,1110.0,4,1,2019,17,30,4,2,2019,12,0
Air Asia,Banglore,Delhi,non-stop,170.0,18,5,2019,23,55,19,5,2019,2,45
IndiGo,Mumbai,Hyderabad,non-stop,90.0,24,6,2019,9,10,24,6,2019,10,40
Jet Airways,Banglore,Delhi,non-stop,180.0,15,5,2019,8,20,15,5,2019,11,20
Air India,Delhi,Cochin,2 stops,1560.0,27,6,2019,17,15,28,6,2019,19,15
Jet Airways,Kolkata,Banglore,1 stop,705.0,24,5,2019,6,30,24,5,2019,18,15
Air Asia,Banglore,Delhi,non-stop,170.0,6,6,2019,23,55,6,7,2019,2,45
Jet Airways,Delhi,Cochin,1 stop,1165.0,6,1,2019,9,0,6,2,2019,4,25
Jet Airways,Mumbai,Hyderabad,non-stop,85.0,5,9,2019,7,5,5,9,2019,8,30
SpiceJet,Kolkata,Banglore,non-stop,155.0,15,5,2019,6,55,15,5,2019,9,30
Air India,Kolkata,Banglore,2 stops,1625.0,15,5,2019,5,50,16,5,2019,8,55
Jet Airways,Delhi,Cochin,1 stop,1005.0,27,5,2019,2,15,27,5,2019,19,0
Jet Airways,Kolkata,Banglore,1 stop,865.0,4,1,2019,18,55,4,2,2019,9,20
Air India,Mumbai,Hyderabad,non-stop,90.0,5,9,2019,13,55,5,9,2019,15,25
IndiGo,Kolkata,Banglore,non-stop,165.0,18,5,2019,9,35,18,5,2019,12,20
Multiple carriers,Delhi,Cochin,1 stop,690.0,15,5,2019,7,30,15,5,2019,19,0
Jet Airways,Delhi,Cochin,1 stop,1425.0,6,9,2019,19,15,6,10,2019,19,0
Air India,Banglore,Delhi,2 stops,1710.0,3,12,2019,6,50,13,3,2019,11,20
Jet Airways,Delhi,Cochin,2 stops,1090.0,15,6,2019,18,25,16,6,2019,12,35
Jet Airways,Delhi,Cochin,2 stops,1140.0,4,9,2019,9,25,4,10,2019,4,25
Jet Airways,Kolkata,Banglore,1 stop,505.0,6,12,2019,9,35,6,12,2019,18,0
IndiGo,Banglore,Delhi,non-stop,175.0,21,3,2019,20,0,21,3,2019,22,55
IndiGo,Delhi,Cochin,1 stop,895.0,21,5,2019,10,35,22,5,2019,1,30
Jet Airways,Kolkata,Banglore,1 stop,425.0,18,5,2019,16,30,18,5,2019,23,35
Air India,Delhi,Cochin,1 stop,1125.0,3,6,2019,13,30,3,7,2019,8,15
SpiceJet,Delhi,Cochin,1 stop,315.0,24,6,2019,6,5,24,6,2019,11,20
IndiGo,Delhi,Cochin,1 stop,300.0,6,1,2019,16,0,6,1,2019,21,0
Air India,Banglore,Delhi,2 stops,435.0,18,3,2019,10,30,18,3,2019,17,45
Multiple carriers,Delhi,Cochin,1 stop,630.0,27,6,2019,8,45,27,6,2019,19,15
IndiGo,Kolkata,Banglore,1 stop,220.0,4,1,2019,19,35,4,1,2019,23,15
Air Asia,Kolkata,Banglore,non-stop,150.0,5,9,2019,22,50,5,10,2019,1,20
Vistara,Mumbai,Hyderabad,1 stop,850.0,3,6,2019,8,45,3,6,2019,22,55
Air India,Kolkata,Banglore,1 stop,1540.0,4,1,2019,16,50,4,2,2019,18,30
Multiple carriers,Delhi,Cochin,1 stop,455.0,21,5,2019,11,40,21,5,2019,19,15
Air India,Banglore,Delhi,1 stop,480.0,15,3,2019,11,50,15,3,2019,19,50
IndiGo,Kolkata,Banglore,non-stop,155.0,6,12,2019,17,15,6,12,2019,19,50
Air India,Delhi,Cochin,non-stop,170.0,21,3,2019,5,10,21,3,2019,8,0
Jet Airways,Delhi,Cochin,2 stops,1320.0,6,3,2019,14,35,6,4,2019,12,35
Jet Airways,Delhi,Cochin,2 stops,1025.0,6,12,2019,19,30,13,6,2019,12,35
Multiple carriers,Delhi,Cochin,1 stop,830.0,24,6,2019,11,40,25,6,2019,1,30
Air India,Kolkata,Banglore,1 stop,1435.0,24,5,2019,20,30,25,5,2019,20,25
IndiGo,Kolkata,Banglore,1 stop,265.0,5,6,2019,19,20,5,6,2019,23,45
Multiple carriers,Delhi,Cochin,1 stop,845.0,6,1,2019,4,55,6,1,2019,19,0
Jet Airways,Delhi,Cochin,2 stops,425.0,5,9,2019,5,30,5,9,2019,12,35
Air India,Kolkata,Banglore,2 stops,1200.0,4,1,2019,9,25,4,2,2019,5,25
IndiGo,Delhi,Cochin,1 stop,425.0,21,5,2019,5,5,21,5,2019,12,10
Vistara,Banglore,Delhi,non-stop,160.0,18,3,2019,19,40,18,3,2019,22,20
IndiGo,Delhi,Cochin,1 stop,705.0,6,9,2019,9,15,6,9,2019,21,0
Air India,Banglore,Delhi,2 stops,1625.0,3,6,2019,8,15,3,7,2019,11,20
Jet Airways,Delhi,Cochin,2 stops,900.0,27,5,2019,13,25,28,5,2019,4,25
Air India,Kolkata,Banglore,2 stops,1100.0,18,5,2019,7,0,19,5,2019,1,20
Jet Airways,Delhi,Cochin,1 stop,320.0,3,6,2019,23,5,3,7,2019,4,25
Jet Airways,Delhi,Cochin,2 stops,1375.0,6,1,2019,5,30,6,2,2019,4,25
Air India,Banglore,Delhi,1 stop,330.0,15,3,2019,6,45,15,3,2019,12,15
Jet Airways,Banglore,Delhi,1 stop,625.0,21,3,2019,5,45,21,3,2019,16,10
Jet Airways,Mumbai,Hyderabad,non-stop,90.0,24,6,2019,8,45,24,6,2019,10,15
Jet Airways,Delhi,Cochin,2 stops,1025.0,24,6,2019,19,30,25,6,2019,12,35
Air India,Delhi,Cochin,2 stops,1210.0,15,6,2019,13,15,16,6,2019,9,25
Jet Airways,Delhi,Cochin,2 stops,1775.0,18,5,2019,13,25,19,5,2019,19,0
Jet Airways,Delhi,Cochin,2 stops,1615.0,27,5,2019,9,40,28,5,2019,12,35
Jet Airways,Delhi,Cochin,1 stop,520.0,6,12,2019,19,45,13,6,2019,4,25
Multiple carriers,Delhi,Cochin,1 stop,630.0,21,5,2019,8,30,21,5,2019,19,0
Jet Airways,Delhi,Cochin,2 stops,1615.0,27,5,2019,9,40,28,5,2019,12,35
IndiGo,Banglore,Delhi,non-stop,170.0,5,1,2019,22,10,5,2,2019,1,0
IndiGo,Delhi,Cochin,1 stop,295.0,15,5,2019,5,10,15,5,2019,10,5
IndiGo,Delhi,Cochin,1 stop,560.0,24,6,2019,6,50,24,6,2019,16,10
IndiGo,Kolkata,Banglore,non-stop,150.0,21,6,2019,14,25,21,6,2019,16,55
Multiple carriers,Delhi,Cochin,1 stop,440.0,27,3,2019,6,0,27,3,2019,13,20
Jet Airways,Banglore,Delhi,1 stop,810.0,3,12,2019,22,55,13,3,2019,12,25
Jet Airways,Delhi,Cochin,2 stops,1375.0,18,5,2019,5,30,19,5,2019,4,25
IndiGo,Banglore,Delhi,non-stop,175.0,24,3,2019,7,10,24,3,2019,10,5
Air India,Banglore,Delhi,1 stop,1490.0,3,1,2019,10,30,3,2,2019,11,20
SpiceJet,Mumbai,Hyderabad,non-stop,90.0,15,6,2019,22,45,16,6,2019,0,15
Air Asia,Delhi,Cochin,1 stop,870.0,24,4,2019,7,55,24,4,2019,22,25
Jet Airways,Kolkata,Banglore,1 stop,475.0,5,1,2019,8,25,5,1,2019,16,20
Air India,Delhi,Cochin,1 stop,700.0,6,9,2019,20,0,6,10,2019,7,40
Jet Airways,Delhi,Cochin,2 stops,810.0,5,9,2019,5,30,5,9,2019,19,0
SpiceJet,Chennai,Kolkata,non-stop,135.0,18,5,2019,8,20,18,5,2019,10,35
IndiGo,Kolkata,Banglore,1 stop,280.0,15,5,2019,17,35,15,5,2019,22,15
Jet Airways,Delhi,Cochin,2 stops,900.0,27,5,2019,13,25,28,5,2019,4,25
Jet Airways,Kolkata,Banglore,1 stop,1315.0,5,1,2019,14,5,5,2,2019,12,0
Jet Airways,Kolkata,Banglore,1 stop,775.0,5,9,2019,21,10,5,10,2019,10,5
IndiGo,Delhi,Cochin,1 stop,505.0,21,3,2019,17,10,22,3,2019,1,35
SpiceJet,Kolkata,Banglore,non-stop,140.0,21,4,2019,22,20,22,4,2019,0,40
Jet Airways,Mumbai,Hyderabad,non-stop,90.0,21,6,2019,10,20,21,6,2019,11,50
Jet Airways,Kolkata,Banglore,1 stop,1450.0,5,6,2019,9,35,5,7,2019,9,45
Air India,Kolkata,Banglore,2 stops,1320.0,5,9,2019,14,30,5,10,2019,12,30
IndiGo,Banglore,Delhi,1 stop,260.0,3,1,2019,16,15,3,1,2019,20,35
SpiceJet,Banglore,Delhi,non-stop,175.0,21,5,2019,21,10,22,5,2019,0,5
Jet Airways,Banglore,Delhi,non-stop,175.0,24,4,2019,11,10,24,4,2019,14,5
Multiple carriers,Delhi,Cochin,1 stop,455.0,27,5,2019,11,40,27,5,2019,19,15
IndiGo,Banglore,Delhi,non-stop,180.0,4,3,2019,16,55,4,3,2019,19,55
IndiGo,Banglore,Delhi,non-stop,165.0,15,6,2019,1,30,15,6,2019,4,15
Jet Airways,Delhi,Cochin,2 stops,1615.0,6,12,2019,9,40,13,6,2019,12,35
IndiGo,Banglore,Delhi,non-stop,165.0,3,9,2019,6,0,3,9,2019,8,45
Air Asia,Kolkata,Banglore,2 stops,500.0,6,9,2019,15,10,6,9,2019,23,30
Jet Airways,Banglore,Delhi,1 stop,800.0,21,3,2019,8,0,21,3,2019,21,20
Multiple carriers,Delhi,Cochin,1 stop,720.0,27,5,2019,9,0,27,5,2019,21,0
Jet Airways,Delhi,Cochin,1 stop,1485.0,27,6,2019,18,15,28,6,2019,19,0
Air India,Kolkata,Banglore,2 stops,1210.0,24,3,2019,9,25,25,3,2019,5,35
IndiGo,Kolkata,Banglore,1 stop,305.0,24,3,2019,15,10,24,3,2019,20,15
Jet Airways,Mumbai,Hyderabad,non-stop,90.0,18,6,2019,19,35,18,6,2019,21,5
SpiceJet,Mumbai,Hyderabad,non-stop,80.0,18,3,2019,13,10,18,3,2019,14,30
Air India,Delhi,Cochin,2 stops,1275.0,5,9,2019,22,0,5,10,2019,19,15
Jet Airways,Delhi,Cochin,1 stop,1145.0,18,5,2019,17,30,19,5,2019,12,35
IndiGo,Kolkata,Banglore,non-stop,155.0,4,1,2019,11,30,4,1,2019,14,5
Multiple carriers,Delhi,Cochin,2 stops,855.0,21,3,2019,7,5,21,3,2019,21,20
Vistara,Banglore,Delhi,non-stop,160.0,3,3,2019,7,0,3,3,2019,9,40
Air India,Delhi,Cochin,non-stop,170.0,15,4,2019,5,10,15,4,2019,8,0
Air Asia,Kolkata,Banglore,2 stops,500.0,6,6,2019,15,10,6,6,2019,23,30
Jet Airways,Kolkata,Banglore,1 stop,730.0,21,5,2019,16,30,22,5,2019,4,40
Vistara,Mumbai,Hyderabad,1 stop,1555.0,3,6,2019,7,30,3,7,2019,9,25
Jet Airways,Delhi,Cochin,1 stop,450.0,5,9,2019,20,55,5,10,2019,4,25
Jet Airways,Delhi,Cochin,1 stop,1005.0,6,12,2019,2,15,6,12,2019,19,0
Multiple carriers,Delhi,Cochin,1 stop,515.0,27,3,2019,17,0,28,3,2019,1,35
Jet Airways,Delhi,Cochin,2 stops,1325.0,21,3,2019,6,20,22,3,2019,4,25
IndiGo,Delhi,Cochin,1 stop,570.0,3,3,2019,11,30,3,3,2019,21,0
Air India,Banglore,Delhi,2 stops,1795.0,24,3,2019,17,0,26,3,2019,22,55
Jet Airways,Delhi,Cochin,2 stops,485.0,21,3,2019,10,45,21,3,2019,18,50
SpiceJet,Banglore,Delhi,non-stop,175.0,6,3,2019,21,10,6,4,2019,0,5
Air India,Delhi,Cochin,2 stops,1470.0,21,5,2019,18,45,22,5,2019,19,15
Air India,Delhi,Cochin,1 stop,765.0,21,3,2019,20,40,22,3,2019,9,25
Air India,Kolkata,Banglore,2 stops,875.0,24,5,2019,5,50,24,5,2019,20,25
Air India,Delhi,Cochin,2 stops,1545.0,3,9,2019,5,55,3,10,2019,7,40
IndiGo,Delhi,Cochin,1 stop,315.0,24,6,2019,7,15,24,6,2019,12,30
Air Asia,Banglore,Delhi,non-stop,170.0,6,1,2019,23,55,6,2,2019,2,45
Jet Airways,Kolkata,Banglore,1 stop,1610.0,5,12,2019,6,30,13,5,2019,9,20
IndiGo,Delhi,Cochin,1 stop,300.0,27,3,2019,5,5,27,3,2019,10,5
Multiple carriers,Delhi,Cochin,1 stop,455.0,6,9,2019,14,55,6,9,2019,22,30
Jet Airways,Banglore,Delhi,non-stop,185.0,18,6,2019,18,55,18,6,2019,22,0
Jet Airways,Kolkata,Banglore,1 stop,450.0,18,5,2019,21,10,19,5,2019,4,40
IndiGo,Kolkata,Banglore,non-stop,155.0,6,9,2019,17,15,6,9,2019,19,50
Multiple carriers,Delhi,Cochin,1 stop,760.0,6,9,2019,12,50,6,10,2019,1,30
Jet Airways,Banglore,Delhi,1 stop,900.0,18,3,2019,14,5,19,3,2019,5,5
IndiGo,Delhi,Cochin,1 stop,645.0,21,3,2019,4,45,21,3,2019,15,30
Jet Airways,Banglore,Delhi,1 stop,685.0,3,1,2019,7,0,3,1,2019,18,25
Jet Airways,Delhi,Cochin,1 stop,805.0,24,6,2019,15,0,25,6,2019,4,25
Jet Airways,Mumbai,Hyderabad,non-stop,90.0,18,5,2019,19,35,18,5,2019,21,5
IndiGo,Banglore,Delhi,non-stop,170.0,15,4,2019,4,0,15,4,2019,6,50
IndiGo,Banglore,Delhi,non-stop,170.0,3,9,2019,22,20,3,10,2019,1,10
Jet Airways,Banglore,Delhi,non-stop,180.0,15,6,2019,8,20,15,6,2019,11,20
Vistara,Kolkata,Banglore,1 stop,1440.0,6,12,2019,20,20,13,6,2019,20,20
Multiple carriers,Delhi,Cochin,1 stop,480.0,18,5,2019,17,30,19,5,2019,1,30
Jet Airways,Delhi,Cochin,2 stops,425.0,27,6,2019,5,30,27,6,2019,12,35
Vistara,Kolkata,Banglore,1 stop,975.0,6,9,2019,7,10,6,9,2019,23,25
Jet Airways,Delhi,Cochin,2 stops,1925.0,21,3,2019,10,45,22,3,2019,18,50
Air India,Delhi,Cochin,1 stop,765.0,6,12,2019,20,40,13,6,2019,9,25
Air Asia,Kolkata,Banglore,2 stops,500.0,15,5,2019,15,10,15,5,2019,23,30
IndiGo,Delhi,Cochin,1 stop,455.0,6,12,2019,8,35,6,12,2019,16,10
Air India,Delhi,Cochin,2 stops,1730.0,24,6,2019,14,25,25,6,2019,19,15
Jet Airways,Kolkata,Banglore,1 stop,740.0,5,1,2019,8,25,5,1,2019,20,45
Jet Airways,Kolkata,Banglore,1 stop,1450.0,5,1,2019,9,35,5,2,2019,9,45
Multiple carriers,Delhi,Cochin,1 stop,390.0,6,9,2019,19,0,6,10,2019,1,30
Air India,Banglore,Delhi,non-stop,165.0,15,6,2019,6,10,15,6,2019,8,55
Air India,Delhi,Cochin,non-stop,230.0,4,9,2019,14,5,4,9,2019,17,55
Jet Airways,Delhi,Cochin,2 stops,1140.0,27,6,2019,9,25,28,6,2019,4,25
SpiceJet,Kolkata,Banglore,non-stop,155.0,24,4,2019,6,55,24,4,2019,9,30
SpiceJet,Mumbai,Hyderabad,non-stop,90.0,15,6,2019,13,15,15,6,2019,14,45
Jet Airways,Delhi,Cochin,1 stop,1325.0,6,3,2019,20,55,6,4,2019,19,0
IndiGo,Delhi,Cochin,1 stop,635.0,6,3,2019,11,55,6,3,2019,22,30
Air India,Delhi,Cochin,2 stops,1410.0,21,5,2019,19,45,22,5,2019,19,15
Jet Airways,Mumbai,Hyderabad,non-stop,90.0,24,3,2019,19,35,24,3,2019,21,5
Vistara,Kolkata,Banglore,1 stop,1350.0,6,6,2019,20,20,6,7,2019,18,50
Jet Airways,Delhi,Cochin,2 stops,810.0,4,9,2019,5,30,4,9,2019,19,0
SpiceJet,Chennai,Kolkata,non-stop,135.0,5,3,2019,8,20,5,3,2019,10,35
Multiple carriers,Delhi,Cochin,1 stop,755.0,6,1,2019,6,40,6,1,2019,19,15
Jet Airways,Mumbai,Hyderabad,non-stop,85.0,24,6,2019,7,5,24,6,2019,8,30
SpiceJet,Delhi,Cochin,1 stop,270.0,4,3,2019,8,45,4,3,2019,13,15
Vistara,Delhi,Cochin,non-stop,190.0,4,9,2019,6,0,4,9,2019,9,10
Jet Airways,Kolkata,Banglore,1 stop,1200.0,5,6,2019,14,5,5,7,2019,10,5
SpiceJet,Delhi,Cochin,1 stop,270.0,6,9,2019,8,45,6,9,2019,13,15
Jet Airways,Kolkata,Banglore,1 stop,330.0,21,5,2019,6,30,21,5,2019,12,0
Jet Airways,Kolkata,Banglore,1 stop,800.0,5,1,2019,6,30,5,1,2019,19,50
Vistara,Banglore,Delhi,non-stop,170.0,18,4,2019,9,45,18,4,2019,12,35
IndiGo,Banglore,Delhi,non-stop,170.0,4,3,2019,22,10,4,4,2019,1,0
Multiple carriers,Delhi,Cochin,1 stop,555.0,24,6,2019,13,15,24,6,2019,22,30
IndiGo,Banglore,Delhi,non-stop,175.0,5,12,2019,18,25,5,12,2019,21,20
Jet Airways,Kolkata,Banglore,1 stop,730.0,5,1,2019,21,10,5,2,2019,9,20
SpiceJet,Chennai,Kolkata,non-stop,135.0,21,6,2019,8,20,21,6,2019,10,35
Jet Airways,Delhi,Cochin,1 stop,940.0,6,3,2019,20,55,6,4,2019,12,35
Air India,Banglore,Delhi,non-stop,170.0,18,3,2019,13,20,18,3,2019,16,10
IndiGo,Delhi,Cochin,1 stop,860.0,6,6,2019,6,40,6,6,2019,21,0
Jet Airways,Kolkata,Banglore,1 stop,475.0,4,1,2019,8,25,4,1,2019,16,20
GoAir,Banglore,Delhi,non-stop,175.0,6,1,2019,7,45,6,1,2019,10,40
IndiGo,Kolkata,Banglore,1 stop,295.0,15,5,2019,9,20,15,5,2019,14,15
IndiGo,Chennai,Kolkata,non-stop,140.0,5,12,2019,7,55,5,12,2019,10,15
Jet Airways,Banglore,Delhi,non-stop,175.0,5,12,2019,11,10,5,12,2019,14,5
SpiceJet,Kolkata,Banglore,1 stop,315.0,18,5,2019,15,5,18,5,2019,20,20
Multiple carriers,Delhi,Cochin,1 stop,480.0,6,6,2019,17,30,6,7,2019,1,30
Vistara,Kolkata,Banglore,1 stop,930.0,18,5,2019,7,10,18,5,2019,22,40
Jet Airways,Delhi,Cochin,2 stops,1125.0,24,6,2019,9,40,25,6,2019,4,25
IndiGo,Banglore,Delhi,non-stop,175.0,5,1,2019,0,30,5,1,2019,3,25
Vistara,Banglore,Delhi,non-stop,170.0,24,4,2019,9,45,24,4,2019,12,35
IndiGo,Banglore,Delhi,non-stop,175.0,21,6,2019,7,10,21,6,2019,10,5
IndiGo,Mumbai,Hyderabad,non-stop,95.0,15,5,2019,20,5,15,5,2019,21,40
Jet Airways,Delhi,Cochin,1 stop,335.0,27,6,2019,22,50,28,6,2019,4,25
Air Asia,Delhi,Cochin,1 stop,315.0,27,3,2019,7,55,27,3,2019,13,10
SpiceJet,Banglore,Delhi,non-stop,175.0,15,6,2019,21,10,16,6,2019,0,5
Jet Airways,Delhi,Cochin,1 stop,600.0,6,12,2019,9,0,6,12,2019,19,0
Multiple carriers,Delhi,Cochin,1 stop,455.0,3,6,2019,11,40,3,6,2019,19,15
Jet Airways,Kolkata,Banglore,1 stop,1745.0,6,9,2019,17,0,6,10,2019,22,5
Jet Airways,Kolkata,Banglore,1 stop,1365.0,5,1,2019,20,25,5,2,2019,19,10
Air India,Banglore,Delhi,1 stop,700.0,3,1,2019,11,5,3,1,2019,22,45
GoAir,Banglore,Delhi,non-stop,165.0,15,6,2019,20,55,15,6,2019,23,40
Multiple carriers,Delhi,Cochin,1 stop,555.0,21,5,2019,10,0,21,5,2019,19,15
Jet Airways,Mumbai,Hyderabad,non-stop,90.0,21,6,2019,8,45,21,6,2019,10,15
SpiceJet,Chennai,Kolkata,non-stop,140.0,6,3,2019,17,45,6,3,2019,20,5
Vistara,Chennai,Kolkata,non-stop,140.0,24,5,2019,17,45,24,5,2019,20,5
Multiple carriers,Delhi,Cochin,1 stop,615.0,27,5,2019,9,0,27,5,2019,19,15
Jet Airways,Banglore,Delhi,non-stop,180.0,4,3,2019,8,20,4,3,2019,11,20
IndiGo,Kolkata,Banglore,non-stop,155.0,4,3,2019,17,15,4,3,2019,19,50
Jet Airways,Kolkata,Banglore,1 stop,1545.0,5,6,2019,6,30,5,7,2019,8,15
Air India,Kolkata,Banglore,2 stops,725.0,18,5,2019,8,20,18,5,2019,20,25
IndiGo,Kolkata,Banglore,non-stop,160.0,15,3,2019,20,25,15,3,2019,23,5
IndiGo,Banglore,Delhi,1 stop,285.0,15,3,2019,5,25,15,3,2019,10,10
Multiple carriers,Delhi,Cochin,1 stop,665.0,3,6,2019,9,55,3,6,2019,21,0
Jet Airways,Delhi,Cochin,2 stops,830.0,15,6,2019,14,35,16,6,2019,4,25
IndiGo,Kolkata,Banglore,non-stop,155.0,3,6,2019,15,20,3,6,2019,17,55
IndiGo,Delhi,Cochin,1 stop,750.0,15,6,2019,8,30,15,6,2019,21,0
Air India,Kolkata,Banglore,2 stops,1165.0,15,5,2019,10,0,16,5,2019,5,25
SpiceJet,Kolkata,Banglore,non-stop,160.0,3,6,2019,6,55,3,6,2019,9,35
Air India,Delhi,Cochin,2 stops,1820.0,4,9,2019,12,55,4,10,2019,19,15
Jet Airways,Banglore,Delhi,non-stop,175.0,5,1,2019,11,10,5,1,2019,14,5
Jet Airways,Kolkata,Banglore,1 stop,1345.0,24,3,2019,19,45,25,3,2019,18,10
Air Asia,Banglore,Delhi,non-stop,170.0,3,9,2019,5,50,3,9,2019,8,40
SpiceJet,Chennai,Kolkata,non-stop,140.0,5,6,2019,17,45,5,6,2019,20,5
Vistara,Delhi,Cochin,non-stop,190.0,21,6,2019,14,40,21,6,2019,17,50
Air Asia,Banglore,Delhi,non-stop,170.0,18,4,2019,23,55,19,4,2019,2,45
Jet Airways,Banglore,Delhi,non-stop,180.0,5,1,2019,8,20,5,1,2019,11,20
Air India,Banglore,Delhi,non-stop,165.0,4,12,2019,10,0,4,12,2019,12,45
IndiGo,Delhi,Cochin,1 stop,380.0,5,9,2019,16,10,5,9,2019,22,30
Air India,Kolkata,Banglore,1 stop,795.0,4,1,2019,10,0,4,1,2019,23,15
Jet Airways,Kolkata,Banglore,1 stop,900.0,24,3,2019,8,25,24,3,2019,23,25
Jet Airways,Delhi,Cochin,2 stops,1465.0,21,3,2019,18,25,22,3,2019,18,50
Jet Airways,Delhi,Cochin,2 stops,1475.0,27,3,2019,19,10,28,3,2019,19,45
SpiceJet,Kolkata,Banglore,non-stop,145.0,6,6,2019,9,0,6,6,2019,11,25
SpiceJet,Delhi,Cochin,1 stop,295.0,27,6,2019,17,55,27,6,2019,22,50
Jet Airways,Kolkata,Banglore,1 stop,685.0,6,9,2019,8,25,6,9,2019,19,50
IndiGo,Delhi,Cochin,1 stop,480.0,24,6,2019,17,30,25,6,2019,1,30
Multiple carriers,Delhi,Cochin,1 stop,615.0,6,1,2019,9,0,6,1,2019,19,15
Air India,Kolkata,Banglore,2 stops,1345.0,4,1,2019,7,0,4,2,2019,5,25
Jet Airways,Banglore,Delhi,non-stop,165.0,27,5,2019,6,0,27,5,2019,8,45
Jet Airways,Kolkata,Banglore,1 stop,1330.0,21,5,2019,6,30,22,5,2019,4,40
Air India,Delhi,Cochin,2 stops,1210.0,27,5,2019,13,15,28,5,2019,9,25
IndiGo,Mumbai,Hyderabad,non-stop,90.0,6,6,2019,9,15,6,6,2019,10,45
Air India,Kolkata,Banglore,2 stops,725.0,6,6,2019,8,20,6,6,2019,20,25
Jet Airways,Delhi,Cochin,2 stops,1125.0,6,6,2019,9,40,6,7,2019,4,25
SpiceJet,Banglore,Delhi,1 stop,485.0,3,1,2019,15,35,3,1,2019,23,40
Jet Airways,Kolkata,Banglore,1 stop,1315.0,18,5,2019,14,5,19,5,2019,12,0
Jet Airways,Delhi,Cochin,1 stop,330.0,6,12,2019,7,5,6,12,2019,12,35
Air India,Delhi,Cochin,1 stop,875.0,21,5,2019,17,40,22,5,2019,8,15
Jet Airways,Delhi,Cochin,1 stop,925.0,5,9,2019,13,0,5,10,2019,4,25
Multiple carriers,Delhi,Cochin,1 stop,385.0,27,3,2019,12,50,27,3,2019,19,15
Multiple carriers,Delhi,Cochin,1 stop,925.0,15,5,2019,7,5,15,5,2019,22,30
Air India,Kolkata,Banglore,2 stops,1165.0,21,5,2019,10,0,22,5,2019,5,25
Jet Airways,Banglore,Delhi,1 stop,875.0,3,1,2019,5,45,3,1,2019,20,20
Jet Airways,Banglore,Delhi,1 stop,730.0,21,3,2019,7,0,21,3,2019,19,10
Air India,Kolkata,Banglore,1 stop,1440.0,24,3,2019,14,35,25,3,2019,14,35
Air India,Kolkata,Banglore,non-stop,155.0,5,6,2019,20,45,5,6,2019,23,20
Jet Airways,Kolkata,Banglore,1 stop,400.0,5,9,2019,14,5,5,9,2019,20,45
GoAir,Delhi,Cochin,1 stop,355.0,15,5,2019,7,0,15,5,2019,12,55
Jet Airways,Banglore,Delhi,1 stop,1425.0,3,12,2019,20,35,13,3,2019,20,20
IndiGo,Kolkata,Banglore,non-stop,160.0,21,4,2019,21,25,22,4,2019,0,5
Jet Airways,Kolkata,Banglore,1 stop,800.0,6,12,2019,6,30,6,12,2019,19,50
Jet Airways,Mumbai,Hyderabad,non-stop,90.0,6,1,2019,19,35,6,1,2019,21,5
IndiGo,Kolkata,Banglore,non-stop,150.0,4,6,2019,15,15,4,6,2019,17,45
Jet Airways,Delhi,Cochin,1 stop,300.0,6,9,2019,14,0,6,9,2019,19,0
SpiceJet,Kolkata,Banglore,non-stop,150.0,18,6,2019,17,10,18,6,2019,19,40
Jet Airways,Kolkata,Banglore,1 stop,740.0,15,5,2019,8,25,15,5,2019,20,45
Multiple carriers,Delhi,Cochin,1 stop,480.0,24,6,2019,13,0,24,6,2019,21,0
Jet Airways,Kolkata,Banglore,1 stop,1730.0,6,9,2019,9,35,6,10,2019,14,25
IndiGo,Delhi,Cochin,1 stop,370.0,27,3,2019,16,10,27,3,2019,22,20
IndiGo,Delhi,Cochin,1 stop,675.0,3,3,2019,4,55,3,3,2019,16,10
Jet Airways,Kolkata,Banglore,1 stop,345.0,6,9,2019,14,5,6,9,2019,19,50
SpiceJet,Chennai,Kolkata,non-stop,135.0,27,6,2019,8,20,27,6,2019,10,35
Air India,Mumbai,Hyderabad,non-stop,80.0,21,3,2019,21,5,21,3,2019,22,25
IndiGo,Delhi,Cochin,1 stop,310.0,15,5,2019,17,5,15,5,2019,22,15
Vistara,Delhi,Cochin,non-stop,190.0,27,6,2019,6,0,27,6,2019,9,10
Air India,Delhi,Cochin,non-stop,170.0,6,12,2019,5,10,6,12,2019,8,0
SpiceJet,Banglore,Delhi,non-stop,170.0,6,12,2019,9,30,6,12,2019,12,20
IndiGo,Delhi,Cochin,1 stop,780.0,21,5,2019,11,55,22,5,2019,0,55
Jet Airways,Banglore,Delhi,1 stop,640.0,3,6,2019,14,5,3,7,2019,0,45
IndiGo,Delhi,Cochin,1 stop,940.0,3,6,2019,6,40,3,6,2019,22,20
Air India,Delhi,Cochin,2 stops,1730.0,6,1,2019,14,25,6,2,2019,19,15
Air India,Banglore,Delhi,1 stop,725.0,3,1,2019,11,50,3,1,2019,23,55
Air India,Delhi,Cochin,2 stops,1485.0,27,5,2019,18,30,28,5,2019,19,15
Jet Airways,Mumbai,Hyderabad,non-stop,85.0,24,3,2019,7,10,24,3,2019,8,35
Jet Airways,Kolkata,Banglore,1 stop,800.0,21,5,2019,20,25,22,5,2019,9,45
IndiGo,Kolkata,Banglore,non-stop,155.0,5,6,2019,15,30,5,6,2019,18,5
Air India,Mumbai,Hyderabad,non-stop,80.0,24,5,2019,6,20,24,5,2019,7,40
Jet Airways,Banglore,Delhi,1 stop,1235.0,18,3,2019,11,40,19,3,2019,8,15
Jet Airways,Kolkata,Banglore,1 stop,750.0,5,6,2019,9,35,5,6,2019,22,5
Jet Airways,Kolkata,Banglore,1 stop,435.0,21,5,2019,10,20,21,5,2019,17,35
Vistara,Kolkata,Banglore,1 stop,1065.0,6,12,2019,17,0,13,6,2019,10,45
Air India,Delhi,Cochin,2 stops,1305.0,3,3,2019,21,30,3,4,2019,19,15
Jet Airways,Delhi,Cochin,1 stop,1530.0,6,9,2019,17,30,6,10,2019,19,0
Air India,Banglore,Delhi,non-stop,170.0,21,6,2019,21,5,21,6,2019,23,55
Jet Airways,Delhi,Cochin,2 stops,1375.0,24,6,2019,5,30,25,6,2019,4,25
Multiple carriers,Delhi,Cochin,1 stop,760.0,27,5,2019,12,50,28,5,2019,1,30
IndiGo,Banglore,Delhi,non-stop,170.0,3,9,2019,16,55,3,9,2019,19,45
IndiGo,Delhi,Cochin,1 stop,305.0,24,6,2019,23,30,25,6,2019,4,35
Jet Airways,Mumbai,Hyderabad,non-stop,90.0,5,3,2019,10,20,5,3,2019,11,50
Jet Airways,Delhi,Cochin,1 stop,300.0,6,6,2019,14,0,6,6,2019,19,0
IndiGo,Banglore,Delhi,non-stop,180.0,27,5,2019,21,15,28,5,2019,0,15
Jet Airways,Delhi,Cochin,1 stop,660.0,6,1,2019,8,0,6,1,2019,19,0
Multiple carriers,Delhi,Cochin,1 stop,780.0,27,5,2019,6,0,27,5,2019,19,0
Air India,Kolkata,Banglore,1 stop,1350.0,18,5,2019,9,25,19,5,2019,7,55
IndiGo,Banglore,Delhi,non-stop,170.0,21,5,2019,20,0,21,5,2019,22,50
IndiGo,Kolkata,Banglore,non-stop,155.0,4,12,2019,4,40,4,12,2019,7,15
Jet Airways,Mumbai,Hyderabad,non-stop,90.0,21,6,2019,10,20,21,6,2019,11,50
Air India,Kolkata,Banglore,2 stops,1390.0,5,1,2019,12,0,5,2,2019,11,10
IndiGo,Banglore,Delhi,non-stop,175.0,6,6,2019,18,55,6,6,2019,21,50
Jet Airways,Delhi,Cochin,1 stop,1250.0,21,3,2019,22,0,22,3,2019,18,50
Jet Airways,Kolkata,Banglore,1 stop,1365.0,21,5,2019,20,25,22,5,2019,19,10
Air India,Kolkata,Banglore,1 stop,555.0,5,1,2019,7,0,5,1,2019,16,15
Air India,Kolkata,Banglore,2 stops,920.0,5,9,2019,10,0,5,10,2019,1,20
SpiceJet,Banglore,Delhi,non-stop,170.0,24,3,2019,20,30,24,3,2019,23,20
Jet Airways,Mumbai,Hyderabad,non-stop,85.0,15,5,2019,2,55,15,5,2019,4,20
Multiple carriers Premium economy,Delhi,Cochin,1 stop,480.0,21,3,2019,7,30,21,3,2019,15,30
IndiGo,Delhi,Cochin,1 stop,295.0,18,5,2019,5,10,18,5,2019,10,5
Air India,Banglore,Delhi,non-stop,165.0,24,4,2019,6,10,24,4,2019,8,55
Multiple carriers,Delhi,Cochin,1 stop,705.0,15,6,2019,7,30,15,6,2019,19,15
Vistara,Kolkata,Banglore,1 stop,695.0,24,3,2019,7,10,24,3,2019,18,45
Multiple carriers,Delhi,Cochin,1 stop,705.0,24,6,2019,7,30,24,6,2019,19,15
Jet Airways,Delhi,Cochin,2 stops,830.0,6,6,2019,14,35,6,7,2019,4,25
Jet Airways,Delhi,Cochin,2 stops,425.0,6,9,2019,5,30,6,9,2019,12,35
Air India,Delhi,Cochin,3 stops,2280.0,27,6,2019,5,15,28,6,2019,19,15
Jet Airways,Mumbai,Hyderabad,non-stop,85.0,4,3,2019,7,5,4,3,2019,8,30
Air India,Delhi,Cochin,1 stop,915.0,3,9,2019,4,0,3,9,2019,19,15
IndiGo,Delhi,Cochin,2 stops,880.0,21,3,2019,6,40,21,3,2019,21,20
SpiceJet,Kolkata,Banglore,non-stop,150.0,5,6,2019,17,10,5,6,2019,19,40
Multiple carriers,Delhi,Cochin,1 stop,395.0,3,3,2019,19,0,3,4,2019,1,35
Jet Airways,Delhi,Cochin,2 stops,810.0,18,5,2019,5,30,18,5,2019,19,0
Jet Airways,Delhi,Cochin,2 stops,1125.0,27,5,2019,9,40,28,5,2019,4,25
IndiGo,Mumbai,Hyderabad,non-stop,90.0,6,9,2019,16,55,6,9,2019,18,25
IndiGo,Banglore,Delhi,non-stop,170.0,15,6,2019,8,30,15,6,2019,11,20
Air India,Mumbai,Hyderabad,2 stops,1995.0,3,6,2019,6,0,3,7,2019,15,15
Air India,Kolkata,Banglore,2 stops,1105.0,6,6,2019,14,30,6,7,2019,8,55
Air India,Delhi,Cochin,1 stop,315.0,21,3,2019,17,45,21,3,2019,23,0
Multiple carriers,Delhi,Cochin,1 stop,640.0,27,3,2019,10,20,27,3,2019,21,0
Jet Airways,Banglore,Delhi,1 stop,1090.0,18,3,2019,14,5,19,3,2019,8,15
Air India,Kolkata,Banglore,2 stops,1345.0,15,5,2019,7,0,16,5,2019,5,25
Air India,Delhi,Cochin,2 stops,800.0,5,9,2019,5,55,5,9,2019,19,15
Jet Airways,Delhi,Cochin,1 stop,1270.0,21,5,2019,21,50,22,5,2019,19,0
Air India,Banglore,Delhi,non-stop,170.0,4,6,2019,13,20,4,6,2019,16,10
Jet Airways,Delhi,Cochin,2 stops,1125.0,6,12,2019,9,40,13,6,2019,4,25
IndiGo,Kolkata,Banglore,non-stop,155.0,21,6,2019,22,15,22,6,2019,0,50
Multiple carriers,Delhi,Cochin,1 stop,925.0,6,12,2019,7,5,6,12,2019,22,30
Air Asia,Delhi,Cochin,1 stop,330.0,27,5,2019,7,55,27,5,2019,13,25
IndiGo,Kolkata,Banglore,1 stop,330.0,5,6,2019,7,10,5,6,2019,12,40
Jet Airways,Delhi,Cochin,1 stop,800.0,3,6,2019,15,5,3,7,2019,4,25
Air India,Kolkata,Banglore,2 stops,955.0,24,5,2019,9,25,25,5,2019,1,20
Air India,Banglore,Delhi,non-stop,165.0,5,6,2019,17,0,5,6,2019,19,45
Vistara,Kolkata,Banglore,1 stop,945.0,4,1,2019,7,10,4,1,2019,22,55
Jet Airways,Delhi,Cochin,1 stop,335.0,5,9,2019,22,50,5,10,2019,4,25
IndiGo,Banglore,Delhi,non-stop,170.0,15,5,2019,10,10,15,5,2019,13,0
Jet Airways,Banglore,Delhi,1 stop,1305.0,3,6,2019,21,25,3,7,2019,19,10
IndiGo,Banglore,Delhi,non-stop,170.0,5,6,2019,10,10,5,6,2019,13,0
SpiceJet,Kolkata,Banglore,non-stop,150.0,15,6,2019,14,55,15,6,2019,17,25
Jet Airways,Kolkata,Banglore,1 stop,1610.0,21,5,2019,6,30,22,5,2019,9,20
Vistara,Banglore,Delhi,non-stop,160.0,5,6,2019,7,0,5,6,2019,9,40
Air India,Kolkata,Banglore,non-stop,150.0,3,3,2019,14,15,3,3,2019,16,45
Multiple carriers,Delhi,Cochin,1 stop,545.0,5,9,2019,7,5,5,9,2019,16,10
IndiGo,Kolkata,Banglore,non-stop,160.0,3,12,2019,21,25,13,3,2019,0,5
IndiGo,Delhi,Cochin,1 stop,515.0,15,4,2019,7,35,15,4,2019,16,10
Air India,Delhi,Cochin,2 stops,1580.0,24,6,2019,7,5,25,6,2019,9,25
SpiceJet,Delhi,Cochin,1 stop,315.0,15,5,2019,6,5,15,5,2019,11,20
IndiGo,Delhi,Cochin,1 stop,275.0,27,4,2019,7,35,27,4,2019,12,10
Multiple carriers,Delhi,Cochin,1 stop,480.0,6,6,2019,13,0,6,6,2019,21,0
IndiGo,Kolkata,Banglore,1 stop,325.0,5,6,2019,18,5,5,6,2019,23,30
Air India,Kolkata,Banglore,2 stops,1335.0,5,6,2019,16,50,5,7,2019,15,5
Jet Airways,Delhi,Cochin,1 stop,1355.0,5,9,2019,14,0,5,10,2019,12,35
IndiGo,Chennai,Kolkata,non-stop,145.0,15,3,2019,11,35,15,3,2019,14,0
IndiGo,Mumbai,Hyderabad,non-stop,90.0,6,3,2019,21,20,6,3,2019,22,50
Jet Airways,Kolkata,Banglore,1 stop,1155.0,6,12,2019,14,5,13,6,2019,9,20
Jet Airways,Delhi,Cochin,1 stop,1235.0,4,1,2019,16,0,4,2,2019,12,35
IndiGo,Banglore,Delhi,non-stop,175.0,5,3,2019,18,55,5,3,2019,21,50
Multiple carriers,Delhi,Cochin,1 stop,930.0,27,5,2019,10,0,28,5,2019,1,30
Jet Airways,Delhi,Cochin,1 stop,330.0,5,9,2019,7,5,5,9,2019,12,35
SpiceJet,Banglore,Delhi,non-stop,170.0,21,4,2019,9,30,21,4,2019,12,20
Multiple carriers,Delhi,Cochin,1 stop,460.0,21,5,2019,4,55,21,5,2019,12,35
Jet Airways,Banglore,Delhi,1 stop,750.0,3,12,2019,22,55,13,3,2019,11,25
Multiple carriers,Delhi,Cochin,1 stop,520.0,6,3,2019,10,20,6,3,2019,19,0
Jet Airways,Banglore,Delhi,1 stop,1050.0,18,3,2019,16,55,19,3,2019,10,25
Jet Airways,Kolkata,Banglore,1 stop,520.0,24,5,2019,20,0,25,5,2019,4,40
SpiceJet,Banglore,Delhi,non-stop,175.0,3,9,2019,9,35,3,9,2019,12,30
SpiceJet,Kolkata,Banglore,non-stop,145.0,5,9,2019,9,0,5,9,2019,11,25
IndiGo,Banglore,Delhi,non-stop,170.0,24,3,2019,22,20,25,3,2019,1,10
Air India,Delhi,Cochin,1 stop,965.0,4,1,2019,17,20,4,2,2019,9,25
Vistara,Kolkata,Banglore,1 stop,700.0,15,5,2019,7,10,15,5,2019,18,50
Jet Airways,Banglore,Delhi,non-stop,180.0,4,3,2019,19,50,4,3,2019,22,50
IndiGo,Delhi,Cochin,1 stop,425.0,3,3,2019,4,55,3,3,2019,12,0
IndiGo,Banglore,Delhi,non-stop,165.0,15,5,2019,6,5,15,5,2019,8,50
IndiGo,Delhi,Cochin,1 stop,890.0,21,3,2019,10,45,22,3,2019,1,35
Vistara,Banglore,Delhi,non-stop,170.0,24,6,2019,21,0,24,6,2019,23,50
Vistara,Banglore,Delhi,non-stop,165.0,15,4,2019,19,30,15,4,2019,22,15
Vistara,Mumbai,Hyderabad,1 stop,750.0,3,6,2019,10,25,3,6,2019,22,55
Jet Airways,Delhi,Cochin,1 stop,660.0,27,6,2019,8,0,27,6,2019,19,0
SpiceJet,Kolkata,Banglore,non-stop,140.0,21,5,2019,22,20,22,5,2019,0,40
Jet Airways,Delhi,Cochin,1 stop,1210.0,18,5,2019,22,50,19,5,2019,19,0
Air Asia,Banglore,Delhi,non-stop,165.0,24,3,2019,23,25,25,3,2019,2,10
Multiple carriers,Delhi,Cochin,1 stop,750.0,5,9,2019,13,0,5,10,2019,1,30
IndiGo,Chennai,Kolkata,non-stop,145.0,3,12,2019,11,35,3,12,2019,14,0
Multiple carriers,Delhi,Cochin,1 stop,675.0,6,12,2019,8,0,6,12,2019,19,15
Air India,Kolkata,Banglore,3 stops,805.0,21,5,2019,9,50,21,5,2019,23,15
Air Asia,Banglore,Delhi,non-stop,170.0,18,5,2019,4,55,18,5,2019,7,45
Air India,Delhi,Cochin,2 stops,1560.0,24,6,2019,17,15,25,6,2019,19,15
Air India,Delhi,Cochin,2 stops,1545.0,21,5,2019,5,55,22,5,2019,7,40
Multiple carriers,Delhi,Cochin,1 stop,590.0,27,3,2019,9,0,27,3,2019,18,50
IndiGo,Delhi,Cochin,1 stop,975.0,15,5,2019,9,15,16,5,2019,1,30
Air India,Kolkata,Banglore,1 stop,1700.0,15,5,2019,16,45,16,5,2019,21,5
Jet Airways,Delhi,Cochin,2 stops,1215.0,6,12,2019,8,10,13,6,2019,4,25
Jet Airways,Delhi,Cochin,1 stop,450.0,27,5,2019,11,30,27,5,2019,19,0
SpiceJet,Kolkata,Banglore,1 stop,435.0,5,12,2019,11,15,5,12,2019,18,30
Multiple carriers,Delhi,Cochin,1 stop,930.0,6,6,2019,10,0,6,7,2019,1,30
Multiple carriers,Delhi,Cochin,1 stop,780.0,27,6,2019,8,0,27,6,2019,21,0
Jet Airways,Delhi,Cochin,2 stops,1375.0,6,6,2019,5,30,6,7,2019,4,25
Air Asia,Delhi,Cochin,1 stop,870.0,15,6,2019,7,55,15,6,2019,22,25
Jet Airways,Delhi,Cochin,2 stops,1760.0,5,9,2019,23,5,5,11,2019,4,25
Jet Airways,Banglore,Delhi,non-stop,175.0,6,9,2019,15,15,6,9,2019,18,10
IndiGo,Kolkata,Banglore,2 stops,335.0,21,5,2019,6,35,21,5,2019,12,10
Multiple carriers,Delhi,Cochin,1 stop,540.0,27,5,2019,10,0,27,5,2019,19,0
Jet Airways,Delhi,Cochin,1 stop,330.0,18,5,2019,7,5,18,5,2019,12,35
Vistara,Banglore,Delhi,non-stop,170.0,18,6,2019,9,45,18,6,2019,12,35
Jet Airways,Kolkata,Banglore,1 stop,1265.0,5,12,2019,21,10,13,5,2019,18,15
IndiGo,Delhi,Cochin,1 stop,705.0,6,6,2019,9,15,6,6,2019,21,0
GoAir,Delhi,Cochin,1 stop,540.0,6,6,2019,10,35,6,6,2019,19,35
Multiple carriers,Delhi,Cochin,1 stop,570.0,6,3,2019,16,0,6,4,2019,1,30
Jet Airways,Kolkata,Banglore,1 stop,1395.0,24,3,2019,18,55,25,3,2019,18,10
IndiGo,Kolkata,Banglore,1 stop,265.0,6,9,2019,19,20,6,9,2019,23,45
Jet Airways,Delhi,Cochin,1 stop,600.0,6,1,2019,9,0,6,1,2019,19,0
IndiGo,Delhi,Cochin,1 stop,500.0,21,5,2019,17,10,22,5,2019,1,30
IndiGo,Delhi,Cochin,1 stop,300.0,15,6,2019,16,0,15,6,2019,21,0
Jet Airways,Delhi,Cochin,2 stops,810.0,6,12,2019,5,30,6,12,2019,19,0
IndiGo,Banglore,Delhi,non-stop,180.0,27,6,2019,16,55,27,6,2019,19,55
Air India,Banglore,Delhi,1 stop,640.0,3,9,2019,17,0,13,3,2019,3,40
Air India,Kolkata,Banglore,2 stops,610.0,18,5,2019,8,20,18,5,2019,18,30
Jet Airways,Delhi,Cochin,1 stop,335.0,27,6,2019,22,50,28,6,2019,4,25
IndiGo,Chennai,Kolkata,non-stop,145.0,3,12,2019,22,5,13,3,2019,0,30
Jet Airways,Banglore,Delhi,1 stop,375.0,3,1,2019,7,0,3,1,2019,13,15
Air India,Kolkata,Banglore,1 stop,675.0,5,9,2019,9,50,5,9,2019,21,5
Jet Airways,Banglore,Delhi,non-stop,175.0,27,5,2019,15,15,27,5,2019,18,10
Jet Airways,Banglore,Delhi,1 stop,740.0,3,1,2019,8,0,3,1,2019,20,20
Air India,Delhi,Cochin,1 stop,765.0,24,5,2019,20,40,25,5,2019,9,25
Air India,Banglore,Delhi,1 stop,985.0,15,3,2019,6,55,15,3,2019,23,20
Multiple carriers,Delhi,Cochin,1 stop,555.0,5,9,2019,10,0,5,9,2019,19,15
Jet Airways,Kolkata,Banglore,1 stop,690.0,5,6,2019,9,35,5,6,2019,21,5
SpiceJet,Delhi,Cochin,1 stop,295.0,5,9,2019,17,55,5,9,2019,22,50
Multiple carriers,Delhi,Cochin,1 stop,420.0,6,6,2019,14,0,6,6,2019,21,0
SpiceJet,Mumbai,Hyderabad,non-stop,90.0,6,12,2019,13,15,6,12,2019,14,45
Air India,Mumbai,Hyderabad,non-stop,80.0,15,3,2019,6,20,15,3,2019,7,40
Jet Airways,Banglore,Delhi,1 stop,570.0,3,1,2019,5,45,3,1,2019,15,15
Jet Airways,Delhi,Cochin,1 stop,620.0,27,6,2019,2,15,27,6,2019,12,35
Jet Airways,Mumbai,Hyderabad,non-stop,85.0,5,1,2019,7,5,5,1,2019,8,30
Jet Airways,Delhi,Cochin,2 stops,810.0,27,6,2019,5,30,27,6,2019,19,0
Jet Airways,Delhi,Cochin,2 stops,1365.0,3,9,2019,5,40,3,10,2019,4,25
Multiple carriers,Delhi,Cochin,1 stop,600.0,21,5,2019,14,55,22,5,2019,0,55
Jet Airways,Mumbai,Hyderabad,non-stop,90.0,21,3,2019,19,35,21,3,2019,21,5
Vistara,Kolkata,Banglore,1 stop,975.0,4,1,2019,7,10,4,1,2019,23,25
Air India,Banglore,Delhi,non-stop,165.0,21,4,2019,17,0,21,4,2019,19,45
SpiceJet,Kolkata,Banglore,non-stop,145.0,24,4,2019,9,0,24,4,2019,11,25
Jet Airways,Delhi,Cochin,1 stop,440.0,27,3,2019,11,30,27,3,2019,18,50
Air India,Kolkata,Banglore,2 stops,875.0,5,1,2019,5,50,5,1,2019,20,25
Jet Airways,Kolkata,Banglore,1 stop,475.0,18,5,2019,8,25,18,5,2019,16,20
IndiGo,Delhi,Cochin,non-stop,195.0,5,9,2019,14,25,5,9,2019,17,40
IndiGo,Banglore,Delhi,non-stop,175.0,5,12,2019,7,10,5,12,2019,10,5
Air India,Banglore,Delhi,non-stop,165.0,24,3,2019,17,0,24,3,2019,19,45
IndiGo,Kolkata,Banglore,non-stop,155.0,4,6,2019,4,40,4,6,2019,7,15
Multiple carriers,Delhi,Cochin,2 stops,460.0,6,6,2019,17,50,6,7,2019,1,30
Air India,Delhi,Cochin,non-stop,185.0,18,4,2019,18,5,18,4,2019,21,10
Jet Airways,Delhi,Cochin,1 stop,995.0,3,3,2019,2,15,3,3,2019,18,50
SpiceJet,Kolkata,Banglore,non-stop,145.0,5,9,2019,9,0,5,9,2019,11,25
Jet Airways,Banglore,Delhi,1 stop,935.0,21,3,2019,5,45,21,3,2019,21,20
Air India,Delhi,Cochin,1 stop,965.0,27,5,2019,17,20,28,5,2019,9,25
Jet Airways,Banglore,Delhi,non-stop,180.0,24,3,2019,18,55,24,3,2019,21,55
Jet Airways,Delhi,Cochin,2 stops,1380.0,3,9,2019,5,25,3,10,2019,4,25
GoAir,Kolkata,Banglore,non-stop,155.0,27,6,2019,15,20,27,6,2019,17,55
Jet Airways,Delhi,Cochin,1 stop,535.0,3,6,2019,9,55,3,6,2019,18,50
IndiGo,Banglore,Delhi,non-stop,170.0,5,9,2019,23,30,5,10,2019,2,20
IndiGo,Mumbai,Hyderabad,non-stop,90.0,18,3,2019,20,5,18,3,2019,21,35
IndiGo,Mumbai,Hyderabad,non-stop,85.0,24,3,2019,19,5,24,3,2019,20,30
Jet Airways,Delhi,Cochin,1 stop,745.0,27,5,2019,16,0,28,5,2019,4,25
Jet Airways,Banglore,Delhi,1 stop,390.0,21,3,2019,5,50,21,3,2019,12,20
Air India,Kolkata,Banglore,2 stops,1915.0,15,5,2019,9,25,16,5,2019,17,20
Air Asia,Kolkata,Banglore,non-stop,150.0,15,4,2019,19,55,15,4,2019,22,25
SpiceJet,Banglore,Delhi,non-stop,170.0,5,9,2019,9,30,5,9,2019,12,20
Air India,Kolkata,Banglore,2 stops,1700.0,5,9,2019,9,25,5,10,2019,13,45
Air India,Kolkata,Banglore,2 stops,1100.0,6,9,2019,7,0,6,10,2019,1,20
Air India,Mumbai,Hyderabad,non-stop,75.0,15,5,2019,19,30,15,5,2019,20,45
Jet Airways,Delhi,Cochin,2 stops,1375.0,15,6,2019,5,30,16,6,2019,4,25
Jet Airways,Kolkata,Banglore,1 stop,590.0,5,1,2019,8,25,5,1,2019,18,15
Air India,Kolkata,Banglore,2 stops,1390.0,6,12,2019,12,0,13,6,2019,11,10
Jet Airways,Mumbai,Hyderabad,non-stop,90.0,24,3,2019,15,50,24,3,2019,17,20
SpiceJet,Kolkata,Banglore,non-stop,150.0,15,6,2019,17,10,15,6,2019,19,40
Air India,Delhi,Cochin,3 stops,2280.0,6,3,2019,5,15,6,4,2019,19,15
Air India,Mumbai,Hyderabad,2 stops,1185.0,3,12,2019,21,10,13,3,2019,16,55
Jet Airways,Kolkata,Banglore,1 stop,1745.0,5,6,2019,17,0,5,7,2019,22,5
Jet Airways,Delhi,Cochin,1 stop,1680.0,6,3,2019,15,0,6,4,2019,19,0
Jet Airways,Kolkata,Banglore,1 stop,730.0,5,1,2019,21,10,5,2,2019,9,20
Jet Airways,Kolkata,Banglore,1 stop,590.0,5,9,2019,6,30,5,9,2019,16,20
Air India,Delhi,Cochin,1 stop,1255.0,21,5,2019,12,30,22,5,2019,9,25
Jet Airways,Kolkata,Banglore,1 stop,1480.0,21,5,2019,20,25,22,5,2019,21,5
Air India,Delhi,Cochin,1 stop,1420.0,27,6,2019,9,45,28,6,2019,9,25
Multiple carriers,Delhi,Cochin,1 stop,835.0,6,6,2019,7,5,6,6,2019,21,0
Multiple carriers,Delhi,Cochin,1 stop,450.0,27,6,2019,18,0,28,6,2019,1,30
Air Asia,Banglore,Delhi,non-stop,170.0,5,1,2019,23,55,5,2,2019,2,45
IndiGo,Chennai,Kolkata,non-stop,140.0,6,3,2019,7,55,6,3,2019,10,15
Jet Airways,Kolkata,Banglore,1 stop,875.0,5,9,2019,14,5,5,10,2019,4,40
Multiple carriers,Delhi,Cochin,1 stop,540.0,18,5,2019,7,10,18,5,2019,16,10
Air India,Delhi,Cochin,non-stop,180.0,15,3,2019,14,10,15,3,2019,17,10
Air India,Delhi,Cochin,2 stops,1410.0,5,9,2019,19,45,5,10,2019,19,15
Jet Airways,Delhi,Cochin,2 stops,1735.0,21,3,2019,13,55,22,3,2019,18,50
Jet Airways,Kolkata,Banglore,1 stop,690.0,5,6,2019,9,35,5,6,2019,21,5
Jet Airways,Banglore,Delhi,1 stop,1285.0,3,12,2019,22,55,13,3,2019,20,20
SpiceJet,Mumbai,Hyderabad,non-stop,90.0,21,6,2019,13,15,21,6,2019,14,45
Jet Airways,Delhi,Cochin,1 stop,925.0,27,3,2019,13,0,28,3,2019,4,25
IndiGo,Chennai,Kolkata,non-stop,145.0,5,9,2019,5,15,5,9,2019,7,40
Jet Airways,Delhi,Cochin,2 stops,1420.0,21,3,2019,19,10,22,3,2019,18,50
Jet Airways,Kolkata,Banglore,1 stop,1200.0,5,9,2019,14,5,5,10,2019,10,5
IndiGo,Delhi,Cochin,1 stop,515.0,27,4,2019,7,35,27,4,2019,16,10
Jet Airways,Kolkata,Banglore,1 stop,700.0,24,3,2019,6,30,24,3,2019,18,10
IndiGo,Delhi,Cochin,1 stop,320.0,21,3,2019,2,5,21,3,2019,7,25
IndiGo,Delhi,Cochin,1 stop,305.0,18,5,2019,23,30,19,5,2019,4,35
Jet Airways,Kolkata,Banglore,1 stop,730.0,24,5,2019,16,30,25,5,2019,4,40
Jet Airways,Delhi,Cochin,1 stop,1530.0,27,6,2019,17,30,28,6,2019,19,0
Jet Airways,Delhi,Cochin,2 stops,2860.0,3,6,2019,19,10,3,8,2019,18,50
Jet Airways,Delhi,Cochin,2 stops,1195.0,21,5,2019,23,5,22,5,2019,19,0
Jet Airways,Mumbai,Hyderabad,non-stop,90.0,3,9,2019,19,40,3,9,2019,21,10
Vistara,Banglore,Delhi,non-stop,160.0,21,5,2019,7,0,21,5,2019,9,40
IndiGo,Mumbai,Hyderabad,non-stop,90.0,27,3,2019,20,5,27,3,2019,21,35
GoAir,Delhi,Cochin,1 stop,540.0,4,1,2019,10,35,4,1,2019,19,35
Jet Airways,Kolkata,Banglore,1 stop,345.0,24,3,2019,13,55,24,3,2019,19,40
Multiple carriers,Delhi,Cochin,1 stop,555.0,18,5,2019,13,15,18,5,2019,22,30
IndiGo,Delhi,Cochin,1 stop,490.0,6,6,2019,14,20,6,6,2019,22,30
Multiple carriers,Delhi,Cochin,1 stop,480.0,24,6,2019,13,0,24,6,2019,21,0
SpiceJet,Delhi,Cochin,1 stop,270.0,6,3,2019,8,45,6,3,2019,13,15
GoAir,Banglore,Delhi,non-stop,175.0,5,12,2019,7,45,5,12,2019,10,40
Air India,Delhi,Cochin,2 stops,1410.0,21,3,2019,19,45,22,3,2019,19,15
IndiGo,Kolkata,Banglore,non-stop,160.0,24,4,2019,21,25,25,4,2019,0,5
Jet Airways,Delhi,Cochin,1 stop,1015.0,21,3,2019,11,30,22,3,2019,4,25
Multiple carriers,Delhi,Cochin,1 stop,730.0,6,12,2019,7,5,6,12,2019,19,15
Air India,Banglore,Delhi,non-stop,165.0,4,1,2019,17,0,4,1,2019,19,45
Air Asia,Kolkata,Banglore,1 stop,720.0,4,1,2019,22,40,4,2,2019,10,40
Vistara,Delhi,Cochin,non-stop,190.0,15,4,2019,14,40,15,4,2019,17,50
Jet Airways,Delhi,Cochin,1 stop,395.0,27,6,2019,21,50,28,6,2019,4,25
IndiGo,Delhi,Cochin,non-stop,195.0,6,6,2019,5,35,6,6,2019,8,50
Multiple carriers,Delhi,Cochin,1 stop,910.0,3,1,2019,0,20,3,1,2019,15,30
IndiGo,Banglore,Delhi,non-stop,170.0,4,12,2019,13,0,4,12,2019,15,50
Air Asia,Delhi,Cochin,1 stop,875.0,21,5,2019,7,55,21,5,2019,22,30
Jet Airways,Delhi,Cochin,non-stop,195.0,18,6,2019,9,50,18,6,2019,13,5
Multiple carriers,Delhi,Cochin,1 stop,755.0,5,9,2019,6,40,5,9,2019,19,15
Air India,Mumbai,Hyderabad,non-stop,80.0,27,5,2019,21,5,27,5,2019,22,25
SpiceJet,Chennai,Kolkata,non-stop,135.0,6,12,2019,9,45,6,12,2019,12,0
Jet Airways,Delhi,Cochin,1 stop,775.0,3,9,2019,6,50,3,9,2019,19,45
Air India,Delhi,Cochin,2 stops,970.0,15,5,2019,17,15,16,5,2019,9,25
SpiceJet,Delhi,Cochin,1 stop,380.0,6,1,2019,15,45,6,1,2019,22,5
Vistara,Kolkata,Banglore,1 stop,1640.0,21,5,2019,17,0,22,5,2019,20,20
IndiGo,Delhi,Cochin,1 stop,500.0,5,9,2019,17,10,5,10,2019,1,30
Jet Airways,Kolkata,Banglore,1 stop,435.0,24,5,2019,10,20,24,5,2019,17,35
Air India,Delhi,Cochin,1 stop,375.0,6,3,2019,13,0,6,3,2019,19,15
Jet Airways,Banglore,Delhi,non-stop,175.0,24,4,2019,15,15,24,4,2019,18,10
Air India,Banglore,Delhi,non-stop,170.0,24,5,2019,21,5,24,5,2019,23,55
Multiple carriers,Delhi,Cochin,1 stop,570.0,6,9,2019,16,0,6,10,2019,1,30
Jet Airways,Delhi,Cochin,2 stops,1325.0,27,3,2019,6,20,28,3,2019,4,25
SpiceJet,Mumbai,Hyderabad,non-stop,90.0,5,6,2019,5,45,5,6,2019,7,15
Multiple carriers,Delhi,Cochin,1 stop,750.0,27,5,2019,13,0,28,5,2019,1,30
IndiGo,Banglore,Delhi,non-stop,170.0,6,3,2019,0,25,6,3,2019,3,15
IndiGo,Delhi,Cochin,1 stop,570.0,21,3,2019,11,30,21,3,2019,21,0
Multiple carriers,Delhi,Cochin,1 stop,935.0,21,3,2019,10,0,22,3,2019,1,35
Jet Airways,Delhi,Cochin,2 stops,1995.0,27,3,2019,19,10,29,3,2019,4,25
Jet Airways,Mumbai,Hyderabad,non-stop,90.0,5,9,2019,10,20,5,9,2019,11,50
IndiGo,Banglore,Delhi,non-stop,175.0,4,1,2019,7,10,4,1,2019,10,5
Jet Airways,Kolkata,Banglore,1 stop,330.0,6,12,2019,6,30,6,12,2019,12,0
IndiGo,Delhi,Cochin,1 stop,480.0,3,6,2019,7,30,3,6,2019,15,30
Air India,Delhi,Cochin,2 stops,1595.0,3,9,2019,16,40,3,10,2019,19,15
Air India,Kolkata,Banglore,2 stops,1200.0,5,9,2019,9,25,5,10,2019,5,25
Jet Airways,Kolkata,Banglore,1 stop,1220.0,24,3,2019,8,25,25,3,2019,4,45
Air India,Delhi,Cochin,2 stops,1580.0,6,6,2019,16,55,6,7,2019,19,15
SpiceJet,Chennai,Kolkata,non-stop,135.0,15,6,2019,9,45,15,6,2019,12,0
IndiGo,Mumbai,Hyderabad,non-stop,90.0,6,1,2019,12,0,6,1,2019,13,30
Jet Airways,Kolkata,Banglore,1 stop,800.0,21,5,2019,20,0,22,5,2019,9,20
Jet Airways,Kolkata,Banglore,1 stop,705.0,5,6,2019,6,30,5,6,2019,18,15
IndiGo,Mumbai,Hyderabad,non-stop,85.0,21,3,2019,21,20,21,3,2019,22,45
Jet Airways,Delhi,Cochin,1 stop,360.0,6,9,2019,13,0,6,9,2019,19,0
SpiceJet,Kolkata,Banglore,non-stop,145.0,5,6,2019,9,0,5,6,2019,11,25
Multiple carriers,Delhi,Cochin,1 stop,755.0,3,6,2019,13,0,3,7,2019,1,35
Jet Airways,Delhi,Cochin,1 stop,1570.0,27,3,2019,2,15,28,3,2019,4,25
IndiGo,Kolkata,Banglore,non-stop,155.0,21,6,2019,4,40,21,6,2019,7,15
GoAir,Delhi,Cochin,1 stop,370.0,6,1,2019,7,25,6,1,2019,13,35
Vistara,Banglore,Delhi,non-stop,155.0,21,5,2019,17,0,21,5,2019,19,35
Air India,Delhi,Cochin,1 stop,765.0,4,6,2019,20,40,4,7,2019,9,25
Vistara,Banglore,Delhi,non-stop,170.0,6,3,2019,11,30,6,3,2019,14,20
Jet Airways,Delhi,Cochin,2 stops,1995.0,3,6,2019,19,10,3,8,2019,4,25
SpiceJet,Mumbai,Hyderabad,non-stop,90.0,5,9,2019,5,45,5,9,2019,7,15
SpiceJet,Kolkata,Banglore,non-stop,150.0,27,4,2019,17,10,27,4,2019,19,40
IndiGo,Banglore,Delhi,non-stop,170.0,27,5,2019,22,10,28,5,2019,1,0
Air India,Delhi,Cochin,2 stops,1485.0,21,3,2019,18,30,22,3,2019,19,15
Multiple carriers,Delhi,Cochin,1 stop,925.0,6,9,2019,7,5,6,9,2019,22,30
Vistara,Kolkata,Banglore,1 stop,1640.0,6,12,2019,17,0,13,6,2019,20,20
SpiceJet,Kolkata,Banglore,non-stop,160.0,3,3,2019,6,55,3,3,2019,9,35
Jet Airways,Kolkata,Banglore,1 stop,590.0,5,1,2019,8,25,5,1,2019,18,15
Multiple carriers,Delhi,Cochin,1 stop,690.0,5,9,2019,7,30,5,9,2019,19,0
SpiceJet,Delhi,Cochin,1 stop,270.0,4,1,2019,8,45,4,1,2019,13,15
IndiGo,Delhi,Cochin,1 stop,320.0,27,3,2019,6,40,27,3,2019,12,0
Jet Airways,Mumbai,Hyderabad,non-stop,90.0,21,5,2019,10,20,21,5,2019,11,50
IndiGo,Delhi,Cochin,1 stop,490.0,5,6,2019,14,20,5,6,2019,22,30
Air India,Delhi,Cochin,1 stop,320.0,21,5,2019,17,40,21,5,2019,23,0
Jet Airways,Delhi,Cochin,2 stops,810.0,18,5,2019,23,5,19,5,2019,12,35
Jet Airways,Banglore,Delhi,non-stop,180.0,5,12,2019,8,20,5,12,2019,11,20
Jet Airways,Delhi,Cochin,2 stops,1615.0,6,3,2019,9,40,6,4,2019,12,35
Multiple carriers,Delhi,Cochin,1 stop,535.0,6,6,2019,10,20,6,6,2019,19,15
Multiple carriers,Delhi,Cochin,1 stop,600.0,6,12,2019,9,0,6,12,2019,19,0
IndiGo,Banglore,Delhi,non-stop,175.0,5,3,2019,18,25,5,3,2019,21,20
Jet Airways,Delhi,Cochin,1 stop,1505.0,6,12,2019,11,30,13,6,2019,12,35
Jet Airways,Mumbai,Hyderabad,non-stop,90.0,6,6,2019,10,20,6,6,2019,11,50
Air India,Kolkata,Banglore,2 stops,1390.0,18,5,2019,12,0,19,5,2019,11,10
IndiGo,Kolkata,Banglore,non-stop,160.0,3,1,2019,20,25,3,1,2019,23,5
Multiple carriers,Delhi,Cochin,1 stop,780.0,15,5,2019,8,0,15,5,2019,21,0
Jet Airways,Banglore,Delhi,non-stop,180.0,24,4,2019,8,20,24,4,2019,11,20
IndiGo,Delhi,Cochin,1 stop,305.0,6,6,2019,20,25,6,7,2019,1,30
Jet Airways,Delhi,Cochin,1 stop,1040.0,6,9,2019,19,15,6,10,2019,12,35
Multiple carriers,Delhi,Cochin,1 stop,910.0,6,6,2019,10,20,6,7,2019,1,30
Air India,Kolkata,Banglore,2 stops,1600.0,6,9,2019,9,50,6,10,2019,12,30
Air India,Kolkata,Banglore,1 stop,545.0,15,5,2019,9,25,15,5,2019,18,30
Multiple carriers,Delhi,Cochin,2 stops,625.0,6,6,2019,15,5,6,7,2019,1,30
Jet Airways,Kolkata,Banglore,1 stop,400.0,15,5,2019,14,5,15,5,2019,20,45
Jet Airways,Delhi,Cochin,1 stop,1395.0,6,3,2019,19,45,6,4,2019,19,0
Air India,Delhi,Cochin,1 stop,1215.0,3,9,2019,23,0,3,10,2019,19,15
Vistara,Kolkata,Banglore,1 stop,700.0,24,5,2019,7,10,24,5,2019,18,50
Air India,Mumbai,Hyderabad,1 stop,850.0,3,6,2019,19,0,3,7,2019,9,10
Air India,Delhi,Cochin,2 stops,1580.0,15,5,2019,7,5,16,5,2019,9,25
Jet Airways,Kolkata,Banglore,1 stop,1415.0,6,9,2019,21,10,6,10,2019,20,45
Air India,Kolkata,Banglore,1 stop,1350.0,5,9,2019,9,25,5,10,2019,7,55
Jet Airways,Kolkata,Banglore,1 stop,435.0,5,6,2019,10,20,5,6,2019,17,35
Multiple carriers,Delhi,Cochin,1 stop,660.0,15,5,2019,10,0,15,5,2019,21,0
Multiple carriers,Delhi,Cochin,2 stops,625.0,27,6,2019,15,5,28,6,2019,1,30
Air Asia,Delhi,Cochin,1 stop,625.0,6,1,2019,20,45,6,2,2019,7,10
Jet Airways,Delhi,Cochin,2 stops,2300.0,3,6,2019,5,25,3,7,2019,19,45
Jet Airways,Banglore,Delhi,1 stop,305.0,3,1,2019,14,5,3,1,2019,19,10
Air Asia,Banglore,Delhi,non-stop,170.0,18,6,2019,23,55,19,6,2019,2,45
Jet Airways,Banglore,Delhi,non-stop,165.0,5,9,2019,6,0,5,9,2019,8,45
Jet Airways,Banglore,Delhi,1 stop,450.0,3,6,2019,5,45,3,6,2019,13,15
Jet Airways,Delhi,Cochin,1 stop,1355.0,4,3,2019,14,0,4,4,2019,12,35
Jet Airways,Delhi,Cochin,1 stop,660.0,27,5,2019,8,0,27,5,2019,19,0
Multiple carriers,Delhi,Cochin,1 stop,720.0,6,9,2019,9,0,6,9,2019,21,0
Multiple carriers,Delhi,Cochin,1 stop,390.0,24,6,2019,19,0,25,6,2019,1,30
Jet Airways,Delhi,Cochin,1 stop,300.0,24,6,2019,14,0,24,6,2019,19,0
Air India,Delhi,Cochin,2 stops,1560.0,3,3,2019,17,15,3,4,2019,19,15
Air India,Delhi,Cochin,1 stop,555.0,6,1,2019,10,0,6,1,2019,19,15
Jet Airways,Delhi,Cochin,2 stops,810.0,15,6,2019,5,30,15,6,2019,19,0
Multiple carriers,Delhi,Cochin,1 stop,690.0,15,5,2019,7,30,15,5,2019,19,0
Jet Airways,Kolkata,Banglore,1 stop,685.0,6,6,2019,8,25,6,6,2019,19,50
IndiGo,Banglore,Delhi,non-stop,170.0,18,6,2019,22,10,19,6,2019,1,0
IndiGo,Delhi,Cochin,1 stop,415.0,18,5,2019,18,35,19,5,2019,1,30
IndiGo,Delhi,Cochin,1 stop,425.0,3,6,2019,8,25,3,6,2019,15,30
Air Asia,Banglore,Delhi,non-stop,170.0,24,3,2019,5,50,24,3,2019,8,40
SpiceJet,Chennai,Kolkata,non-stop,135.0,5,1,2019,8,20,5,1,2019,10,35
Air India,Mumbai,Hyderabad,2 stops,545.0,3,12,2019,10,5,3,12,2019,19,10
Jet Airways,Kolkata,Banglore,1 stop,875.0,5,1,2019,14,5,5,2,2019,4,40
Multiple carriers,Delhi,Cochin,1 stop,930.0,21,5,2019,10,0,22,5,2019,1,30
IndiGo,Kolkata,Banglore,non-stop,170.0,24,3,2019,5,30,24,3,2019,8,20
IndiGo,Chennai,Kolkata,non-stop,140.0,18,6,2019,19,35,18,6,2019,21,55
Jet Airways,Kolkata,Banglore,1 stop,570.0,24,3,2019,13,55,24,3,2019,23,25
GoAir,Banglore,Delhi,non-stop,175.0,24,3,2019,11,40,24,3,2019,14,35
Multiple carriers,Delhi,Cochin,1 stop,510.0,6,6,2019,17,0,6,7,2019,1,30
Vistara,Delhi,Cochin,non-stop,190.0,3,6,2019,6,0,3,6,2019,9,10
Air India,Kolkata,Banglore,2 stops,875.0,18,5,2019,5,50,18,5,2019,20,25
Air India,Delhi,Cochin,2 stops,435.0,27,5,2019,12,0,27,5,2019,19,15
Vistara,Kolkata,Banglore,1 stop,1550.0,15,5,2019,17,0,16,5,2019,18,50
Jet Airways,Kolkata,Banglore,1 stop,345.0,21,5,2019,14,5,21,5,2019,19,50
Multiple carriers,Delhi,Cochin,1 stop,615.0,27,5,2019,9,0,27,5,2019,19,15
IndiGo,Delhi,Cochin,non-stop,195.0,18,4,2019,14,20,18,4,2019,17,35
Multiple carriers,Delhi,Cochin,1 stop,690.0,24,5,2019,7,30,24,5,2019,19,0
Jet Airways,Kolkata,Banglore,1 stop,740.0,6,6,2019,8,25,6,6,2019,20,45
Jet Airways,Kolkata,Banglore,1 stop,1730.0,21,5,2019,9,35,22,5,2019,14,25
Air India,Kolkata,Banglore,1 stop,555.0,6,12,2019,7,0,6,12,2019,16,15
Multiple carriers,Delhi,Cochin,1 stop,640.0,27,5,2019,10,20,27,5,2019,21,0
IndiGo,Kolkata,Banglore,non-stop,160.0,27,3,2019,21,25,28,3,2019,0,5
Jet Airways,Delhi,Cochin,1 stop,1530.0,27,5,2019,17,30,28,5,2019,19,0
IndiGo,Delhi,Cochin,1 stop,570.0,6,12,2019,16,0,13,6,2019,1,30
Jet Airways,Delhi,Cochin,1 stop,1165.0,3,6,2019,9,0,3,7,2019,4,25
Air India,Delhi,Cochin,1 stop,1535.0,6,1,2019,5,15,6,2,2019,6,50
Multiple carriers,Delhi,Cochin,1 stop,510.0,27,5,2019,17,0,28,5,2019,1,30
Vistara,Kolkata,Banglore,1 stop,1550.0,5,1,2019,17,0,5,2,2019,18,50
IndiGo,Banglore,Delhi,non-stop,175.0,6,12,2019,7,10,6,12,2019,10,5
Jet Airways,Kolkata,Banglore,1 stop,750.0,15,5,2019,9,35,15,5,2019,22,5
Jet Airways,Kolkata,Banglore,1 stop,570.0,5,1,2019,14,5,5,1,2019,23,35
Multiple carriers,Delhi,Cochin,1 stop,520.0,6,9,2019,10,20,6,9,2019,19,0
Jet Airways,Delhi,Cochin,2 stops,1365.0,21,3,2019,5,40,22,3,2019,4,25
Air India,Delhi,Cochin,1 stop,320.0,18,5,2019,17,40,18,5,2019,23,0
Air Asia,Banglore,Delhi,non-stop,170.0,4,1,2019,4,55,4,1,2019,7,45
SpiceJet,Chennai,Kolkata,non-stop,140.0,21,3,2019,17,45,21,3,2019,20,5
Air Asia,Delhi,Cochin,1 stop,340.0,24,6,2019,16,45,24,6,2019,22,25
Jet Airways,Kolkata,Banglore,1 stop,1695.0,5,12,2019,16,30,13,5,2019,20,45
Air Asia,Kolkata,Banglore,1 stop,710.0,24,5,2019,7,35,24,5,2019,19,25
Jet Airways,Delhi,Cochin,2 stops,1615.0,15,6,2019,9,40,16,6,2019,12,35
Jet Airways,Kolkata,Banglore,1 stop,1685.0,15,5,2019,17,0,16,5,2019,21,5
Jet Airways,Mumbai,Hyderabad,non-stop,90.0,18,3,2019,10,20,18,3,2019,11,50
Air India,Kolkata,Banglore,non-stop,155.0,6,3,2019,20,45,6,3,2019,23,20
Air India,Mumbai,Hyderabad,non-stop,75.0,5,6,2019,19,30,5,6,2019,20,45
Jet Airways,Banglore,Delhi,1 stop,1590.0,3,9,2019,8,55,13,3,2019,11,25
Jet Airways,Kolkata,Banglore,1 stop,1685.0,6,9,2019,17,0,6,10,2019,21,5
Jet Airways,Banglore,Delhi,1 stop,640.0,18,3,2019,22,50,19,3,2019,9,30
Air Asia,Kolkata,Banglore,non-stop,150.0,27,5,2019,22,50,28,5,2019,1,20
SpiceJet,Kolkata,Banglore,non-stop,145.0,18,4,2019,9,0,18,4,2019,11,25
Jet Airways,Kolkata,Banglore,1 stop,1335.0,21,5,2019,20,0,22,5,2019,18,15
IndiGo,Banglore,Delhi,non-stop,175.0,5,3,2019,0,30,5,3,2019,3,25
Multiple carriers,Delhi,Cochin,1 stop,660.0,21,5,2019,8,0,21,5,2019,19,0
SpiceJet,Chennai,Kolkata,non-stop,140.0,24,3,2019,17,45,24,3,2019,20,5
SpiceJet,Banglore,Delhi,non-stop,160.0,24,5,2019,5,55,24,5,2019,8,35
Jet Airways,Delhi,Cochin,1 stop,1425.0,6,12,2019,19,15,13,6,2019,19,0
IndiGo,Mumbai,Hyderabad,non-stop,90.0,6,1,2019,21,20,6,1,2019,22,50
Jet Airways,Delhi,Cochin,2 stops,2070.0,3,6,2019,17,55,3,8,2019,4,25
SpiceJet,Kolkata,Banglore,non-stop,150.0,18,5,2019,14,55,18,5,2019,17,25
Air India,Delhi,Cochin,2 stops,1485.0,6,12,2019,18,30,13,6,2019,19,15
SpiceJet,Delhi,Cochin,1 stop,315.0,21,5,2019,6,5,21,5,2019,11,20
Jet Airways,Delhi,Cochin,1 stop,450.0,6,9,2019,11,30,6,9,2019,19,0
Air India,Mumbai,Hyderabad,non-stop,80.0,27,3,2019,21,5,27,3,2019,22,25
IndiGo,Banglore,Delhi,non-stop,175.0,6,12,2019,0,30,6,12,2019,3,25
Jet Airways,Delhi,Cochin,2 stops,810.0,6,12,2019,5,30,6,12,2019,19,0
Jet Airways,Banglore,Delhi,1 stop,280.0,15,3,2019,9,45,15,3,2019,14,25
IndiGo,Banglore,Delhi,non-stop,170.0,27,5,2019,23,30,28,5,2019,2,20
Jet Airways,Delhi,Cochin,2 stops,1420.0,21,3,2019,19,10,22,3,2019,18,50
SpiceJet,Kolkata,Banglore,non-stop,140.0,18,6,2019,22,20,19,6,2019,0,40
Air Asia,Banglore,Delhi,non-stop,165.0,27,4,2019,11,10,27,4,2019,13,55
Vistara,Mumbai,Hyderabad,1 stop,480.0,3,12,2019,8,45,3,12,2019,16,45
Air India,Delhi,Cochin,2 stops,1380.0,5,9,2019,20,15,5,10,2019,19,15
Multiple carriers,Delhi,Cochin,1 stop,620.0,27,3,2019,15,15,28,3,2019,1,35
Air India,Banglore,Delhi,1 stop,1475.0,21,3,2019,8,15,22,3,2019,8,50
Jet Airways,Mumbai,Hyderabad,non-stop,85.0,6,12,2019,2,55,6,12,2019,4,20
Vistara,Chennai,Kolkata,non-stop,140.0,15,6,2019,17,45,15,6,2019,20,5
IndiGo,Delhi,Cochin,1 stop,810.0,15,5,2019,7,30,15,5,2019,21,0
SpiceJet,Banglore,Delhi,non-stop,170.0,24,5,2019,9,30,24,5,2019,12,20
Multiple carriers,Delhi,Cochin,1 stop,505.0,18,5,2019,10,35,18,5,2019,19,0
IndiGo,Banglore,Delhi,non-stop,170.0,18,6,2019,0,25,18,6,2019,3,15
Jet Airways,Delhi,Cochin,1 stop,1395.0,6,3,2019,19,45,6,4,2019,19,0
Jet Airways,Delhi,Cochin,1 stop,865.0,6,6,2019,14,0,6,7,2019,4,25
IndiGo,Delhi,Cochin,non-stop,195.0,24,6,2019,5,35,24,6,2019,8,50
SpiceJet,Banglore,Delhi,1 stop,485.0,15,3,2019,15,35,15,3,2019,23,40
Jet Airways,Kolkata,Banglore,1 stop,1495.0,6,9,2019,18,55,6,10,2019,19,50
Jet Airways,Delhi,Cochin,1 stop,1280.0,6,9,2019,7,5,6,10,2019,4,25
Jet Airways,Banglore,Delhi,1 stop,860.0,3,12,2019,22,55,13,3,2019,13,15
Jet Airways,Kolkata,Banglore,1 stop,1285.0,15,5,2019,17,0,16,5,2019,14,25
IndiGo,Kolkata,Banglore,non-stop,155.0,27,4,2019,4,40,27,4,2019,7,15
Jet Airways,Delhi,Cochin,2 stops,1925.0,3,9,2019,10,45,3,10,2019,18,50
Jet Airways,Kolkata,Banglore,1 stop,1450.0,5,1,2019,9,35,5,2,2019,9,45
IndiGo,Kolkata,Banglore,non-stop,150.0,27,5,2019,15,15,27,5,2019,17,45
Jet Airways,Delhi,Cochin,1 stop,620.0,15,6,2019,2,15,15,6,2019,12,35
IndiGo,Delhi,Cochin,1 stop,345.0,24,6,2019,2,0,24,6,2019,7,45
Air India,Banglore,Delhi,1 stop,480.0,3,12,2019,11,50,3,12,2019,19,50
Jet Airways,Kolkata,Banglore,1 stop,1630.0,5,12,2019,20,25,13,5,2019,23,35
Jet Airways,Kolkata,Banglore,1 stop,590.0,4,1,2019,6,30,4,1,2019,16,20
Multiple carriers,Delhi,Cochin,1 stop,900.0,27,6,2019,6,0,27,6,2019,21,0
IndiGo,Kolkata,Banglore,non-stop,155.0,5,9,2019,15,30,5,9,2019,18,5
Jet Airways,Kolkata,Banglore,1 stop,800.0,5,9,2019,6,30,5,9,2019,19,50
Air India,Kolkata,Banglore,1 stop,745.0,15,5,2019,9,25,15,5,2019,21,50
Jet Airways,Banglore,Delhi,1 stop,435.0,3,1,2019,8,0,3,1,2019,15,15
Jet Airways,Delhi,Cochin,1 stop,620.0,6,1,2019,2,15,6,1,2019,12,35
IndiGo,Delhi,Cochin,1 stop,575.0,21,3,2019,16,0,22,3,2019,1,35
Air India,Delhi,Cochin,2 stops,970.0,27,3,2019,17,15,28,3,2019,9,25
IndiGo,Kolkata,Banglore,non-stop,160.0,3,9,2019,21,25,3,10,2019,0,5
Jet Airways,Delhi,Cochin,2 stops,1615.0,6,6,2019,9,40,6,7,2019,12,35
Air India,Kolkata,Banglore,2 stops,1505.0,4,1,2019,9,25,4,2,2019,10,30
IndiGo,Chennai,Kolkata,non-stop,140.0,5,12,2019,14,45,5,12,2019,17,5
Jet Airways,Banglore,Delhi,1 stop,520.0,21,3,2019,11,40,21,3,2019,20,20
Multiple carriers,Delhi,Cochin,1 stop,720.0,6,6,2019,9,0,6,6,2019,21,0
Jet Airways,Kolkata,Banglore,1 stop,800.0,18,5,2019,20,0,19,5,2019,9,20
Jet Airways,Delhi,Cochin,1 stop,335.0,6,6,2019,22,50,6,7,2019,4,25
Air India,Delhi,Cochin,2 stops,2295.0,3,9,2019,5,0,3,10,2019,19,15
Air India,Delhi,Cochin,1 stop,1010.0,15,6,2019,6,10,15,6,2019,23,0
Multiple carriers,Delhi,Cochin,1 stop,465.0,6,6,2019,17,45,6,7,2019,1,30
Jet Airways,Delhi,Cochin,2 stops,1320.0,6,12,2019,14,35,13,6,2019,12,35
IndiGo,Kolkata,Banglore,1 stop,220.0,15,5,2019,19,35,15,5,2019,23,15
SpiceJet,Kolkata,Banglore,1 stop,435.0,5,1,2019,11,15,5,1,2019,18,30
SpiceJet,Chennai,Kolkata,non-stop,155.0,18,3,2019,9,30,18,3,2019,12,5
Air India,Banglore,Delhi,1 stop,240.0,15,3,2019,8,15,15,3,2019,12,15
GoAir,Banglore,Delhi,non-stop,165.0,18,5,2019,20,55,18,5,2019,23,40
Jet Airways,Banglore,Delhi,non-stop,180.0,27,4,2019,17,45,27,4,2019,20,45
IndiGo,Banglore,Delhi,non-stop,175.0,18,5,2019,18,55,18,5,2019,21,50
Jet Airways,Kolkata,Banglore,1 stop,730.0,21,5,2019,21,10,22,5,2019,9,20
Jet Airways,Kolkata,Banglore,1 stop,1075.0,21,5,2019,17,0,22,5,2019,10,55
Air India,Kolkata,Banglore,2 stops,1165.0,5,6,2019,10,0,5,7,2019,5,25
Air India,Delhi,Cochin,1 stop,765.0,5,1,2019,20,40,5,2,2019,9,25
Jet Airways,Banglore,Delhi,1 stop,565.0,18,3,2019,22,50,19,3,2019,8,15
Multiple carriers,Delhi,Cochin,1 stop,470.0,27,3,2019,17,45,28,3,2019,1,35
Jet Airways,Mumbai,Hyderabad,non-stop,85.0,6,9,2019,7,5,6,9,2019,8,30
Air India,Delhi,Cochin,1 stop,615.0,27,6,2019,9,0,27,6,2019,19,15
IndiGo,Banglore,Delhi,non-stop,165.0,15,4,2019,6,5,15,4,2019,8,50
IndiGo,Kolkata,Banglore,1 stop,315.0,6,9,2019,21,0,6,10,2019,2,15
Multiple carriers,Delhi,Cochin,1 stop,440.0,18,5,2019,11,40,18,5,2019,19,0
IndiGo,Kolkata,Banglore,non-stop,165.0,15,3,2019,9,35,15,3,2019,12,20
Jet Airways,Kolkata,Banglore,1 stop,665.0,5,9,2019,21,10,5,10,2019,8,15
IndiGo,Banglore,Delhi,non-stop,170.0,3,9,2019,18,55,3,9,2019,21,45
Jet Airways,Banglore,Delhi,non-stop,175.0,27,6,2019,15,15,27,6,2019,18,10
Multiple carriers,Delhi,Cochin,1 stop,780.0,18,5,2019,8,0,18,5,2019,21,0
Air India,Delhi,Cochin,1 stop,765.0,15,6,2019,20,40,16,6,2019,9,25
SpiceJet,Delhi,Cochin,1 stop,360.0,3,6,2019,15,55,3,6,2019,21,55
Air India,Kolkata,Banglore,2 stops,1210.0,21,5,2019,9,25,22,5,2019,5,35
IndiGo,Delhi,Cochin,1 stop,275.0,21,4,2019,7,35,21,4,2019,12,10
Multiple carriers,Delhi,Cochin,1 stop,675.0,21,3,2019,8,0,21,3,2019,19,15
Jet Airways,Kolkata,Banglore,1 stop,1610.0,24,5,2019,6,30,25,5,2019,9,20
Jet Airways,Kolkata,Banglore,1 stop,960.0,4,1,2019,20,0,4,2,2019,12,0
IndiGo,Banglore,Delhi,non-stop,175.0,24,5,2019,7,10,24,5,2019,10,5
Air India,Banglore,Delhi,non-stop,170.0,5,1,2019,21,5,5,1,2019,23,55
Jet Airways,Delhi,Cochin,1 stop,1165.0,27,3,2019,9,0,28,3,2019,4,25
IndiGo,Chennai,Kolkata,non-stop,140.0,24,6,2019,22,5,25,6,2019,0,25
Multiple carriers,Delhi,Cochin,1 stop,730.0,21,5,2019,7,5,21,5,2019,19,15
IndiGo,Delhi,Cochin,1 stop,860.0,15,5,2019,6,40,15,5,2019,21,0
Air India,Delhi,Cochin,1 stop,1590.0,27,3,2019,20,30,28,3,2019,23,0
IndiGo,Kolkata,Banglore,1 stop,330.0,5,9,2019,7,10,5,9,2019,12,40
Air India,Delhi,Cochin,2 stops,1595.0,3,3,2019,16,40,3,4,2019,19,15
IndiGo,Delhi,Cochin,1 stop,515.0,6,9,2019,7,35,6,9,2019,16,10
Air India,Kolkata,Banglore,1 stop,625.0,21,5,2019,10,0,21,5,2019,20,25
IndiGo,Chennai,Kolkata,non-stop,140.0,6,3,2019,14,45,6,3,2019,17,5
SpiceJet,Delhi,Cochin,1 stop,380.0,21,4,2019,15,45,21,4,2019,22,5
GoAir,Banglore,Delhi,non-stop,175.0,3,9,2019,11,40,3,9,2019,14,35
IndiGo,Delhi,Cochin,1 stop,315.0,21,5,2019,7,15,21,5,2019,12,30
Air India,Banglore,Delhi,2 stops,655.0,3,9,2019,10,30,3,9,2019,21,25
Vistara,Kolkata,Banglore,1 stop,965.0,24,5,2019,17,0,25,5,2019,9,5
Multiple carriers,Delhi,Cochin,1 stop,560.0,3,6,2019,9,55,3,6,2019,19,15
Air India,Kolkata,Banglore,2 stops,1210.0,21,5,2019,9,25,22,5,2019,5,35
Jet Airways,Kolkata,Banglore,1 stop,1500.0,21,5,2019,17,0,22,5,2019,18,0
Jet Airways,Delhi,Cochin,1 stop,1015.0,27,3,2019,11,30,28,3,2019,4,25
Jet Airways,Banglore,Delhi,non-stop,175.0,4,3,2019,11,10,4,3,2019,14,5
IndiGo,Kolkata,Banglore,non-stop,150.0,21,5,2019,14,25,21,5,2019,16,55
IndiGo,Delhi,Cochin,1 stop,560.0,27,6,2019,6,50,27,6,2019,16,10
Jet Airways,Banglore,Delhi,non-stop,165.0,5,12,2019,6,0,5,12,2019,8,45
Jet Airways,Kolkata,Banglore,1 stop,1400.0,6,12,2019,18,55,13,6,2019,18,15
IndiGo,Delhi,Cochin,1 stop,325.0,18,5,2019,2,0,18,5,2019,7,25
Vistara,Chennai,Kolkata,non-stop,140.0,6,3,2019,17,45,6,3,2019,20,5
Air India,Delhi,Cochin,2 stops,1105.0,27,6,2019,13,15,28,6,2019,7,40
Air Asia,Kolkata,Banglore,1 stop,215.0,21,5,2019,19,55,21,5,2019,23,30
Vistara,Chennai,Kolkata,non-stop,135.0,6,6,2019,7,5,6,6,2019,9,20
Jet Airways,Delhi,Cochin,1 stop,655.0,6,6,2019,17,30,6,7,2019,4,25
Vistara,Mumbai,Hyderabad,1 stop,850.0,3,12,2019,8,45,3,12,2019,22,55
Multiple carriers,Delhi,Cochin,1 stop,660.0,15,6,2019,8,0,15,6,2019,19,0
Vistara,Kolkata,Banglore,1 stop,700.0,5,12,2019,7,10,5,12,2019,18,50
Jet Airways,Delhi,Cochin,1 stop,825.0,4,9,2019,22,50,4,10,2019,12,35
Air India,Kolkata,Banglore,2 stops,1195.0,5,6,2019,12,0,5,7,2019,7,55
Air India,Mumbai,Hyderabad,non-stop,90.0,18,6,2019,13,55,18,6,2019,15,25
Jet Airways,Delhi,Cochin,2 stops,2315.0,27,3,2019,5,10,28,3,2019,19,45
Jet Airways,Delhi,Cochin,2 stops,1390.0,18,5,2019,13,25,19,5,2019,12,35
SpiceJet,Mumbai,Hyderabad,non-stop,90.0,18,6,2019,13,15,18,6,2019,14,45
Jet Airways,Kolkata,Banglore,1 stop,450.0,24,5,2019,21,10,25,5,2019,4,40
Multiple carriers,Delhi,Cochin,1 stop,555.0,15,6,2019,13,15,15,6,2019,22,30
Jet Airways,Delhi,Cochin,1 stop,805.0,6,6,2019,15,0,6,7,2019,4,25
Jet Airways,Delhi,Cochin,1 stop,610.0,18,5,2019,18,15,19,5,2019,4,25
Multiple carriers,Delhi,Cochin,1 stop,390.0,18,5,2019,19,0,19,5,2019,1,30
Jet Airways,Banglore,Delhi,non-stop,175.0,24,3,2019,11,10,24,3,2019,14,5
IndiGo,Kolkata,Banglore,non-stop,150.0,5,6,2019,14,25,5,6,2019,16,55
Multiple carriers,Delhi,Cochin,1 stop,455.0,27,6,2019,14,55,27,6,2019,22,30
Jet Airways,Kolkata,Banglore,1 stop,1330.0,5,9,2019,6,30,5,10,2019,4,40
Air India,Kolkata,Banglore,2 stops,525.0,6,6,2019,14,30,6,6,2019,23,15
Vistara,Kolkata,Banglore,1 stop,1580.0,21,5,2019,20,20,22,5,2019,22,40
IndiGo,Kolkata,Banglore,non-stop,155.0,24,3,2019,15,10,24,3,2019,17,45
Jet Airways,Delhi,Cochin,non-stop,195.0,21,5,2019,9,50,21,5,2019,13,5
Jet Airways,Kolkata,Banglore,1 stop,590.0,24,5,2019,6,30,24,5,2019,16,20
Jet Airways,Delhi,Cochin,1 stop,825.0,24,6,2019,22,50,25,6,2019,12,35
Multiple carriers,Delhi,Cochin,1 stop,720.0,21,3,2019,9,0,21,3,2019,21,0
Air India,Banglore,Delhi,1 stop,1265.0,3,12,2019,11,50,13,3,2019,8,55
Jet Airways,Delhi,Cochin,1 stop,995.0,21,3,2019,2,15,21,3,2019,18,50
Jet Airways,Kolkata,Banglore,1 stop,1695.0,6,12,2019,16,30,13,6,2019,20,45
Multiple carriers,Delhi,Cochin,1 stop,720.0,21,5,2019,9,0,21,5,2019,21,0
Jet Airways,Banglore,Delhi,1 stop,995.0,3,6,2019,16,55,3,7,2019,9,30
Jet Airways,Delhi,Cochin,1 stop,1210.0,6,6,2019,22,50,6,7,2019,19,0
Jet Airways,Mumbai,Hyderabad,non-stop,85.0,21,5,2019,7,5,21,5,2019,8,30
Jet Airways,Kolkata,Banglore,1 stop,800.0,21,5,2019,18,55,22,5,2019,8,15
Jet Airways,Delhi,Cochin,2 stops,750.0,3,9,2019,15,55,3,10,2019,4,25
IndiGo,Kolkata,Banglore,non-stop,160.0,5,6,2019,21,25,5,7,2019,0,5
Jet Airways,Banglore,Delhi,1 stop,570.0,21,3,2019,5,45,21,3,2019,15,15
SpiceJet,Kolkata,Banglore,non-stop,145.0,21,6,2019,9,0,21,6,2019,11,25
IndiGo,Delhi,Cochin,1 stop,570.0,6,9,2019,16,0,6,10,2019,1,30
Jet Airways,Kolkata,Banglore,1 stop,1335.0,24,3,2019,6,30,25,3,2019,4,45
IndiGo,Delhi,Cochin,1 stop,285.0,3,3,2019,10,45,3,3,2019,15,30
Jet Airways,Kolkata,Banglore,1 stop,865.0,18,5,2019,18,55,19,5,2019,9,20
Multiple carriers,Delhi,Cochin,1 stop,540.0,15,5,2019,10,0,15,5,2019,19,0
Jet Airways,Kolkata,Banglore,1 stop,1010.0,24,5,2019,16,30,25,5,2019,9,20
Jet Airways,Delhi,Cochin,2 stops,1025.0,27,5,2019,19,30,28,5,2019,12,35
Jet Airways,Banglore,Delhi,non-stop,180.0,6,3,2019,17,45,6,3,2019,20,45
IndiGo,Mumbai,Hyderabad,non-stop,85.0,18,3,2019,19,5,18,3,2019,20,30
IndiGo,Banglore,Delhi,non-stop,180.0,21,4,2019,21,15,22,4,2019,0,15
Jet Airways,Kolkata,Banglore,1 stop,1075.0,15,5,2019,17,0,16,5,2019,10,55
Air India,Delhi,Cochin,2 stops,2170.0,3,6,2019,7,5,3,7,2019,19,15
Jet Airways,Banglore,Delhi,non-stop,165.0,18,6,2019,6,0,18,6,2019,8,45
Jet Airways,Delhi,Cochin,2 stops,2135.0,3,6,2019,16,50,3,8,2019,4,25
Jet Airways,Delhi,Cochin,1 stop,655.0,3,3,2019,17,30,3,4,2019,4,25
IndiGo,Mumbai,Hyderabad,non-stop,95.0,4,1,2019,20,5,4,1,2019,21,40
Jet Airways,Delhi,Cochin,1 stop,1425.0,24,6,2019,19,15,25,6,2019,19,0
IndiGo,Delhi,Cochin,1 stop,265.0,3,9,2019,7,35,3,9,2019,12,0
Jet Airways,Delhi,Cochin,1 stop,1570.0,15,6,2019,2,15,16,6,2019,4,25
Vistara,Banglore,Delhi,non-stop,170.0,6,1,2019,9,45,6,1,2019,12,35
IndiGo,Kolkata,Banglore,non-stop,165.0,27,3,2019,9,35,27,3,2019,12,20
Vistara,Banglore,Delhi,non-stop,170.0,21,6,2019,21,0,21,6,2019,23,50
GoAir,Delhi,Cochin,1 stop,310.0,6,9,2019,14,25,6,9,2019,19,35
Jet Airways,Delhi,Cochin,1 stop,520.0,21,3,2019,19,45,22,3,2019,4,25
Vistara,Chennai,Kolkata,non-stop,135.0,24,3,2019,7,5,24,3,2019,9,20
IndiGo,Kolkata,Banglore,1 stop,320.0,24,5,2019,15,10,24,5,2019,20,30
IndiGo,Banglore,Delhi,non-stop,175.0,4,6,2019,18,55,4,6,2019,21,50
Jet Airways,Delhi,Cochin,1 stop,360.0,27,6,2019,13,0,27,6,2019,19,0
Air India,Delhi,Cochin,3 stops,2280.0,27,5,2019,5,15,28,5,2019,19,15
IndiGo,Delhi,Cochin,1 stop,810.0,5,1,2019,7,30,5,1,2019,21,0
Jet Airways,Kolkata,Banglore,1 stop,450.0,4,1,2019,21,10,4,2,2019,4,40
IndiGo,Banglore,Delhi,non-stop,170.0,24,3,2019,16,55,24,3,2019,19,45
Air India,Kolkata,Banglore,2 stops,445.0,24,5,2019,5,50,24,5,2019,13,15
IndiGo,Banglore,Delhi,non-stop,170.0,15,4,2019,13,0,15,4,2019,15,50
Jet Airways,Kolkata,Banglore,1 stop,520.0,24,3,2019,13,55,24,3,2019,22,35
Air India,Mumbai,Hyderabad,non-stop,80.0,3,3,2019,21,5,3,3,2019,22,25
Jet Airways,Kolkata,Banglore,1 stop,330.0,5,1,2019,6,30,5,1,2019,12,0
Multiple carriers,Delhi,Cochin,1 stop,440.0,3,6,2019,11,30,3,6,2019,18,50
Jet Airways,Delhi,Cochin,2 stops,1350.0,6,9,2019,14,5,6,10,2019,12,35
IndiGo,Kolkata,Banglore,non-stop,165.0,24,3,2019,22,10,25,3,2019,0,55
Jet Airways,Delhi,Cochin,1 stop,1100.0,24,6,2019,18,15,25,6,2019,12,35
Vistara,Banglore,Delhi,non-stop,165.0,3,9,2019,9,50,3,9,2019,12,35
Multiple carriers,Delhi,Cochin,1 stop,450.0,6,6,2019,18,0,6,7,2019,1,30
Vistara,Kolkata,Banglore,1 stop,1350.0,18,5,2019,20,20,19,5,2019,18,50
Vistara,Banglore,Delhi,non-stop,160.0,4,12,2019,7,0,4,12,2019,9,40
IndiGo,Delhi,Cochin,non-stop,185.0,3,3,2019,14,30,3,3,2019,17,35
Multiple carriers,Delhi,Cochin,1 stop,705.0,5,9,2019,7,30,5,9,2019,19,15
Air Asia,Delhi,Cochin,1 stop,830.0,24,6,2019,16,45,25,6,2019,6,35
Jet Airways,Banglore,Delhi,1 stop,1045.0,18,3,2019,11,40,19,3,2019,5,5
Air India,Delhi,Cochin,non-stop,180.0,3,3,2019,14,10,3,3,2019,17,10
SpiceJet,Kolkata,Banglore,non-stop,155.0,15,6,2019,6,55,15,6,2019,9,30
Jet Airways,Delhi,Cochin,1 stop,1270.0,6,6,2019,21,50,6,7,2019,19,0
Jet Airways,Banglore,Delhi,1 stop,520.0,18,3,2019,11,40,18,3,2019,20,20
IndiGo,Delhi,Cochin,1 stop,380.0,6,1,2019,16,10,6,1,2019,22,30
Air India,Banglore,Delhi,1 stop,1405.0,3,3,2019,0,30,3,3,2019,23,55
Jet Airways,Kolkata,Banglore,1 stop,450.0,4,1,2019,21,10,4,2,2019,4,40
Jet Airways,Banglore,Delhi,1 stop,490.0,15,3,2019,8,0,15,3,2019,16,10
Jet Airways,Banglore,Delhi,1 stop,1365.0,3,6,2019,11,40,3,7,2019,10,25
Vistara,Delhi,Cochin,non-stop,190.0,24,4,2019,6,0,24,4,2019,9,10
IndiGo,Delhi,Cochin,1 stop,320.0,5,9,2019,6,50,5,9,2019,12,10
Multiple carriers,Delhi,Cochin,1 stop,650.0,21,3,2019,8,0,21,3,2019,18,50
Jet Airways,Banglore,Delhi,non-stop,180.0,5,3,2019,8,20,5,3,2019,11,20
IndiGo,Banglore,Delhi,non-stop,170.0,3,3,2019,13,0,3,3,2019,15,50
SpiceJet,Delhi,Cochin,1 stop,315.0,6,1,2019,6,5,6,1,2019,11,20
Jet Airways,Banglore,Delhi,1 stop,1365.0,21,3,2019,8,55,22,3,2019,7,40
Jet Airways,Delhi,Cochin,2 stops,1130.0,6,9,2019,9,35,6,10,2019,4,25
IndiGo,Delhi,Cochin,1 stop,665.0,18,5,2019,5,5,18,5,2019,16,10
Air India,Banglore,Delhi,1 stop,855.0,3,3,2019,9,30,3,3,2019,23,45
Vistara,Delhi,Cochin,non-stop,190.0,6,9,2019,14,40,6,9,2019,17,50
IndiGo,Banglore,Delhi,non-stop,175.0,3,3,2019,20,0,3,3,2019,22,55
Jet Airways,Kolkata,Banglore,1 stop,1495.0,18,5,2019,8,25,19,5,2019,9,20
Jet Airways,Delhi,Cochin,1 stop,1440.0,3,6,2019,19,45,3,7,2019,19,45
Air India,Delhi,Cochin,2 stops,1580.0,27,6,2019,16,55,28,6,2019,19,15
Jet Airways,Kolkata,Banglore,1 stop,685.0,5,1,2019,8,25,5,1,2019,19,50
Jet Airways,Banglore,Delhi,1 stop,375.0,18,3,2019,14,5,18,3,2019,20,20
IndiGo,Kolkata,Banglore,non-stop,155.0,18,6,2019,22,15,19,6,2019,0,50
Vistara,Delhi,Cochin,non-stop,190.0,6,1,2019,6,0,6,1,2019,9,10
Air Asia,Delhi,Cochin,1 stop,865.0,27,6,2019,16,45,28,6,2019,7,10
Air India,Kolkata,Banglore,2 stops,765.0,5,9,2019,16,50,5,10,2019,5,35
SpiceJet,Mumbai,Hyderabad,non-stop,90.0,18,5,2019,22,45,19,5,2019,0,15
Multiple carriers,Delhi,Cochin,1 stop,570.0,3,6,2019,11,30,3,6,2019,21,0
Multiple carriers,Delhi,Cochin,1 stop,545.0,6,1,2019,7,5,6,1,2019,16,10
Jet Airways,Banglore,Delhi,1 stop,625.0,3,6,2019,5,45,3,6,2019,16,10
IndiGo,Kolkata,Banglore,non-stop,150.0,21,4,2019,15,15,21,4,2019,17,45
Jet Airways,Kolkata,Banglore,1 stop,575.0,6,9,2019,9,35,6,9,2019,19,10
Jet Airways,Banglore,Delhi,1 stop,830.0,21,3,2019,20,35,22,3,2019,10,25
IndiGo,Chennai,Kolkata,non-stop,145.0,5,12,2019,5,15,5,12,2019,7,40
Jet Airways,Kolkata,Banglore,1 stop,1155.0,24,5,2019,14,5,25,5,2019,9,20
Jet Airways,Delhi,Cochin,2 stops,830.0,6,6,2019,14,35,6,7,2019,4,25
SpiceJet,Kolkata,Banglore,non-stop,155.0,6,12,2019,6,55,6,12,2019,9,30
Air India,Banglore,Delhi,non-stop,170.0,6,12,2019,13,20,6,12,2019,16,10
Jet Airways,Delhi,Cochin,1 stop,1295.0,6,12,2019,15,0,13,6,2019,12,35
IndiGo,Banglore,Delhi,non-stop,180.0,5,1,2019,16,55,5,1,2019,19,55
Jet Airways,Delhi,Cochin,2 stops,1615.0,6,1,2019,9,40,6,2,2019,12,35
Air India,Kolkata,Banglore,1 stop,545.0,5,12,2019,9,25,5,12,2019,18,30
Air Asia,Kolkata,Banglore,1 stop,220.0,24,5,2019,6,50,24,5,2019,10,30
Air Asia,Kolkata,Banglore,non-stop,150.0,5,3,2019,19,55,5,3,2019,22,25
Vistara,Chennai,Kolkata,non-stop,140.0,15,5,2019,17,45,15,5,2019,20,5
Jet Airways,Banglore,Delhi,1 stop,1140.0,21,3,2019,5,45,22,3,2019,0,45
Multiple carriers,Delhi,Cochin,1 stop,450.0,27,3,2019,8,0,27,3,2019,15,30
SpiceJet,Banglore,Delhi,non-stop,170.0,4,3,2019,9,30,4,3,2019,12,20
Jet Airways,Delhi,Cochin,1 stop,1395.0,21,5,2019,19,45,22,5,2019,19,0
Jet Airways,Delhi,Cochin,2 stops,1735.0,21,3,2019,13,55,22,3,2019,18,50
Jet Airways,Banglore,Delhi,1 stop,1585.0,3,12,2019,20,35,13,3,2019,23,0
IndiGo,Kolkata,Banglore,non-stop,155.0,18,4,2019,17,15,18,4,2019,19,50
Air India,Delhi,Cochin,non-stop,170.0,6,6,2019,5,10,6,6,2019,8,0
Vistara,Kolkata,Banglore,1 stop,1065.0,6,6,2019,17,0,6,7,2019,10,45
Multiple carriers,Delhi,Cochin,1 stop,660.0,18,5,2019,10,0,18,5,2019,21,0
Air India,Kolkata,Banglore,2 stops,1255.0,21,5,2019,16,50,22,5,2019,13,45
Jet Airways,Banglore,Delhi,non-stop,185.0,21,5,2019,18,55,21,5,2019,22,0
Multiple carriers,Delhi,Cochin,1 stop,615.0,3,6,2019,9,0,3,6,2019,19,15
Jet Airways,Delhi,Cochin,1 stop,940.0,4,9,2019,20,55,4,10,2019,12,35
IndiGo,Mumbai,Hyderabad,non-stop,90.0,6,9,2019,2,35,6,9,2019,4,5
Jet Airways,Kolkata,Banglore,1 stop,520.0,5,12,2019,20,0,13,5,2019,4,40
Jet Airways,Kolkata,Banglore,1 stop,1285.0,6,6,2019,18,55,6,7,2019,16,20
Multiple carriers,Delhi,Cochin,1 stop,795.0,21,5,2019,6,0,21,5,2019,19,15
Jet Airways,Banglore,Delhi,1 stop,450.0,18,3,2019,5,45,18,3,2019,13,15
Jet Airways,Banglore,Delhi,non-stop,180.0,4,1,2019,7,10,4,1,2019,10,10
Jet Airways,Kolkata,Banglore,1 stop,375.0,18,5,2019,5,45,18,5,2019,12,0
SpiceJet,Chennai,Kolkata,non-stop,135.0,18,5,2019,9,45,18,5,2019,12,0
Jet Airways,Banglore,Delhi,1 stop,400.0,18,3,2019,5,45,18,3,2019,12,25
IndiGo,Banglore,Delhi,non-stop,170.0,4,12,2019,10,10,4,12,2019,13,0
SpiceJet,Banglore,Delhi,non-stop,160.0,18,5,2019,5,55,18,5,2019,8,35
Multiple carriers,Delhi,Cochin,1 stop,640.0,27,6,2019,10,20,27,6,2019,21,0
Jet Airways,Delhi,Cochin,1 stop,620.0,5,9,2019,2,15,5,9,2019,12,35
IndiGo,Banglore,Delhi,non-stop,170.0,15,5,2019,4,0,15,5,2019,6,50
IndiGo,Delhi,Cochin,non-stop,195.0,6,9,2019,5,35,6,9,2019,8,50
Jet Airways,Delhi,Cochin,1 stop,1655.0,24,6,2019,9,0,25,6,2019,12,35
Jet Airways,Delhi,Cochin,2 stops,560.0,6,9,2019,9,40,6,9,2019,19,0
Jet Airways,Kolkata,Banglore,1 stop,910.0,15,5,2019,8,25,15,5,2019,23,35
Vistara,Kolkata,Banglore,1 stop,1350.0,24,5,2019,20,20,25,5,2019,18,50
Vistara,Chennai,Kolkata,non-stop,135.0,3,3,2019,7,5,3,3,2019,9,20
Air Asia,Banglore,Delhi,non-stop,170.0,21,4,2019,23,55,22,4,2019,2,45
Air India,Delhi,Cochin,2 stops,2295.0,6,12,2019,5,0,13,6,2019,19,15
SpiceJet,Kolkata,Banglore,non-stop,155.0,24,4,2019,6,55,24,4,2019,9,30
IndiGo,Delhi,Cochin,non-stop,195.0,18,4,2019,5,35,18,4,2019,8,50
Jet Airways,Delhi,Cochin,2 stops,1045.0,27,6,2019,19,10,28,6,2019,12,35
SpiceJet,Mumbai,Hyderabad,non-stop,80.0,3,9,2019,5,45,3,9,2019,7,5
SpiceJet,Chennai,Kolkata,non-stop,135.0,27,5,2019,8,20,27,5,2019,10,35
IndiGo,Kolkata,Banglore,non-stop,150.0,18,5,2019,14,25,18,5,2019,16,55
Jet Airways,Mumbai,Hyderabad,non-stop,90.0,18,5,2019,10,20,18,5,2019,11,50
Jet Airways,Kolkata,Banglore,1 stop,1730.0,21,5,2019,9,35,22,5,2019,14,25
IndiGo,Kolkata,Banglore,non-stop,155.0,24,3,2019,14,20,24,3,2019,16,55
Jet Airways,Banglore,Delhi,1 stop,300.0,3,1,2019,5,45,3,1,2019,10,45
SpiceJet,Kolkata,Banglore,non-stop,140.0,21,6,2019,22,20,22,6,2019,0,40
Jet Airways,Banglore,Delhi,1 stop,760.0,15,3,2019,5,45,15,3,2019,18,25
Jet Airways,Delhi,Cochin,2 stops,1375.0,6,6,2019,5,30,6,7,2019,4,25
Jet Airways,Kolkata,Banglore,1 stop,1520.0,6,6,2019,9,35,6,7,2019,10,55
Air India,Delhi,Cochin,1 stop,965.0,27,3,2019,17,20,28,3,2019,9,25
Air India,Kolkata,Banglore,2 stops,525.0,21,5,2019,14,30,21,5,2019,23,15
SpiceJet,Chennai,Kolkata,non-stop,135.0,15,5,2019,9,45,15,5,2019,12,0
Vistara,Kolkata,Banglore,1 stop,965.0,5,1,2019,17,0,5,2,2019,9,5
IndiGo,Kolkata,Banglore,1 stop,290.0,5,12,2019,15,15,5,12,2019,20,5
Multiple carriers,Delhi,Cochin,1 stop,700.0,3,3,2019,13,55,3,4,2019,1,35
Jet Airways,Mumbai,Hyderabad,non-stop,90.0,24,5,2019,19,35,24,5,2019,21,5
Jet Airways,Kolkata,Banglore,1 stop,590.0,6,12,2019,8,25,6,12,2019,18,15
IndiGo,Delhi,Cochin,1 stop,305.0,27,5,2019,23,30,28,5,2019,4,35
SpiceJet,Mumbai,Hyderabad,non-stop,90.0,24,6,2019,22,45,25,6,2019,0,15
Vistara,Banglore,Delhi,non-stop,165.0,15,3,2019,9,50,15,3,2019,12,35
Multiple carriers,Delhi,Cochin,1 stop,630.0,27,6,2019,15,0,28,6,2019,1,30
Jet Airways,Delhi,Cochin,2 stops,1375.0,15,6,2019,5,30,16,6,2019,4,25
Multiple carriers,Delhi,Cochin,1 stop,490.0,6,6,2019,12,50,6,6,2019,21,0
Jet Airways,Banglore,Delhi,non-stop,175.0,21,4,2019,15,15,21,4,2019,18,10
IndiGo,Delhi,Cochin,1 stop,895.0,15,6,2019,10,35,16,6,2019,1,30
Jet Airways,Kolkata,Banglore,1 stop,1260.0,24,3,2019,21,10,25,3,2019,18,10
Multiple carriers,Delhi,Cochin,1 stop,375.0,21,3,2019,7,5,21,3,2019,13,20
Jet Airways,Kolkata,Banglore,1 stop,1685.0,5,6,2019,17,0,5,7,2019,21,5
Jet Airways,Delhi,Cochin,1 stop,1485.0,5,9,2019,18,15,5,10,2019,19,0
Air India,Delhi,Cochin,2 stops,735.0,27,3,2019,7,0,27,3,2019,19,15
Jet Airways,Banglore,Delhi,1 stop,680.0,18,3,2019,11,40,18,3,2019,23,0
IndiGo,Kolkata,Banglore,non-stop,155.0,6,12,2019,4,40,6,12,2019,7,15
Air India,Delhi,Cochin,2 stops,1115.0,27,3,2019,13,5,28,3,2019,7,40
Jet Airways,Kolkata,Banglore,1 stop,1655.0,18,5,2019,5,45,19,5,2019,9,20
Jet Airways,Banglore,Delhi,1 stop,495.0,18,3,2019,7,0,18,3,2019,15,15
Air India,Banglore,Delhi,non-stop,170.0,6,1,2019,21,5,6,1,2019,23,55
IndiGo,Delhi,Cochin,1 stop,370.0,3,3,2019,16,10,3,3,2019,22,20
SpiceJet,Mumbai,Hyderabad,non-stop,90.0,18,6,2019,22,45,19,6,2019,0,15
Air India,Banglore,Delhi,2 stops,1795.0,3,1,2019,17,0,3,2,2019,22,55
Multiple carriers,Delhi,Cochin,1 stop,795.0,18,5,2019,6,0,18,5,2019,19,15
IndiGo,Delhi,Cochin,1 stop,505.0,4,6,2019,4,55,4,6,2019,13,20
Multiple carriers,Delhi,Cochin,1 stop,390.0,6,1,2019,19,0,6,2,2019,1,30
Vistara,Banglore,Delhi,non-stop,170.0,6,9,2019,9,45,6,9,2019,12,35
Jet Airways,Delhi,Cochin,2 stops,560.0,6,1,2019,9,40,6,1,2019,19,0
IndiGo,Delhi,Cochin,2 stops,765.0,3,9,2019,8,35,3,9,2019,21,20
IndiGo,Kolkata,Banglore,non-stop,155.0,24,4,2019,11,30,24,4,2019,14,5
Air India,Delhi,Cochin,1 stop,320.0,6,1,2019,17,40,6,1,2019,23,0
Multiple carriers,Delhi,Cochin,1 stop,470.0,6,12,2019,11,25,6,12,2019,19,15
Jet Airways,Banglore,Delhi,non-stop,175.0,6,3,2019,11,10,6,3,2019,14,5
SpiceJet,Kolkata,Banglore,non-stop,155.0,4,6,2019,6,55,4,6,2019,9,30
Air India,Delhi,Cochin,non-stop,170.0,27,4,2019,5,10,27,4,2019,8,0
IndiGo,Chennai,Kolkata,non-stop,145.0,3,6,2019,14,40,3,6,2019,17,5
GoAir,Banglore,Delhi,non-stop,175.0,6,6,2019,7,45,6,6,2019,10,40
Air India,Mumbai,Hyderabad,non-stop,80.0,18,6,2019,6,20,18,6,2019,7,40
Jet Airways,Kolkata,Banglore,1 stop,585.0,6,9,2019,18,55,6,10,2019,4,40
Air India,Delhi,Cochin,1 stop,1125.0,15,5,2019,13,30,16,5,2019,8,15
Air India,Delhi,Cochin,2 stops,1595.0,24,6,2019,16,40,25,6,2019,19,15
IndiGo,Mumbai,Hyderabad,non-stop,90.0,5,3,2019,21,20,5,3,2019,22,50
Multiple carriers,Delhi,Cochin,1 stop,480.0,5,9,2019,17,30,5,10,2019,1,30
IndiGo,Delhi,Cochin,1 stop,500.0,27,5,2019,17,10,28,5,2019,1,30
Multiple carriers,Delhi,Cochin,1 stop,720.0,15,6,2019,7,0,15,6,2019,19,0
SpiceJet,Banglore,Delhi,non-stop,160.0,4,12,2019,5,55,4,12,2019,8,35
IndiGo,Chennai,Kolkata,non-stop,140.0,15,5,2019,19,35,15,5,2019,21,55
SpiceJet,Kolkata,Banglore,1 stop,435.0,18,5,2019,11,15,18,5,2019,18,30
Vistara,Delhi,Cochin,non-stop,190.0,15,3,2019,6,0,15,3,2019,9,10
Jet Airways,Kolkata,Banglore,1 stop,1295.0,21,5,2019,20,25,22,5,2019,18,0
Vistara,Banglore,Delhi,non-stop,175.0,3,3,2019,21,10,3,4,2019,0,5
IndiGo,Banglore,Delhi,1 stop,295.0,3,1,2019,12,10,3,1,2019,17,5
Multiple carriers,Delhi,Cochin,1 stop,630.0,6,3,2019,15,0,6,4,2019,1,30
Air India,Banglore,Delhi,2 stops,880.0,3,6,2019,8,15,3,6,2019,22,55
Vistara,Banglore,Delhi,non-stop,155.0,15,6,2019,17,0,15,6,2019,19,35
IndiGo,Banglore,Delhi,non-stop,170.0,6,6,2019,13,0,6,6,2019,15,50
Air India,Banglore,Delhi,non-stop,165.0,18,4,2019,6,10,18,4,2019,8,55
Multiple carriers,Delhi,Cochin,1 stop,830.0,21,5,2019,11,40,22,5,2019,1,30
Multiple carriers,Delhi,Cochin,1 stop,585.0,6,9,2019,9,15,6,9,2019,19,0
Jet Airways,Kolkata,Banglore,1 stop,665.0,4,1,2019,21,10,4,2,2019,8,15
Jet Airways,Delhi,Cochin,1 stop,1225.0,27,3,2019,8,0,28,3,2019,4,25
Air Asia,Banglore,Delhi,non-stop,170.0,5,3,2019,23,55,5,4,2019,2,45
Air India,Delhi,Cochin,1 stop,735.0,5,9,2019,7,0,5,9,2019,19,15
Jet Airways,Mumbai,Hyderabad,non-stop,90.0,21,5,2019,19,35,21,5,2019,21,5
Jet Airways,Delhi,Cochin,1 stop,715.0,27,5,2019,7,5,27,5,2019,19,0
Jet Airways,Banglore,Delhi,1 stop,1480.0,18,3,2019,7,0,19,3,2019,7,40
Jet Airways,Delhi,Cochin,1 stop,1530.0,6,1,2019,17,30,6,2,2019,19,0
IndiGo,Kolkata,Banglore,non-stop,150.0,6,12,2019,14,25,6,12,2019,16,55
Air India,Chennai,Kolkata,non-stop,135.0,3,1,2019,11,40,3,1,2019,13,55
Jet Airways,Delhi,Cochin,1 stop,330.0,15,6,2019,7,5,15,6,2019,12,35
Jet Airways,Banglore,Delhi,1 stop,1290.0,3,6,2019,22,50,3,7,2019,20,20
IndiGo,Delhi,Cochin,2 stops,880.0,3,6,2019,6,40,3,6,2019,21,20
Jet Airways,Delhi,Cochin,2 stops,1390.0,27,6,2019,13,25,28,6,2019,12,35
Jet Airways,Delhi,Cochin,1 stop,1620.0,6,3,2019,16,0,6,4,2019,19,0
Air India,Kolkata,Banglore,2 stops,1345.0,4,1,2019,7,0,4,2,2019,5,25
Jet Airways,Kolkata,Banglore,1 stop,735.0,5,12,2019,20,0,13,5,2019,8,15
Air India,Banglore,Delhi,2 stops,880.0,15,3,2019,8,15,15,3,2019,22,55
Jet Airways,Banglore,Delhi,1 stop,300.0,15,3,2019,5,45,15,3,2019,10,45
Jet Airways,Delhi,Cochin,1 stop,335.0,6,12,2019,22,50,13,6,2019,4,25
IndiGo,Delhi,Cochin,1 stop,425.0,21,3,2019,8,25,21,3,2019,15,30
Air India,Kolkata,Banglore,1 stop,245.0,24,5,2019,9,10,24,5,2019,13,15
SpiceJet,Delhi,Cochin,1 stop,270.0,27,3,2019,8,45,27,3,2019,13,15
Jet Airways,Mumbai,Hyderabad,non-stop,90.0,3,9,2019,6,30,3,9,2019,8,0
Vistara,Kolkata,Banglore,1 stop,1555.0,6,6,2019,7,10,6,7,2019,9,5
IndiGo,Banglore,Delhi,non-stop,175.0,5,6,2019,18,55,5,6,2019,21,50
SpiceJet,Chennai,Kolkata,non-stop,135.0,6,3,2019,8,20,6,3,2019,10,35
IndiGo,Kolkata,Banglore,non-stop,160.0,4,12,2019,21,25,13,4,2019,0,5
Air India,Kolkata,Banglore,2 stops,1185.0,6,12,2019,16,45,13,6,2019,12,30
Vistara,Delhi,Cochin,non-stop,190.0,18,6,2019,6,0,18,6,2019,9,10
Jet Airways,Delhi,Cochin,2 stops,810.0,15,6,2019,5,30,15,6,2019,19,0
Air Asia,Kolkata,Banglore,non-stop,150.0,18,5,2019,22,50,19,5,2019,1,20
Jet Airways,Delhi,Cochin,1 stop,395.0,27,6,2019,21,50,28,6,2019,4,25
Jet Airways,Banglore,Delhi,non-stop,180.0,27,6,2019,17,45,27,6,2019,20,45
Air India,Banglore,Delhi,1 stop,1490.0,3,3,2019,10,30,3,7,2019,11,20
Jet Airways,Delhi,Cochin,2 stops,1620.0,15,6,2019,9,35,16,6,2019,12,35
IndiGo,Banglore,Delhi,non-stop,170.0,6,3,2019,8,30,6,3,2019,11,20
Air India,Kolkata,Banglore,1 stop,545.0,24,3,2019,9,25,24,3,2019,18,30
Air India,Delhi,Cochin,2 stops,1595.0,27,6,2019,16,40,28,6,2019,19,15
Jet Airways,Banglore,Delhi,non-stop,180.0,24,5,2019,8,20,24,5,2019,11,20
Jet Airways,Kolkata,Banglore,1 stop,945.0,18,5,2019,16,30,19,5,2019,8,15
Air India,Kolkata,Banglore,3 stops,805.0,5,12,2019,9,50,5,12,2019,23,15
Jet Airways,Delhi,Cochin,1 stop,600.0,15,6,2019,9,0,15,6,2019,19,0
Jet Airways,Banglore,Delhi,1 stop,1035.0,3,12,2019,22,55,13,3,2019,16,10
Jet Airways,Kolkata,Banglore,1 stop,1695.0,24,3,2019,13,55,25,3,2019,18,10
Air India,Delhi,Cochin,2 stops,1730.0,27,5,2019,14,25,28,5,2019,19,15
Air India,Banglore,Delhi,non-stop,170.0,5,12,2019,13,20,5,12,2019,16,10
IndiGo,Mumbai,Hyderabad,non-stop,90.0,21,6,2019,2,35,21,6,2019,4,5
GoAir,Banglore,Delhi,non-stop,165.0,4,12,2019,20,55,4,12,2019,23,40
SpiceJet,Chennai,Kolkata,non-stop,155.0,27,3,2019,9,30,27,3,2019,12,5
IndiGo,Delhi,Cochin,1 stop,415.0,5,1,2019,18,35,5,2,2019,1,30
Air India,Kolkata,Banglore,1 stop,625.0,5,9,2019,10,0,5,9,2019,20,25
IndiGo,Banglore,Delhi,non-stop,175.0,15,4,2019,18,55,15,4,2019,21,50
Vistara,Mumbai,Hyderabad,1 stop,1555.0,3,12,2019,7,30,13,3,2019,9,25
Jet Airways,Delhi,Cochin,2 stops,1300.0,6,12,2019,6,45,13,6,2019,4,25
IndiGo,Kolkata,Banglore,1 stop,320.0,6,9,2019,15,10,6,9,2019,20,30
Air India,Delhi,Cochin,2 stops,1420.0,5,9,2019,9,45,5,10,2019,9,25
Multiple carriers,Delhi,Cochin,1 stop,810.0,3,6,2019,7,30,3,6,2019,21,0
Jet Airways,Kolkata,Banglore,1 stop,1330.0,15,5,2019,6,30,16,5,2019,4,40
IndiGo,Delhi,Cochin,1 stop,345.0,27,4,2019,2,0,27,4,2019,7,45
Air India,Delhi,Cochin,1 stop,1420.0,6,12,2019,9,45,13,6,2019,9,25
Jet Airways,Delhi,Cochin,1 stop,300.0,15,4,2019,14,0,15,4,2019,19,0
Multiple carriers,Delhi,Cochin,1 stop,840.0,24,6,2019,7,0,24,6,2019,21,0
Air Asia,Delhi,Cochin,1 stop,660.0,3,6,2019,20,10,3,7,2019,7,10
Jet Airways,Banglore,Delhi,1 stop,805.0,21,3,2019,5,45,21,3,2019,19,10
IndiGo,Delhi,Cochin,1 stop,455.0,27,5,2019,8,35,27,5,2019,16,10
Jet Airways,Mumbai,Hyderabad,non-stop,85.0,4,3,2019,2,55,4,3,2019,4,20
GoAir,Kolkata,Banglore,1 stop,455.0,6,9,2019,16,40,6,10,2019,0,15
Jet Airways,Delhi,Cochin,2 stops,1995.0,21,3,2019,19,10,23,3,2019,4,25
IndiGo,Chennai,Kolkata,non-stop,140.0,27,3,2019,7,55,27,3,2019,10,15
Vistara,Banglore,Delhi,non-stop,160.0,6,1,2019,7,0,6,1,2019,9,40
Jet Airways,Delhi,Cochin,2 stops,1925.0,21,3,2019,10,45,22,3,2019,18,50
Jet Airways,Kolkata,Banglore,1 stop,1430.0,21,5,2019,20,0,22,5,2019,19,50
Jet Airways,Kolkata,Banglore,1 stop,1325.0,5,6,2019,17,0,5,7,2019,15,5
Air India,Delhi,Cochin,2 stops,1100.0,18,5,2019,13,20,19,5,2019,7,40
IndiGo,Banglore,Delhi,non-stop,175.0,3,1,2019,21,20,3,2,2019,0,15
IndiGo,Delhi,Cochin,1 stop,845.0,6,1,2019,11,25,6,2,2019,1,30
Jet Airways,Delhi,Cochin,2 stops,505.0,27,6,2019,20,0,28,6,2019,4,25
Vistara,Banglore,Delhi,non-stop,155.0,18,6,2019,17,0,18,6,2019,19,35
SpiceJet,Kolkata,Banglore,non-stop,140.0,6,6,2019,22,20,6,7,2019,0,40
Jet Airways,Delhi,Cochin,1 stop,1145.0,6,3,2019,17,30,6,4,2019,12,35
SpiceJet,Chennai,Kolkata,non-stop,135.0,24,5,2019,9,45,24,5,2019,12,0
IndiGo,Delhi,Cochin,1 stop,305.0,5,9,2019,23,30,5,10,2019,4,35
Jet Airways,Delhi,Cochin,1 stop,1655.0,15,6,2019,9,0,16,6,2019,12,35
Jet Airways,Delhi,Cochin,2 stops,1195.0,4,9,2019,23,5,4,10,2019,19,0
SpiceJet,Chennai,Kolkata,non-stop,135.0,27,5,2019,8,20,27,5,2019,10,35
IndiGo,Banglore,Delhi,non-stop,165.0,4,12,2019,6,5,4,12,2019,8,50
Jet Airways,Delhi,Cochin,1 stop,1005.0,6,6,2019,2,15,6,6,2019,19,0
IndiGo,Delhi,Cochin,1 stop,295.0,5,9,2019,5,10,5,9,2019,10,5
Jet Airways,Delhi,Cochin,1 stop,1105.0,6,6,2019,10,0,6,7,2019,4,25
GoAir,Delhi,Cochin,1 stop,535.0,27,3,2019,10,25,27,3,2019,19,20
Jet Airways,Delhi,Cochin,1 stop,655.0,6,1,2019,17,30,6,2,2019,4,25
IndiGo,Banglore,Delhi,non-stop,165.0,27,4,2019,1,30,27,4,2019,4,15
Multiple carriers,Delhi,Cochin,1 stop,555.0,27,5,2019,13,15,27,5,2019,22,30
Multiple carriers,Delhi,Cochin,1 stop,385.0,6,6,2019,12,50,6,6,2019,19,15
SpiceJet,Kolkata,Banglore,non-stop,150.0,15,3,2019,17,15,15,3,2019,19,45
Jet Airways,Kolkata,Banglore,1 stop,425.0,18,5,2019,16,30,18,5,2019,23,35
Vistara,Delhi,Cochin,non-stop,190.0,18,5,2019,6,0,18,5,2019,9,10
Air India,Banglore,Delhi,2 stops,1670.0,18,3,2019,6,45,19,3,2019,10,35
Jet Airways,Kolkata,Banglore,1 stop,365.0,4,1,2019,16,30,4,1,2019,22,35
Jet Airways,Banglore,Delhi,1 stop,1525.0,3,12,2019,18,55,13,3,2019,20,20
Air India,Delhi,Cochin,2 stops,1820.0,6,3,2019,12,55,6,4,2019,19,15
Air India,Kolkata,Banglore,non-stop,150.0,6,3,2019,14,15,6,3,2019,16,45
Jet Airways,Delhi,Cochin,1 stop,620.0,21,5,2019,2,15,21,5,2019,12,35
Jet Airways,Kolkata,Banglore,1 stop,1520.0,5,12,2019,9,35,13,5,2019,10,55
Air India,Delhi,Cochin,1 stop,795.0,3,3,2019,9,45,3,3,2019,23,0
Multiple carriers,Delhi,Cochin,1 stop,900.0,3,9,2019,6,0,3,9,2019,21,0
Vistara,Chennai,Kolkata,non-stop,135.0,5,9,2019,7,5,5,9,2019,9,20
Air India,Delhi,Cochin,2 stops,725.0,6,3,2019,7,10,6,3,2019,19,15
Air India,Mumbai,Hyderabad,non-stop,80.0,5,3,2019,21,5,5,3,2019,22,25
Jet Airways,Delhi,Cochin,non-stop,195.0,21,5,2019,9,50,21,5,2019,13,5
IndiGo,Delhi,Cochin,1 stop,570.0,6,3,2019,16,0,6,4,2019,1,30
Multiple carriers,Delhi,Cochin,2 stops,465.0,3,3,2019,17,50,3,4,2019,1,35
IndiGo,Banglore,Delhi,non-stop,170.0,5,1,2019,23,30,5,2,2019,2,20
Jet Airways,Banglore,Delhi,1 stop,800.0,3,12,2019,21,25,13,3,2019,10,45
Jet Airways,Kolkata,Banglore,1 stop,800.0,6,9,2019,18,55,6,10,2019,8,15
Jet Airways,Banglore,Delhi,1 stop,805.0,24,3,2019,22,50,25,3,2019,12,15
Jet Airways,Kolkata,Banglore,1 stop,800.0,6,12,2019,6,30,6,12,2019,19,50
Jet Airways,Delhi,Cochin,2 stops,440.0,6,6,2019,11,40,6,6,2019,19,0
IndiGo,Kolkata,Banglore,1 stop,265.0,5,12,2019,19,20,5,12,2019,23,45
Jet Airways,Kolkata,Banglore,1 stop,1005.0,5,1,2019,17,0,5,2,2019,9,45
Jet Airways,Delhi,Cochin,1 stop,1225.0,6,6,2019,8,0,6,7,2019,4,25
Jet Airways,Banglore,Delhi,non-stop,185.0,24,4,2019,18,55,24,4,2019,22,0
IndiGo,Chennai,Kolkata,non-stop,165.0,6,1,2019,15,40,6,1,2019,18,25
IndiGo,Banglore,Delhi,non-stop,170.0,24,6,2019,4,0,24,6,2019,6,50
Vistara,Kolkata,Banglore,1 stop,1065.0,5,6,2019,17,0,5,7,2019,10,45
IndiGo,Delhi,Cochin,non-stop,195.0,27,6,2019,5,35,27,6,2019,8,50
GoAir,Delhi,Cochin,1 stop,540.0,4,3,2019,10,35,4,3,2019,19,35
Air India,Kolkata,Banglore,2 stops,1255.0,15,5,2019,16,50,16,5,2019,13,45
Vistara,Kolkata,Banglore,1 stop,1625.0,4,1,2019,20,20,4,2,2019,23,25
Jet Airways,Kolkata,Banglore,1 stop,1570.0,24,5,2019,17,0,25,5,2019,19,10
Jet Airways,Delhi,Cochin,1 stop,540.0,15,6,2019,10,0,15,6,2019,19,0
Multiple carriers,Delhi,Cochin,1 stop,570.0,21,5,2019,16,0,22,5,2019,1,30
Air India,Mumbai,Hyderabad,non-stop,80.0,5,12,2019,6,20,5,12,2019,7,40
IndiGo,Kolkata,Banglore,non-stop,155.0,6,1,2019,9,35,6,1,2019,12,10
IndiGo,Banglore,Delhi,non-stop,170.0,3,3,2019,22,20,3,7,2019,1,10
IndiGo,Kolkata,Banglore,non-stop,165.0,24,4,2019,9,35,24,4,2019,12,20
Air India,Delhi,Cochin,2 stops,1305.0,27,3,2019,21,30,28,3,2019,19,15
SpiceJet,Kolkata,Banglore,1 stop,435.0,6,9,2019,11,35,6,9,2019,18,50
Vistara,Chennai,Kolkata,non-stop,140.0,5,1,2019,17,45,5,1,2019,20,5
Jet Airways,Banglore,Delhi,1 stop,1135.0,3,1,2019,14,5,3,2,2019,9,0
IndiGo,Kolkata,Banglore,non-stop,155.0,15,5,2019,15,30,15,5,2019,18,5
Air India,Banglore,Delhi,non-stop,180.0,18,6,2019,5,45,18,6,2019,8,45
Jet Airways,Delhi,Cochin,1 stop,1325.0,6,3,2019,20,55,6,4,2019,19,0
SpiceJet,Kolkata,Banglore,non-stop,145.0,15,4,2019,9,0,15,4,2019,11,25
Jet Airways,Kolkata,Banglore,1 stop,665.0,15,5,2019,21,10,16,5,2019,8,15
Multiple carriers,Delhi,Cochin,1 stop,705.0,6,12,2019,7,30,6,12,2019,19,15
Vistara,Kolkata,Banglore,1 stop,700.0,6,12,2019,7,10,6,12,2019,18,50
IndiGo,Delhi,Cochin,1 stop,750.0,6,3,2019,8,30,6,3,2019,21,0
Vistara,Banglore,Delhi,non-stop,170.0,5,9,2019,9,45,5,9,2019,12,35
Multiple carriers,Delhi,Cochin,1 stop,665.0,3,9,2019,8,40,3,9,2019,19,45
Air India,Banglore,Delhi,non-stop,170.0,5,6,2019,21,5,5,6,2019,23,55
Air Asia,Kolkata,Banglore,non-stop,150.0,6,1,2019,22,50,6,2,2019,1,20
Jet Airways,Kolkata,Banglore,1 stop,960.0,5,6,2019,20,0,5,7,2019,12,0
Air India,Kolkata,Banglore,2 stops,1345.0,5,1,2019,7,0,5,2,2019,5,25
IndiGo,Banglore,Delhi,non-stop,175.0,24,3,2019,20,0,24,3,2019,22,55
Jet Airways,Banglore,Delhi,non-stop,165.0,6,1,2019,6,0,6,1,2019,8,45
Multiple carriers,Delhi,Cochin,1 stop,460.0,21,5,2019,17,15,22,5,2019,0,55
Multiple carriers,Delhi,Cochin,1 stop,455.0,21,3,2019,11,40,21,3,2019,19,15
Air India,Delhi,Cochin,2 stops,1100.0,6,6,2019,13,20,6,7,2019,7,40
SpiceJet,Chennai,Kolkata,non-stop,135.0,3,1,2019,8,20,3,1,2019,10,35
IndiGo,Delhi,Cochin,1 stop,560.0,27,4,2019,6,50,27,4,2019,16,10
Air India,Mumbai,Hyderabad,non-stop,80.0,6,1,2019,21,5,6,1,2019,22,25
Multiple carriers,Delhi,Cochin,1 stop,750.0,6,9,2019,13,0,6,10,2019,1,30
IndiGo,Banglore,Delhi,non-stop,170.0,4,6,2019,8,30,4,6,2019,11,20
Multiple carriers,Delhi,Cochin,1 stop,490.0,18,5,2019,12,50,18,5,2019,21,0
Jet Airways,Banglore,Delhi,non-stop,180.0,5,6,2019,17,45,5,6,2019,20,45
Jet Airways,Delhi,Cochin,1 stop,1295.0,3,9,2019,6,50,3,10,2019,4,25
IndiGo,Kolkata,Banglore,1 stop,290.0,5,1,2019,15,15,5,1,2019,20,5
IndiGo,Banglore,Delhi,non-stop,180.0,27,4,2019,16,55,27,4,2019,19,55
Air India,Chennai,Kolkata,non-stop,135.0,18,5,2019,11,40,18,5,2019,13,55
SpiceJet,Chennai,Kolkata,non-stop,135.0,5,3,2019,8,20,5,3,2019,10,35
Jet Airways,Mumbai,Hyderabad,non-stop,85.0,5,3,2019,2,55,5,3,2019,4,20
Multiple carriers,Delhi,Cochin,1 stop,730.0,15,6,2019,7,5,15,6,2019,19,15
Jet Airways,Kolkata,Banglore,1 stop,1545.0,5,12,2019,6,30,13,5,2019,8,15
Multiple carriers,Delhi,Cochin,1 stop,555.0,21,3,2019,10,0,21,3,2019,19,15
Air India,Delhi,Cochin,2 stops,1100.0,6,3,2019,13,20,6,4,2019,7,40
IndiGo,Delhi,Cochin,1 stop,275.0,6,9,2019,7,35,6,9,2019,12,10
Air Asia,Kolkata,Banglore,non-stop,155.0,15,6,2019,10,20,15,6,2019,12,55
Jet Airways,Delhi,Cochin,2 stops,1615.0,27,6,2019,9,40,28,6,2019,12,35
Vistara,Chennai,Kolkata,non-stop,135.0,6,3,2019,7,5,6,3,2019,9,20
SpiceJet,Mumbai,Hyderabad,non-stop,80.0,27,3,2019,5,45,27,3,2019,7,5
Air India,Delhi,Cochin,2 stops,1545.0,4,9,2019,5,55,4,10,2019,7,40
SpiceJet,Banglore,Delhi,non-stop,170.0,27,4,2019,9,30,27,4,2019,12,20
Multiple carriers,Delhi,Cochin,1 stop,675.0,27,5,2019,8,0,27,5,2019,19,15
Jet Airways,Kolkata,Banglore,1 stop,1575.0,24,3,2019,21,10,25,3,2019,23,25
Jet Airways,Kolkata,Banglore,1 stop,585.0,4,1,2019,18,55,4,2,2019,4,40
Jet Airways,Banglore,Delhi,1 stop,680.0,21,3,2019,11,40,21,3,2019,23,0
Multiple carriers,Delhi,Cochin,1 stop,660.0,6,9,2019,8,0,6,9,2019,19,0
Jet Airways,Kolkata,Banglore,1 stop,570.0,5,9,2019,14,5,5,9,2019,23,35
Air India,Kolkata,Banglore,1 stop,905.0,4,1,2019,16,50,4,2,2019,7,55
Jet Airways,Delhi,Cochin,1 stop,745.0,6,9,2019,16,0,6,10,2019,4,25
Air India,Delhi,Cochin,1 stop,735.0,6,1,2019,7,0,6,1,2019,19,15
SpiceJet,Chennai,Kolkata,non-stop,140.0,21,6,2019,17,45,21,6,2019,20,5
Jet Airways,Banglore,Delhi,1 stop,1220.0,21,3,2019,14,5,22,3,2019,10,25
Multiple carriers,Delhi,Cochin,1 stop,385.0,21,5,2019,12,50,21,5,2019,19,15
IndiGo,Delhi,Cochin,1 stop,300.0,4,6,2019,10,35,4,6,2019,15,35
Multiple carriers,Delhi,Cochin,1 stop,390.0,15,5,2019,19,0,16,5,2019,1,30
IndiGo,Delhi,Cochin,1 stop,635.0,6,1,2019,11,55,6,1,2019,22,30
Air India,Banglore,Delhi,non-stop,165.0,18,4,2019,17,0,18,4,2019,19,45
Air India,Delhi,Cochin,2 stops,1420.0,6,9,2019,9,45,6,10,2019,9,25
SpiceJet,Delhi,Cochin,1 stop,295.0,27,5,2019,17,55,27,5,2019,22,50
Air India,Delhi,Cochin,1 stop,615.0,5,9,2019,9,0,5,9,2019,19,15
Air India,Banglore,Delhi,2 stops,655.0,15,3,2019,10,30,15,3,2019,21,25
Jet Airways,Delhi,Cochin,2 stops,830.0,6,9,2019,14,35,6,10,2019,4,25
Jet Airways,Kolkata,Banglore,1 stop,475.0,5,6,2019,8,25,5,6,2019,16,20
Jet Airways,Delhi,Cochin,2 stops,1630.0,24,6,2019,9,25,25,6,2019,12,35
Jet Airways,Delhi,Cochin,2 stops,1375.0,15,6,2019,5,30,16,6,2019,4,25
GoAir,Delhi,Cochin,1 stop,540.0,15,4,2019,10,35,15,4,2019,19,35
SpiceJet,Banglore,Delhi,non-stop,160.0,4,3,2019,5,55,4,3,2019,8,35
Air India,Delhi,Cochin,2 stops,1275.0,15,5,2019,22,0,16,5,2019,19,15
Jet Airways,Delhi,Cochin,2 stops,1320.0,6,9,2019,14,35,6,10,2019,12,35
Jet Airways,Kolkata,Banglore,1 stop,775.0,5,6,2019,21,10,5,7,2019,10,5
Multiple carriers,Delhi,Cochin,1 stop,450.0,3,6,2019,8,0,3,6,2019,15,30
IndiGo,Banglore,Delhi,non-stop,165.0,3,3,2019,1,30,3,3,2019,4,15
IndiGo,Kolkata,Banglore,non-stop,155.0,27,3,2019,15,20,27,3,2019,17,55
Air Asia,Kolkata,Banglore,non-stop,150.0,24,3,2019,22,50,25,3,2019,1,20
Jet Airways,Banglore,Delhi,1 stop,1445.0,3,6,2019,8,55,3,7,2019,9,0
Air India,Kolkata,Banglore,1 stop,675.0,6,6,2019,9,50,6,6,2019,21,5
SpiceJet,Kolkata,Banglore,non-stop,150.0,6,9,2019,17,10,6,9,2019,19,40
SpiceJet,Kolkata,Banglore,1 stop,315.0,15,4,2019,15,5,15,4,2019,20,20
Air India,Kolkata,Banglore,2 stops,2245.0,24,3,2019,9,50,25,3,2019,23,15
Vistara,Banglore,Delhi,non-stop,170.0,15,4,2019,21,0,15,4,2019,23,50
IndiGo,Banglore,Delhi,non-stop,170.0,6,1,2019,8,30,6,1,2019,11,20
Air India,Delhi,Cochin,2 stops,1395.0,15,6,2019,20,0,16,6,2019,19,15
Multiple carriers,Delhi,Cochin,1 stop,640.0,6,9,2019,10,20,6,9,2019,21,0
Air India,Kolkata,Banglore,2 stops,875.0,5,12,2019,5,50,5,12,2019,20,25
IndiGo,Kolkata,Banglore,1 stop,340.0,21,5,2019,16,35,21,5,2019,22,15
Air India,Banglore,Delhi,2 stops,655.0,3,3,2019,10,30,3,3,2019,21,25
IndiGo,Banglore,Delhi,non-stop,170.0,21,6,2019,20,0,21,6,2019,22,50
Vistara,Kolkata,Banglore,1 stop,1065.0,4,1,2019,17,0,4,2,2019,10,45
Jet Airways,Delhi,Cochin,1 stop,1655.0,27,6,2019,9,0,28,6,2019,12,35
IndiGo,Delhi,Cochin,1 stop,315.0,5,9,2019,7,15,5,9,2019,12,30
Air India,Delhi,Cochin,1 stop,1010.0,3,3,2019,6,10,3,3,2019,23,0
Air India,Delhi,Cochin,1 stop,1300.0,18,5,2019,10,0,19,5,2019,7,40
Jet Airways,Banglore,Delhi,1 stop,380.0,3,6,2019,8,55,3,6,2019,15,15
SpiceJet,Banglore,Delhi,non-stop,160.0,27,4,2019,5,55,27,4,2019,8,35
IndiGo,Banglore,Delhi,non-stop,165.0,6,9,2019,1,30,6,9,2019,4,15
Multiple carriers,Delhi,Cochin,1 stop,440.0,3,9,2019,0,20,3,9,2019,7,40
SpiceJet,Chennai,Kolkata,non-stop,135.0,6,3,2019,9,45,6,3,2019,12,0
Jet Airways,Delhi,Cochin,1 stop,1100.0,27,6,2019,18,15,28,6,2019,12,35
Jet Airways,Banglore,Delhi,non-stop,175.0,4,9,2019,11,10,4,9,2019,14,5
IndiGo,Delhi,Cochin,1 stop,280.0,3,9,2019,21,5,3,10,2019,1,45
IndiGo,Delhi,Cochin,1 stop,490.0,18,5,2019,14,20,18,5,2019,22,30
Jet Airways,Delhi,Cochin,2 stops,2820.0,3,3,2019,5,25,3,5,2019,4,25
Air Asia,Kolkata,Banglore,non-stop,155.0,21,3,2019,10,20,21,3,2019,12,55
Multiple carriers,Delhi,Cochin,1 stop,645.0,15,6,2019,8,30,15,6,2019,19,15
GoAir,Banglore,Delhi,non-stop,175.0,6,9,2019,7,45,6,9,2019,10,40
IndiGo,Mumbai,Hyderabad,non-stop,90.0,6,12,2019,12,0,6,12,2019,13,30
Air India,Delhi,Cochin,1 stop,705.0,21,4,2019,20,30,22,4,2019,8,15
IndiGo,Kolkata,Banglore,non-stop,150.0,5,3,2019,14,25,5,3,2019,16,55
Jet Airways,Delhi,Cochin,1 stop,1620.0,27,5,2019,16,0,28,5,2019,19,0
Multiple carriers,Delhi,Cochin,1 stop,480.0,27,5,2019,13,0,27,5,2019,21,0
Air India,Kolkata,Banglore,1 stop,1700.0,24,3,2019,16,45,25,3,2019,21,5
Jet Airways,Banglore,Delhi,1 stop,305.0,3,6,2019,14,5,3,6,2019,19,10
GoAir,Banglore,Delhi,non-stop,175.0,24,4,2019,7,45,24,4,2019,10,40
IndiGo,Delhi,Cochin,1 stop,325.0,15,6,2019,2,0,15,6,2019,7,25
Multiple carriers,Delhi,Cochin,1 stop,600.0,15,6,2019,9,15,15,6,2019,19,15
Air India,Kolkata,Banglore,2 stops,1165.0,5,9,2019,10,0,5,10,2019,5,25
IndiGo,Delhi,Cochin,1 stop,835.0,18,5,2019,8,35,18,5,2019,22,30
Air Asia,Kolkata,Banglore,non-stop,155.0,6,12,2019,10,20,6,12,2019,12,55
Jet Airways,Delhi,Cochin,2 stops,810.0,27,5,2019,5,30,27,5,2019,19,0
Multiple carriers,Delhi,Cochin,1 stop,540.0,3,6,2019,7,10,3,6,2019,16,10
Jet Airways,Kolkata,Banglore,1 stop,870.0,5,1,2019,20,25,5,2,2019,10,55
Air Asia,Banglore,Delhi,non-stop,170.0,24,3,2019,5,50,24,3,2019,8,40
Air India,Delhi,Cochin,2 stops,1220.0,15,5,2019,13,5,16,5,2019,9,25
Jet Airways,Delhi,Cochin,1 stop,540.0,4,1,2019,10,0,4,1,2019,19,0
Jet Airways,Kolkata,Banglore,1 stop,800.0,5,12,2019,6,30,5,12,2019,19,50
Multiple carriers,Delhi,Cochin,1 stop,480.0,21,3,2019,13,0,21,3,2019,21,0
SpiceJet,Mumbai,Hyderabad,non-stop,90.0,5,1,2019,22,45,5,2,2019,0,15
IndiGo,Kolkata,Banglore,non-stop,155.0,21,5,2019,17,15,21,5,2019,19,50
Multiple carriers,Delhi,Cochin,1 stop,690.0,15,6,2019,7,30,15,6,2019,19,0
Vistara,Chennai,Kolkata,non-stop,135.0,27,6,2019,7,5,27,6,2019,9,20
IndiGo,Delhi,Cochin,1 stop,345.0,27,4,2019,21,50,28,4,2019,3,35
Jet Airways,Delhi,Cochin,1 stop,825.0,27,6,2019,22,50,28,6,2019,12,35
Vistara,Delhi,Cochin,non-stop,190.0,6,6,2019,6,0,6,6,2019,9,10
Jet Airways,Delhi,Cochin,1 stop,1325.0,6,12,2019,20,55,13,6,2019,19,0
Jet Airways,Delhi,Cochin,2 stops,1620.0,15,6,2019,9,35,16,6,2019,12,35
IndiGo,Delhi,Cochin,1 stop,860.0,4,9,2019,6,40,4,9,2019,21,0
Air India,Delhi,Cochin,2 stops,1275.0,5,9,2019,22,0,5,10,2019,19,15
Jet Airways,Kolkata,Banglore,1 stop,1655.0,5,9,2019,8,25,5,10,2019,12,0
Multiple carriers,Delhi,Cochin,2 stops,625.0,18,5,2019,15,5,19,5,2019,1,30
Jet Airways,Delhi,Cochin,1 stop,1415.0,6,1,2019,13,0,6,2,2019,12,35
Multiple carriers,Delhi,Cochin,1 stop,910.0,18,5,2019,3,50,18,5,2019,19,0
IndiGo,Chennai,Kolkata,non-stop,135.0,3,6,2019,13,20,3,6,2019,15,35
Multiple carriers Premium economy,Delhi,Cochin,1 stop,810.0,21,3,2019,7,30,21,3,2019,21,0
Multiple carriers,Delhi,Cochin,1 stop,705.0,3,6,2019,7,30,3,6,2019,19,15
Vistara,Banglore,Delhi,non-stop,155.0,24,4,2019,17,0,24,4,2019,19,35
Jet Airways,Kolkata,Banglore,1 stop,1730.0,6,12,2019,9,35,13,6,2019,14,25
IndiGo,Kolkata,Banglore,non-stop,155.0,4,3,2019,11,30,4,3,2019,14,5
IndiGo,Delhi,Cochin,1 stop,860.0,3,9,2019,6,40,3,9,2019,21,0
Jet Airways,Banglore,Delhi,1 stop,405.0,15,3,2019,11,40,15,3,2019,18,25
IndiGo,Banglore,Delhi,non-stop,175.0,6,6,2019,7,10,6,6,2019,10,5
Multiple carriers,Delhi,Cochin,1 stop,910.0,3,3,2019,7,10,3,3,2019,22,20
Air India,Delhi,Cochin,2 stops,725.0,6,12,2019,7,10,6,12,2019,19,15
SpiceJet,Kolkata,Banglore,non-stop,155.0,24,6,2019,6,55,24,6,2019,9,30
Air India,Banglore,Delhi,2 stops,1475.0,3,12,2019,8,50,13,3,2019,9,25
Jet Airways,Delhi,Cochin,2 stops,1390.0,4,9,2019,13,25,4,10,2019,12,35
IndiGo,Banglore,Delhi,non-stop,180.0,18,4,2019,21,15,19,4,2019,0,15
Multiple carriers,Delhi,Cochin,1 stop,525.0,15,5,2019,3,50,15,5,2019,12,35
IndiGo,Mumbai,Hyderabad,non-stop,85.0,15,3,2019,21,20,15,3,2019,22,45
Jet Airways,Banglore,Delhi,non-stop,175.0,6,3,2019,15,15,6,3,2019,18,10
Jet Airways,Mumbai,Hyderabad,non-stop,85.0,4,1,2019,2,55,4,1,2019,4,20
IndiGo,Banglore,Delhi,non-stop,170.0,15,5,2019,22,10,16,5,2019,1,0
Vistara,Kolkata,Banglore,1 stop,385.0,6,6,2019,17,0,6,6,2019,23,25
Air India,Kolkata,Banglore,2 stops,1345.0,6,9,2019,7,0,6,10,2019,5,25
GoAir,Delhi,Cochin,1 stop,370.0,6,3,2019,7,25,6,3,2019,13,35
Jet Airways,Kolkata,Banglore,1 stop,1720.0,18,5,2019,18,55,19,5,2019,23,35
Jet Airways,Kolkata,Banglore,1 stop,1080.0,5,12,2019,20,25,13,5,2019,14,25
Vistara,Kolkata,Banglore,1 stop,1440.0,5,1,2019,20,20,5,2,2019,20,20
IndiGo,Kolkata,Banglore,non-stop,165.0,21,3,2019,10,10,21,3,2019,12,55
SpiceJet,Banglore,Delhi,non-stop,170.0,24,4,2019,9,30,24,4,2019,12,20
Jet Airways,Banglore,Delhi,1 stop,860.0,21,3,2019,7,0,21,3,2019,21,20
IndiGo,Delhi,Cochin,1 stop,940.0,6,3,2019,6,50,6,3,2019,22,30
Air India,Delhi,Cochin,2 stops,1210.0,6,6,2019,13,15,6,7,2019,9,25
Multiple carriers,Delhi,Cochin,1 stop,765.0,21,3,2019,12,50,22,3,2019,1,35
Jet Airways,Kolkata,Banglore,1 stop,1685.0,5,1,2019,17,0,5,2,2019,21,5
Air India,Kolkata,Banglore,2 stops,1700.0,6,9,2019,9,25,6,10,2019,13,45
Jet Airways,Banglore,Delhi,1 stop,625.0,3,1,2019,5,45,3,1,2019,16,10
Jet Airways,Kolkata,Banglore,1 stop,740.0,6,9,2019,8,25,6,9,2019,20,45
IndiGo,Kolkata,Banglore,non-stop,155.0,27,4,2019,17,15,27,4,2019,19,50
Air India,Mumbai,Hyderabad,non-stop,80.0,27,5,2019,6,20,27,5,2019,7,40
Jet Airways,Kolkata,Banglore,1 stop,505.0,5,12,2019,9,35,5,12,2019,18,0
IndiGo,Delhi,Cochin,1 stop,300.0,6,9,2019,16,0,6,9,2019,21,0
Jet Airways,Delhi,Cochin,2 stops,1950.0,21,3,2019,10,20,22,3,2019,18,50
IndiGo,Kolkata,Banglore,1 stop,240.0,6,12,2019,6,20,6,12,2019,10,20
IndiGo,Delhi,Cochin,1 stop,755.0,21,3,2019,8,25,21,3,2019,21,0
Jet Airways,Banglore,Delhi,1 stop,1590.0,3,9,2019,5,45,13,3,2019,8,15
IndiGo,Chennai,Kolkata,non-stop,145.0,5,3,2019,11,35,5,3,2019,14,0
Multiple carriers,Delhi,Cochin,1 stop,660.0,6,1,2019,8,0,6,1,2019,19,0
Jet Airways,Delhi,Cochin,1 stop,300.0,15,6,2019,14,0,15,6,2019,19,0
Jet Airways,Kolkata,Banglore,1 stop,1655.0,6,12,2019,6,30,13,6,2019,10,5
Jet Airways,Delhi,Cochin,2 stops,810.0,27,6,2019,5,30,27,6,2019,19,0
Jet Airways,Banglore,Delhi,non-stop,180.0,21,4,2019,17,45,21,4,2019,20,45
Jet Airways,Delhi,Cochin,1 stop,360.0,6,3,2019,13,0,6,3,2019,19,0
Multiple carriers,Delhi,Cochin,1 stop,660.0,15,5,2019,10,0,15,5,2019,21,0
SpiceJet,Kolkata,Banglore,1 stop,420.0,24,3,2019,11,15,24,3,2019,18,15
GoAir,Delhi,Cochin,1 stop,370.0,24,6,2019,7,25,24,6,2019,13,35
Jet Airways,Kolkata,Banglore,1 stop,1520.0,5,6,2019,9,35,5,7,2019,10,55
Multiple carriers,Delhi,Cochin,1 stop,920.0,15,6,2019,7,10,15,6,2019,22,30
Air India,Mumbai,Hyderabad,2 stops,5.0,3,6,2019,16,50,3,6,2019,16,55
IndiGo,Delhi,Cochin,non-stop,185.0,21,3,2019,14,30,21,3,2019,17,35
SpiceJet,Kolkata,Banglore,non-stop,140.0,24,5,2019,22,20,25,5,2019,0,40
Air India,Kolkata,Banglore,non-stop,155.0,27,4,2019,20,45,27,4,2019,23,20
Air Asia,Kolkata,Banglore,1 stop,215.0,6,6,2019,19,55,6,6,2019,23,30
Jet Airways,Delhi,Cochin,2 stops,1475.0,27,3,2019,19,10,28,3,2019,19,45
SpiceJet,Banglore,Delhi,non-stop,160.0,5,6,2019,5,55,5,6,2019,8,35
Air India,Chennai,Kolkata,non-stop,135.0,5,1,2019,11,40,5,1,2019,13,55
IndiGo,Delhi,Cochin,1 stop,420.0,3,3,2019,18,35,3,4,2019,1,35
SpiceJet,Kolkata,Banglore,non-stop,145.0,27,6,2019,9,0,27,6,2019,11,25
Jet Airways,Kolkata,Banglore,1 stop,575.0,5,12,2019,9,35,5,12,2019,19,10
Jet Airways,Mumbai,Hyderabad,non-stop,90.0,6,9,2019,19,35,6,9,2019,21,5
Jet Airways,Kolkata,Banglore,1 stop,575.0,6,6,2019,9,35,6,6,2019,19,10
Vistara,Banglore,Delhi,1 stop,915.0,3,9,2019,6,40,3,9,2019,21,55
Air Asia,Delhi,Cochin,1 stop,340.0,6,6,2019,16,45,6,6,2019,22,25
SpiceJet,Mumbai,Hyderabad,non-stop,90.0,24,5,2019,5,45,24,5,2019,7,15
Air India,Kolkata,Banglore,2 stops,1200.0,15,5,2019,9,25,16,5,2019,5,25
Air India,Kolkata,Banglore,non-stop,155.0,27,5,2019,20,45,27,5,2019,23,20
Jet Airways,Delhi,Cochin,2 stops,440.0,24,6,2019,11,40,24,6,2019,19,0
Vistara,Kolkata,Banglore,1 stop,930.0,6,12,2019,7,10,6,12,2019,22,40
Jet Airways,Banglore,Delhi,non-stop,185.0,4,1,2019,18,55,4,1,2019,22,0
IndiGo,Delhi,Cochin,1 stop,345.0,27,6,2019,21,50,28,6,2019,3,35
Jet Airways,Delhi,Cochin,2 stops,1630.0,15,6,2019,9,25,16,6,2019,12,35
Jet Airways,Kolkata,Banglore,1 stop,875.0,24,5,2019,14,5,25,5,2019,4,40
Vistara,Banglore,Delhi,non-stop,170.0,4,1,2019,21,0,4,1,2019,23,50
Jet Airways,Delhi,Cochin,1 stop,335.0,24,6,2019,22,50,25,6,2019,4,25
Multiple carriers,Delhi,Cochin,1 stop,830.0,27,6,2019,11,40,28,6,2019,1,30
Multiple carriers,Delhi,Cochin,1 stop,795.0,3,9,2019,6,0,3,9,2019,19,15
Jet Airways,Delhi,Cochin,2 stops,1130.0,15,6,2019,9,35,16,6,2019,4,25
Jet Airways,Delhi,Cochin,1 stop,300.0,18,5,2019,14,0,18,5,2019,19,0
IndiGo,Banglore,Delhi,1 stop,295.0,15,3,2019,16,55,15,3,2019,21,50
Multiple carriers,Delhi,Cochin,1 stop,600.0,6,1,2019,9,0,6,1,2019,19,0
Air India,Delhi,Cochin,2 stops,1580.0,24,6,2019,16,55,25,6,2019,19,15
Air India,Mumbai,Hyderabad,non-stop,75.0,24,5,2019,19,30,24,5,2019,20,45
Multiple carriers,Delhi,Cochin,1 stop,845.0,15,6,2019,4,55,15,6,2019,19,0
Multiple carriers,Delhi,Cochin,1 stop,420.0,24,6,2019,14,0,24,6,2019,21,0
Air India,Banglore,Delhi,non-stop,170.0,3,9,2019,13,20,3,9,2019,16,10
Air India,Kolkata,Banglore,non-stop,155.0,24,5,2019,20,45,24,5,2019,23,20
SpiceJet,Delhi,Cochin,1 stop,270.0,5,9,2019,8,45,5,9,2019,13,15
Vistara,Banglore,Delhi,non-stop,160.0,4,9,2019,7,0,4,9,2019,9,40
Multiple carriers,Delhi,Cochin,1 stop,395.0,21,3,2019,19,0,22,3,2019,1,35
Jet Airways,Delhi,Cochin,1 stop,660.0,3,9,2019,17,25,3,10,2019,4,25
Air India,Kolkata,Banglore,1 stop,1615.0,6,6,2019,17,30,6,7,2019,20,25
Air India,Kolkata,Banglore,2 stops,1700.0,21,5,2019,9,25,22,5,2019,13,45
Multiple carriers,Delhi,Cochin,1 stop,690.0,6,6,2019,14,0,6,7,2019,1,30
IndiGo,Chennai,Kolkata,non-stop,140.0,24,6,2019,19,35,24,6,2019,21,55
Jet Airways,Delhi,Cochin,1 stop,1610.0,3,9,2019,16,0,3,10,2019,18,50
IndiGo,Mumbai,Hyderabad,non-stop,85.0,3,3,2019,19,5,3,3,2019,20,30
IndiGo,Chennai,Kolkata,non-stop,140.0,6,1,2019,14,45,6,1,2019,17,5
Multiple carriers,Delhi,Cochin,1 stop,560.0,27,6,2019,11,40,27,6,2019,21,0
Jet Airways,Kolkata,Banglore,1 stop,750.0,5,9,2019,9,35,5,9,2019,22,5
IndiGo,Delhi,Cochin,1 stop,325.0,21,4,2019,2,0,21,4,2019,7,25
Vistara,Delhi,Cochin,non-stop,190.0,24,4,2019,14,40,24,4,2019,17,50
GoAir,Banglore,Delhi,non-stop,175.0,3,3,2019,7,45,3,3,2019,10,40
Jet Airways,Delhi,Cochin,1 stop,1325.0,18,5,2019,20,55,19,5,2019,19,0
Jet Airways,Delhi,Cochin,2 stops,560.0,27,6,2019,9,40,27,6,2019,19,0
Vistara,Banglore,Delhi,non-stop,170.0,6,9,2019,21,0,6,9,2019,23,50
Multiple carriers,Delhi,Cochin,1 stop,910.0,21,3,2019,7,10,21,3,2019,22,20
Air India,Delhi,Cochin,1 stop,735.0,4,9,2019,7,0,4,9,2019,19,15
IndiGo,Banglore,Delhi,non-stop,170.0,21,4,2019,23,30,22,4,2019,2,20
Jet Airways,Banglore,Delhi,non-stop,165.0,6,1,2019,6,0,6,1,2019,8,45
SpiceJet,Banglore,Delhi,non-stop,170.0,18,3,2019,5,45,18,3,2019,8,35
Jet Airways,Delhi,Cochin,2 stops,1615.0,15,6,2019,9,40,16,6,2019,12,35
Jet Airways,Kolkata,Banglore,1 stop,870.0,5,9,2019,20,25,5,10,2019,10,55
Multiple carriers,Delhi,Cochin,1 stop,845.0,15,5,2019,4,55,15,5,2019,19,0
Jet Airways,Mumbai,Hyderabad,non-stop,90.0,27,3,2019,15,50,27,3,2019,17,20
Jet Airways,Delhi,Cochin,1 stop,1325.0,6,9,2019,20,55,6,10,2019,19,0
Jet Airways,Delhi,Cochin,2 stops,1995.0,21,3,2019,19,10,23,3,2019,4,25
Multiple carriers,Delhi,Cochin,1 stop,525.0,24,6,2019,3,50,24,6,2019,12,35
Jet Airways,Banglore,Delhi,1 stop,900.0,3,6,2019,14,5,3,7,2019,5,5
Jet Airways,Delhi,Cochin,2 stops,830.0,24,6,2019,14,35,25,6,2019,4,25
Multiple carriers,Delhi,Cochin,1 stop,480.0,21,3,2019,13,0,21,3,2019,21,0
Multiple carriers,Delhi,Cochin,1 stop,540.0,15,5,2019,7,10,15,5,2019,16,10
Jet Airways,Banglore,Delhi,1 stop,920.0,3,6,2019,16,55,3,7,2019,8,15
GoAir,Banglore,Delhi,non-stop,170.0,15,6,2019,11,40,15,6,2019,14,30
Air India,Delhi,Cochin,1 stop,765.0,4,1,2019,20,40,4,2,2019,9,25
Air Asia,Banglore,Delhi,non-stop,165.0,6,1,2019,11,10,6,1,2019,13,55
SpiceJet,Mumbai,Hyderabad,non-stop,90.0,21,6,2019,5,45,21,6,2019,7,15
Jet Airways,Delhi,Cochin,2 stops,1615.0,27,6,2019,9,40,28,6,2019,12,35
SpiceJet,Mumbai,Hyderabad,non-stop,90.0,21,5,2019,13,15,21,5,2019,14,45
Jet Airways,Kolkata,Banglore,1 stop,1545.0,5,1,2019,6,30,5,2,2019,8,15
Air Asia,Kolkata,Banglore,non-stop,150.0,4,6,2019,22,50,4,7,2019,1,20
IndiGo,Kolkata,Banglore,1 stop,345.0,24,3,2019,5,35,24,3,2019,11,20
SpiceJet,Kolkata,Banglore,non-stop,145.0,4,6,2019,9,0,4,6,2019,11,25
Multiple carriers,Delhi,Cochin,1 stop,480.0,3,6,2019,13,0,3,6,2019,21,0
IndiGo,Kolkata,Banglore,non-stop,155.0,15,3,2019,14,20,15,3,2019,16,55
Vistara,Delhi,Cochin,non-stop,190.0,15,5,2019,6,0,15,5,2019,9,10
Jet Airways,Delhi,Cochin,2 stops,1760.0,24,6,2019,23,5,26,6,2019,4,25
Air India,Banglore,Delhi,1 stop,1675.0,15,3,2019,6,55,16,3,2019,10,50
Jet Airways,Delhi,Cochin,1 stop,1385.0,21,3,2019,19,45,22,3,2019,18,50
Air India,Delhi,Cochin,non-stop,230.0,21,5,2019,14,5,21,5,2019,17,55
GoAir,Banglore,Delhi,non-stop,175.0,3,3,2019,11,40,3,3,2019,14,35
Jet Airways,Delhi,Cochin,1 stop,1680.0,27,6,2019,15,0,28,6,2019,19,0
Jet Airways,Delhi,Cochin,2 stops,1390.0,27,6,2019,13,25,28,6,2019,12,35
IndiGo,Delhi,Cochin,non-stop,195.0,27,4,2019,5,35,27,4,2019,8,50
IndiGo,Banglore,Delhi,non-stop,175.0,4,3,2019,18,55,4,3,2019,21,50
Jet Airways,Delhi,Cochin,1 stop,620.0,6,1,2019,2,15,6,1,2019,12,35
Air India,Delhi,Cochin,1 stop,1535.0,27,3,2019,5,15,28,3,2019,6,50
Jet Airways,Delhi,Cochin,2 stops,1195.0,24,5,2019,23,5,25,5,2019,19,0
IndiGo,Chennai,Kolkata,non-stop,140.0,6,6,2019,13,15,6,6,2019,15,35
Jet Airways,Mumbai,Hyderabad,non-stop,85.0,3,1,2019,7,10,3,1,2019,8,35
Air India,Banglore,Delhi,1 stop,790.0,3,3,2019,8,15,3,3,2019,21,25
Air India,Kolkata,Banglore,1 stop,745.0,18,5,2019,9,25,18,5,2019,21,50
IndiGo,Delhi,Cochin,non-stop,195.0,24,6,2019,14,20,24,6,2019,17,35
Jet Airways,Kolkata,Banglore,1 stop,665.0,5,6,2019,21,10,5,7,2019,8,15
Air India,Delhi,Cochin,2 stops,1275.0,4,9,2019,22,0,4,10,2019,19,15
SpiceJet,Kolkata,Banglore,non-stop,140.0,6,1,2019,22,20,6,2,2019,0,40
GoAir,Kolkata,Banglore,1 stop,455.0,18,5,2019,16,40,19,5,2019,0,15
Multiple carriers,Delhi,Cochin,1 stop,480.0,6,1,2019,13,0,6,1,2019,21,0
SpiceJet,Kolkata,Banglore,non-stop,150.0,5,1,2019,17,10,5,1,2019,19,40
SpiceJet,Kolkata,Banglore,non-stop,150.0,3,9,2019,17,15,3,9,2019,19,45
SpiceJet,Banglore,Delhi,non-stop,170.0,6,12,2019,9,30,6,12,2019,12,20
Multiple carriers,Delhi,Cochin,1 stop,455.0,21,3,2019,18,0,22,3,2019,1,35
IndiGo,Delhi,Cochin,1 stop,480.0,6,12,2019,17,30,13,6,2019,1,30
Multiple carriers,Delhi,Cochin,1 stop,520.0,24,6,2019,10,20,24,6,2019,19,0
Jet Airways,Delhi,Cochin,1 stop,1270.0,27,5,2019,21,50,28,5,2019,19,0
Jet Airways,Kolkata,Banglore,1 stop,1160.0,24,3,2019,13,55,25,3,2019,9,15
IndiGo,Kolkata,Banglore,non-stop,160.0,3,6,2019,20,25,3,6,2019,23,5
Jet Airways,Mumbai,Hyderabad,non-stop,85.0,5,6,2019,2,55,5,6,2019,4,20
Vistara,Banglore,Delhi,non-stop,170.0,24,5,2019,21,0,24,5,2019,23,50
Jet Airways,Kolkata,Banglore,1 stop,1610.0,5,1,2019,6,30,5,2,2019,9,20
IndiGo,Delhi,Cochin,1 stop,325.0,5,9,2019,2,0,5,9,2019,7,25
Jet Airways,Delhi,Cochin,1 stop,825.0,15,6,2019,22,50,16,6,2019,12,35
IndiGo,Banglore,Delhi,non-stop,170.0,27,6,2019,0,25,27,6,2019,3,15
Air India,Banglore,Delhi,2 stops,2345.0,3,1,2019,8,50,3,2,2019,23,55
Air India,Delhi,Cochin,non-stop,170.0,15,5,2019,5,10,15,5,2019,8,0
Multiple carriers,Delhi,Cochin,1 stop,490.0,6,3,2019,12,50,6,3,2019,21,0
Multiple carriers,Delhi,Cochin,1 stop,690.0,5,9,2019,7,30,5,9,2019,19,0
Jet Airways,Delhi,Cochin,2 stops,2295.0,3,6,2019,5,30,3,7,2019,19,45
Air India,Kolkata,Banglore,1 stop,245.0,5,12,2019,9,10,5,12,2019,13,15
Jet Airways,Kolkata,Banglore,1 stop,1285.0,18,5,2019,17,0,19,5,2019,14,25
IndiGo,Kolkata,Banglore,non-stop,155.0,15,5,2019,4,40,15,5,2019,7,15
SpiceJet,Kolkata,Banglore,non-stop,150.0,15,6,2019,14,55,15,6,2019,17,25
Vistara,Banglore,Delhi,non-stop,160.0,3,9,2019,7,0,3,9,2019,9,40
Jet Airways,Banglore,Delhi,1 stop,935.0,3,6,2019,5,45,3,6,2019,21,20
Air India,Banglore,Delhi,2 stops,630.0,3,1,2019,5,50,3,1,2019,16,20
Air Asia,Banglore,Delhi,non-stop,170.0,21,5,2019,23,55,22,5,2019,2,45
Multiple carriers,Delhi,Cochin,1 stop,620.0,3,6,2019,15,15,3,7,2019,1,35
Air Asia,Kolkata,Banglore,non-stop,155.0,15,4,2019,10,20,15,4,2019,12,55
Air India,Kolkata,Banglore,1 stop,1700.0,5,9,2019,16,45,5,10,2019,21,5
IndiGo,Banglore,Delhi,non-stop,175.0,21,5,2019,0,30,21,5,2019,3,25
Air India,Kolkata,Banglore,1 stop,1700.0,6,6,2019,16,45,6,7,2019,21,5
Multiple carriers,Delhi,Cochin,1 stop,375.0,27,3,2019,7,5,27,3,2019,13,20
Jet Airways,Kolkata,Banglore,1 stop,855.0,5,6,2019,6,30,5,6,2019,20,45
Air India,Delhi,Cochin,1 stop,320.0,6,9,2019,17,40,6,9,2019,23,0
Vistara,Banglore,Delhi,non-stop,170.0,18,5,2019,21,0,18,5,2019,23,50
Jet Airways,Banglore,Delhi,1 stop,1555.0,3,1,2019,22,50,3,3,2019,0,45
Jet Airways,Mumbai,Hyderabad,non-stop,90.0,5,1,2019,10,20,5,1,2019,11,50
Air India,Banglore,Delhi,2 stops,665.0,3,12,2019,11,5,3,12,2019,22,10
Jet Airways,Kolkata,Banglore,1 stop,1575.0,15,5,2019,14,5,16,5,2019,16,20
Jet Airways,Delhi,Cochin,1 stop,1680.0,6,9,2019,15,0,6,10,2019,19,0
IndiGo,Delhi,Cochin,1 stop,320.0,4,1,2019,6,50,4,1,2019,12,10
IndiGo,Mumbai,Hyderabad,non-stop,90.0,6,1,2019,9,15,6,1,2019,10,45
Multiple carriers,Delhi,Cochin,1 stop,390.0,27,6,2019,19,0,28,6,2019,1,30
Jet Airways,Delhi,Cochin,2 stops,1760.0,15,6,2019,23,5,17,6,2019,4,25
Jet Airways,Kolkata,Banglore,1 stop,1295.0,5,1,2019,20,25,5,2,2019,18,0
IndiGo,Delhi,Cochin,1 stop,370.0,21,3,2019,16,10,21,3,2019,22,20
Jet Airways,Delhi,Cochin,1 stop,540.0,6,1,2019,10,0,6,1,2019,19,0
Jet Airways,Kolkata,Banglore,1 stop,395.0,5,12,2019,17,0,5,12,2019,23,35
Jet Airways,Banglore,Delhi,non-stop,165.0,6,3,2019,6,0,6,3,2019,8,45
IndiGo,Banglore,Delhi,non-stop,170.0,6,1,2019,10,30,6,1,2019,13,20
Air India,Banglore,Delhi,non-stop,170.0,4,9,2019,21,5,4,9,2019,23,55
Vistara,Banglore,Delhi,non-stop,175.0,3,3,2019,21,10,3,7,2019,0,5
Jet Airways,Kolkata,Banglore,1 stop,800.0,4,1,2019,6,30,4,1,2019,19,50
IndiGo,Kolkata,Banglore,non-stop,165.0,21,4,2019,9,35,21,4,2019,12,20
IndiGo,Banglore,Delhi,non-stop,165.0,15,5,2019,1,30,15,5,2019,4,15
Multiple carriers,Delhi,Cochin,1 stop,570.0,27,6,2019,16,0,28,6,2019,1,30
Air Asia,Kolkata,Banglore,non-stop,150.0,21,6,2019,19,55,21,6,2019,22,25
Air India,Kolkata,Banglore,1 stop,1440.0,21,5,2019,14,35,22,5,2019,14,35
IndiGo,Delhi,Cochin,2 stops,985.0,3,1,2019,4,55,3,1,2019,21,20
Jet Airways,Banglore,Delhi,1 stop,1280.0,21,3,2019,14,5,22,3,2019,11,25
Multiple carriers,Delhi,Cochin,1 stop,570.0,15,6,2019,11,30,15,6,2019,21,0
Air India,Kolkata,Banglore,2 stops,920.0,21,5,2019,10,0,22,5,2019,1,20
Vistara,Kolkata,Banglore,1 stop,965.0,5,6,2019,17,0,5,7,2019,9,5
Jet Airways,Delhi,Cochin,1 stop,620.0,6,12,2019,2,15,6,12,2019,12,35
Jet Airways,Banglore,Delhi,non-stop,185.0,5,1,2019,18,55,5,1,2019,22,0
Jet Airways,Kolkata,Banglore,1 stop,1295.0,24,5,2019,20,25,25,5,2019,18,0
SpiceJet,Chennai,Kolkata,non-stop,135.0,15,5,2019,8,20,15,5,2019,10,35
Jet Airways,Delhi,Cochin,2 stops,810.0,6,6,2019,5,30,6,6,2019,19,0
IndiGo,Delhi,Cochin,1 stop,500.0,6,1,2019,17,10,6,2,2019,1,30
Jet Airways,Delhi,Cochin,1 stop,440.0,3,6,2019,11,30,3,6,2019,18,50
Jet Airways,Delhi,Cochin,1 stop,1110.0,3,6,2019,9,55,3,7,2019,4,25
Multiple carriers,Delhi,Cochin,2 stops,850.0,3,6,2019,7,10,3,6,2019,21,20
Jet Airways,Kolkata,Banglore,1 stop,1285.0,15,5,2019,18,55,16,5,2019,16,20
Air India,Kolkata,Banglore,2 stops,1975.0,24,3,2019,5,40,25,3,2019,14,35
Air India,Kolkata,Banglore,non-stop,150.0,15,6,2019,14,15,15,6,2019,16,45
Jet Airways,Delhi,Cochin,2 stops,1705.0,27,6,2019,8,10,28,6,2019,12,35
IndiGo,Delhi,Cochin,1 stop,895.0,6,9,2019,7,35,6,9,2019,22,30
IndiGo,Mumbai,Hyderabad,non-stop,90.0,15,3,2019,2,30,15,3,2019,4,0
Air India,Delhi,Cochin,2 stops,2170.0,3,6,2019,7,5,3,7,2019,19,15
Multiple carriers,Delhi,Cochin,1 stop,750.0,15,6,2019,13,0,16,6,2019,1,30
SpiceJet,Delhi,Cochin,1 stop,380.0,15,5,2019,15,45,15,5,2019,22,5
Jet Airways,Kolkata,Banglore,1 stop,1075.0,5,9,2019,17,0,5,10,2019,10,55
Multiple carriers,Delhi,Cochin,1 stop,375.0,3,6,2019,7,5,3,6,2019,13,20
Jet Airways,Kolkata,Banglore,1 stop,1265.0,21,5,2019,21,10,22,5,2019,18,15
Jet Airways,Banglore,Delhi,1 stop,1175.0,3,12,2019,20,35,13,3,2019,16,10
IndiGo,Chennai,Kolkata,non-stop,140.0,6,3,2019,13,15,6,3,2019,15,35
SpiceJet,Kolkata,Banglore,non-stop,150.0,21,6,2019,17,10,21,6,2019,19,40
IndiGo,Delhi,Cochin,1 stop,630.0,6,3,2019,15,0,6,4,2019,1,30
Air India,Kolkata,Banglore,2 stops,1045.0,5,6,2019,5,50,5,6,2019,23,15
Air India,Mumbai,Hyderabad,non-stop,80.0,5,1,2019,21,5,5,1,2019,22,25
Jet Airways,Kolkata,Banglore,1 stop,1570.0,18,5,2019,17,0,19,5,2019,19,10
Multiple carriers,Delhi,Cochin,1 stop,600.0,24,6,2019,9,0,24,6,2019,19,0
Air India,Delhi,Cochin,1 stop,1640.0,4,6,2019,6,5,4,7,2019,9,25
IndiGo,Delhi,Cochin,non-stop,195.0,18,5,2019,5,35,18,5,2019,8,50
IndiGo,Mumbai,Hyderabad,non-stop,85.0,15,3,2019,12,0,15,3,2019,13,25
Vistara,Kolkata,Banglore,1 stop,1555.0,5,9,2019,7,10,5,10,2019,9,5
Jet Airways,Delhi,Cochin,2 stops,1615.0,6,6,2019,9,40,6,7,2019,12,35
Jet Airways,Banglore,Delhi,non-stop,180.0,15,5,2019,17,45,15,5,2019,20,45
Multiple carriers,Delhi,Cochin,1 stop,750.0,24,6,2019,13,0,25,6,2019,1,30
Air Asia,Kolkata,Banglore,1 stop,720.0,6,12,2019,22,40,13,6,2019,10,40
Air India,Banglore,Delhi,1 stop,1425.0,15,3,2019,11,50,16,3,2019,11,35
Air India,Delhi,Cochin,2 stops,800.0,27,6,2019,5,55,27,6,2019,19,15
Multiple carriers,Delhi,Cochin,1 stop,390.0,6,12,2019,19,0,13,6,2019,1,30
Multiple carriers,Delhi,Cochin,1 stop,480.0,24,6,2019,17,30,25,6,2019,1,30
Air Asia,Kolkata,Banglore,non-stop,150.0,6,3,2019,22,50,6,4,2019,1,20
Jet Airways,Delhi,Cochin,2 stops,1615.0,6,9,2019,9,40,6,10,2019,12,35
Jet Airways,Mumbai,Hyderabad,non-stop,85.0,27,6,2019,7,5,27,6,2019,8,30
Jet Airways,Mumbai,Hyderabad,non-stop,90.0,21,6,2019,19,35,21,6,2019,21,5
Air India,Delhi,Cochin,1 stop,1640.0,27,3,2019,6,5,28,3,2019,9,25
Air India,Delhi,Cochin,2 stops,1595.0,27,3,2019,16,40,28,3,2019,19,15
Air Asia,Kolkata,Banglore,non-stop,150.0,15,3,2019,22,50,16,3,2019,1,20
Air India,Delhi,Cochin,2 stops,1410.0,24,6,2019,19,45,25,6,2019,19,15
Jet Airways,Banglore,Delhi,1 stop,1280.0,3,6,2019,11,40,3,7,2019,9,0
Air Asia,Kolkata,Banglore,1 stop,955.0,6,12,2019,7,35,6,12,2019,23,30
IndiGo,Banglore,Delhi,non-stop,170.0,24,5,2019,8,30,24,5,2019,11,20
Jet Airways,Delhi,Cochin,1 stop,940.0,6,1,2019,20,55,6,2,2019,12,35
Air India,Delhi,Cochin,2 stops,500.0,6,9,2019,10,55,6,9,2019,19,15
IndiGo,Kolkata,Banglore,non-stop,155.0,4,6,2019,11,30,4,6,2019,14,5
SpiceJet,Mumbai,Hyderabad,non-stop,90.0,5,6,2019,5,45,5,6,2019,7,15
IndiGo,Kolkata,Banglore,1 stop,235.0,4,9,2019,19,55,4,9,2019,23,50
Jet Airways,Delhi,Cochin,2 stops,1760.0,18,5,2019,23,5,20,5,2019,4,25
Jet Airways,Banglore,Delhi,1 stop,435.0,18,3,2019,8,0,18,3,2019,15,15
Air India,Delhi,Cochin,2 stops,1580.0,21,5,2019,7,5,22,5,2019,9,25
IndiGo,Delhi,Cochin,1 stop,665.0,24,4,2019,5,5,24,4,2019,16,10
IndiGo,Banglore,Delhi,non-stop,175.0,24,6,2019,18,55,24,6,2019,21,50
Jet Airways,Kolkata,Banglore,1 stop,890.0,24,3,2019,13,55,25,3,2019,4,45
Multiple carriers,Delhi,Cochin,1 stop,390.0,24,6,2019,19,0,25,6,2019,1,30
Jet Airways,Delhi,Cochin,2 stops,1760.0,24,5,2019,23,5,26,5,2019,4,25
Multiple carriers,Delhi,Cochin,1 stop,605.0,3,6,2019,9,10,3,6,2019,19,15
SpiceJet,Kolkata,Banglore,1 stop,520.0,6,12,2019,8,35,6,12,2019,17,15
Multiple carriers,Delhi,Cochin,1 stop,630.0,6,3,2019,8,45,6,3,2019,19,15
Jet Airways,Mumbai,Hyderabad,1 stop,1610.0,3,6,2019,14,0,3,7,2019,16,50
Jet Airways,Delhi,Cochin,2 stops,1775.0,4,9,2019,13,25,4,10,2019,19,0
Jet Airways,Kolkata,Banglore,1 stop,685.0,15,5,2019,8,25,15,5,2019,19,50
Air Asia,Kolkata,Banglore,non-stop,150.0,3,6,2019,19,35,3,6,2019,22,5
Jet Airways,Delhi,Cochin,1 stop,1610.0,3,9,2019,16,0,3,10,2019,18,50
Jet Airways,Delhi,Cochin,2 stops,1615.0,6,9,2019,9,40,6,10,2019,12,35
Air India,Mumbai,Hyderabad,non-stop,90.0,5,1,2019,13,55,5,1,2019,15,25
IndiGo,Delhi,Cochin,1 stop,940.0,21,3,2019,6,40,21,3,2019,22,20
Jet Airways,Delhi,Cochin,2 stops,2240.0,21,3,2019,5,30,22,3,2019,18,50
IndiGo,Kolkata,Banglore,non-stop,155.0,27,4,2019,11,30,27,4,2019,14,5
Air India,Banglore,Delhi,2 stops,2105.0,3,3,2019,11,5,3,7,2019,22,10
SpiceJet,Mumbai,Hyderabad,non-stop,90.0,15,5,2019,22,45,16,5,2019,0,15
Jet Airways,Delhi,Cochin,1 stop,610.0,3,6,2019,18,15,3,7,2019,4,25
Air India,Kolkata,Banglore,3 stops,2115.0,5,12,2019,12,0,13,5,2019,23,15
Multiple carriers,Delhi,Cochin,1 stop,600.0,5,6,2019,9,0,5,6,2019,19,0
IndiGo,Chennai,Kolkata,non-stop,140.0,24,3,2019,22,5,25,3,2019,0,25
Jet Airways,Delhi,Cochin,1 stop,925.0,27,5,2019,13,0,28,5,2019,4,25
Jet Airways,Kolkata,Banglore,1 stop,345.0,5,9,2019,14,5,5,9,2019,19,50
Multiple carriers,Delhi,Cochin,1 stop,535.0,24,6,2019,10,20,24,6,2019,19,15
Air India,Delhi,Cochin,non-stop,180.0,6,6,2019,14,10,6,6,2019,17,10
Jet Airways,Kolkata,Banglore,1 stop,1285.0,5,12,2019,18,55,13,5,2019,16,20
SpiceJet,Mumbai,Hyderabad,non-stop,90.0,5,3,2019,5,45,5,3,2019,7,15
Jet Airways,Banglore,Delhi,1 stop,530.0,3,1,2019,22,50,3,2,2019,7,40
Vistara,Kolkata,Banglore,1 stop,700.0,4,1,2019,7,10,4,1,2019,18,50
IndiGo,Delhi,Cochin,1 stop,860.0,27,5,2019,6,40,27,5,2019,21,0
Multiple carriers,Delhi,Cochin,1 stop,510.0,24,6,2019,17,0,25,6,2019,1,30
Jet Airways,Delhi,Cochin,1 stop,620.0,6,6,2019,2,15,6,6,2019,12,35
Jet Airways,Delhi,Cochin,2 stops,440.0,27,5,2019,11,40,27,5,2019,19,0
Jet Airways,Kolkata,Banglore,1 stop,450.0,21,5,2019,21,10,22,5,2019,4,40
Jet Airways,Kolkata,Banglore,1 stop,690.0,6,6,2019,9,35,6,6,2019,21,5
Jet Airways,Banglore,Delhi,1 stop,685.0,21,3,2019,8,55,21,3,2019,20,20
Multiple carriers,Delhi,Cochin,1 stop,765.0,5,9,2019,9,45,5,9,2019,22,30
Jet Airways,Delhi,Cochin,non-stop,195.0,15,6,2019,11,0,15,6,2019,14,15
SpiceJet,Chennai,Kolkata,non-stop,140.0,15,5,2019,17,45,15,5,2019,20,5
Air India,Banglore,Delhi,non-stop,165.0,24,3,2019,21,10,24,3,2019,23,55
Air India,Delhi,Cochin,1 stop,640.0,6,12,2019,21,0,13,6,2019,7,40
Air India,Banglore,Delhi,non-stop,165.0,5,3,2019,6,10,5,3,2019,8,55
IndiGo,Delhi,Cochin,1 stop,575.0,3,3,2019,16,0,3,4,2019,1,35
Multiple carriers,Delhi,Cochin,1 stop,705.0,6,6,2019,7,30,6,6,2019,19,15
Jet Airways,Banglore,Delhi,1 stop,745.0,3,12,2019,8,55,3,12,2019,21,20
Jet Airways,Kolkata,Banglore,1 stop,735.0,6,6,2019,20,0,6,7,2019,8,15
Air India,Kolkata,Banglore,2 stops,590.0,5,12,2019,12,0,5,12,2019,21,50
Air India,Mumbai,Hyderabad,non-stop,80.0,4,1,2019,21,5,4,1,2019,22,25
Jet Airways,Delhi,Cochin,2 stops,1760.0,21,5,2019,23,5,23,5,2019,4,25
Jet Airways,Kolkata,Banglore,1 stop,1685.0,18,5,2019,17,0,19,5,2019,21,5
IndiGo,Banglore,Delhi,non-stop,170.0,6,6,2019,4,0,6,6,2019,6,50
SpiceJet,Kolkata,Banglore,non-stop,145.0,5,1,2019,9,0,5,1,2019,11,25
IndiGo,Delhi,Cochin,1 stop,860.0,27,6,2019,6,40,27,6,2019,21,0
Air India,Delhi,Cochin,1 stop,965.0,4,3,2019,17,20,4,4,2019,9,25
Jet Airways,Delhi,Cochin,2 stops,440.0,6,9,2019,11,40,6,9,2019,19,0
Jet Airways,Delhi,Cochin,1 stop,1395.0,6,12,2019,19,45,13,6,2019,19,0
IndiGo,Kolkata,Banglore,non-stop,155.0,5,6,2019,4,40,5,6,2019,7,15
Jet Airways,Banglore,Delhi,1 stop,845.0,3,6,2019,8,55,3,6,2019,23,0
Jet Airways,Mumbai,Hyderabad,non-stop,90.0,21,3,2019,19,35,21,3,2019,21,5
Jet Airways,Banglore,Delhi,non-stop,180.0,4,12,2019,7,10,4,12,2019,10,10
Multiple carriers,Delhi,Cochin,1 stop,540.0,24,6,2019,10,0,24,6,2019,19,0
SpiceJet,Delhi,Cochin,1 stop,315.0,27,6,2019,6,5,27,6,2019,11,20
Jet Airways,Banglore,Delhi,non-stop,180.0,15,5,2019,17,45,15,5,2019,20,45
IndiGo,Banglore,Delhi,non-stop,170.0,6,1,2019,4,0,6,1,2019,6,50
IndiGo,Banglore,Delhi,non-stop,175.0,18,4,2019,0,30,18,4,2019,3,25
Air India,Banglore,Delhi,1 stop,1420.0,3,9,2019,17,0,13,3,2019,16,40
IndiGo,Kolkata,Banglore,1 stop,315.0,5,9,2019,15,15,5,9,2019,20,30
GoAir,Delhi,Cochin,1 stop,460.0,6,9,2019,5,55,6,9,2019,13,35
IndiGo,Banglore,Delhi,non-stop,175.0,21,4,2019,18,25,21,4,2019,21,20
Air India,Mumbai,Hyderabad,2 stops,2245.0,3,6,2019,6,0,3,7,2019,19,25
Air Asia,Kolkata,Banglore,non-stop,150.0,4,1,2019,19,55,4,1,2019,22,25
Jet Airways,Banglore,Delhi,1 stop,1035.0,3,12,2019,5,45,3,12,2019,23,0
Jet Airways,Mumbai,Hyderabad,non-stop,90.0,15,6,2019,19,35,15,6,2019,21,5
SpiceJet,Mumbai,Hyderabad,non-stop,90.0,27,5,2019,22,45,28,5,2019,0,15
IndiGo,Banglore,Delhi,non-stop,170.0,18,6,2019,4,0,18,6,2019,6,50
Jet Airways,Banglore,Delhi,1 stop,840.0,3,12,2019,21,25,13,3,2019,11,25
Jet Airways,Mumbai,Hyderabad,non-stop,90.0,24,3,2019,19,35,24,3,2019,21,5
Jet Airways,Kolkata,Banglore,1 stop,1730.0,5,1,2019,9,35,5,2,2019,14,25
Air India,Delhi,Cochin,non-stop,170.0,18,5,2019,5,10,18,5,2019,8,0
Air India,Kolkata,Banglore,1 stop,1435.0,5,6,2019,20,30,5,7,2019,20,25
Air India,Chennai,Kolkata,non-stop,135.0,24,3,2019,11,40,24,3,2019,13,55
Jet Airways,Kolkata,Banglore,1 stop,1080.0,18,5,2019,20,25,19,5,2019,14,25
Jet Airways,Kolkata,Banglore,1 stop,330.0,6,9,2019,6,30,6,9,2019,12,0
GoAir,Banglore,Delhi,non-stop,165.0,24,5,2019,20,55,24,5,2019,23,40
Jet Airways,Delhi,Cochin,1 stop,1425.0,15,6,2019,19,15,16,6,2019,19,0
Jet Airways,Kolkata,Banglore,1 stop,800.0,6,9,2019,6,30,6,9,2019,19,50
Air India,Chennai,Kolkata,non-stop,135.0,15,5,2019,11,40,15,5,2019,13,55
IndiGo,Delhi,Cochin,non-stop,195.0,21,4,2019,5,35,21,4,2019,8,50
Jet Airways,Delhi,Cochin,2 stops,440.0,15,6,2019,11,40,15,6,2019,19,0
Jet Airways,Mumbai,Hyderabad,non-stop,85.0,5,3,2019,7,5,5,3,2019,8,30
IndiGo,Mumbai,Hyderabad,non-stop,90.0,21,5,2019,2,35,21,5,2019,4,5
Jet Airways,Kolkata,Banglore,1 stop,345.0,5,9,2019,14,5,5,9,2019,19,50
Air India,Delhi,Cochin,2 stops,2240.0,3,3,2019,5,55,3,4,2019,19,15
Air India,Delhi,Cochin,2 stops,1600.0,6,9,2019,5,0,6,10,2019,7,40
SpiceJet,Kolkata,Banglore,non-stop,145.0,21,5,2019,9,0,21,5,2019,11,25
Air India,Delhi,Cochin,1 stop,315.0,3,9,2019,17,45,3,9,2019,23,0
IndiGo,Banglore,Delhi,non-stop,175.0,18,5,2019,18,25,18,5,2019,21,20
Jet Airways,Mumbai,Hyderabad,2 stops,1665.0,3,6,2019,13,5,3,7,2019,16,50
IndiGo,Mumbai,Hyderabad,non-stop,90.0,27,5,2019,12,0,27,5,2019,13,30
IndiGo,Delhi,Cochin,1 stop,400.0,21,3,2019,6,40,21,3,2019,13,20
IndiGo,Banglore,Delhi,non-stop,170.0,4,1,2019,8,30,4,1,2019,11,20
Multiple carriers,Delhi,Cochin,1 stop,935.0,3,3,2019,10,0,3,4,2019,1,35
Jet Airways,Kolkata,Banglore,1 stop,425.0,5,1,2019,16,30,5,1,2019,23,35
Jet Airways,Delhi,Cochin,1 stop,1485.0,21,5,2019,18,15,22,5,2019,19,0
Jet Airways,Banglore,Delhi,non-stop,180.0,5,9,2019,7,10,5,9,2019,10,10
SpiceJet,Mumbai,Hyderabad,non-stop,85.0,15,3,2019,22,45,16,3,2019,0,10
Jet Airways,Delhi,Cochin,1 stop,1355.0,6,9,2019,14,0,6,10,2019,12,35
Jet Airways,Delhi,Cochin,1 stop,1270.0,24,6,2019,21,50,25,6,2019,19,0
IndiGo,Banglore,Delhi,non-stop,175.0,24,3,2019,21,20,28,3,2019,0,15
Vistara,Delhi,Cochin,non-stop,190.0,15,4,2019,6,0,15,4,2019,9,10
Jet Airways,Banglore,Delhi,non-stop,180.0,15,5,2019,8,20,15,5,2019,11,20
Jet Airways,Delhi,Cochin,non-stop,195.0,5,9,2019,11,0,5,9,2019,14,15
Vistara,Kolkata,Banglore,1 stop,1655.0,4,1,2019,7,10,4,2,2019,10,45
Jet Airways,Delhi,Cochin,2 stops,1760.0,27,5,2019,23,5,29,5,2019,4,25
Air India,Delhi,Cochin,2 stops,1180.0,6,1,2019,12,0,6,2,2019,7,40
Multiple carriers,Delhi,Cochin,1 stop,600.0,6,6,2019,9,0,6,6,2019,19,0
Jet Airways,Kolkata,Banglore,1 stop,690.0,21,5,2019,9,35,21,5,2019,21,5
Multiple carriers,Delhi,Cochin,1 stop,730.0,27,5,2019,7,5,27,5,2019,19,15
Air India,Chennai,Kolkata,non-stop,135.0,6,12,2019,11,40,6,12,2019,13,55
IndiGo,Banglore,Delhi,non-stop,165.0,6,3,2019,6,5,6,3,2019,8,50
SpiceJet,Kolkata,Banglore,non-stop,140.0,15,3,2019,22,20,16,3,2019,0,40
Jet Airways,Mumbai,Hyderabad,non-stop,90.0,15,3,2019,2,55,15,3,2019,4,25
Vistara,Banglore,Delhi,non-stop,170.0,5,1,2019,21,0,5,1,2019,23,50
Multiple carriers,Delhi,Cochin,1 stop,450.0,21,5,2019,18,0,22,5,2019,1,30
Air India,Delhi,Cochin,2 stops,1940.0,3,9,2019,10,55,3,10,2019,19,15
Jet Airways,Delhi,Cochin,1 stop,1270.0,5,9,2019,21,50,5,10,2019,19,0
Air India,Delhi,Cochin,1 stop,765.0,5,9,2019,20,40,5,10,2019,9,25
Jet Airways,Delhi,Cochin,1 stop,1015.0,5,9,2019,11,30,5,10,2019,4,25
IndiGo,Banglore,Delhi,non-stop,180.0,18,6,2019,21,15,19,6,2019,0,15
Air India,Delhi,Cochin,1 stop,965.0,27,6,2019,17,20,28,6,2019,9,25
Air India,Delhi,Cochin,1 stop,795.0,6,3,2019,9,45,6,3,2019,23,0
Multiple carriers,Delhi,Cochin,1 stop,455.0,27,3,2019,11,40,27,3,2019,19,15
Jet Airways,Banglore,Delhi,non-stop,180.0,6,9,2019,17,45,6,9,2019,20,45
IndiGo,Chennai,Kolkata,non-stop,140.0,15,6,2019,19,35,15,6,2019,21,55
Jet Airways,Delhi,Cochin,1 stop,520.0,21,5,2019,19,45,22,5,2019,4,25
IndiGo,Delhi,Cochin,1 stop,355.0,21,3,2019,7,45,21,3,2019,13,40
Multiple carriers,Delhi,Cochin,1 stop,505.0,6,6,2019,10,35,6,6,2019,19,0
Jet Airways,Banglore,Delhi,non-stop,160.0,3,1,2019,19,55,3,1,2019,22,35
Air India,Banglore,Delhi,2 stops,980.0,15,3,2019,5,50,15,3,2019,22,10
IndiGo,Chennai,Kolkata,non-stop,140.0,3,6,2019,22,5,3,7,2019,0,25
Multiple carriers,Delhi,Cochin,1 stop,830.0,15,6,2019,11,40,16,6,2019,1,30
IndiGo,Banglore,Delhi,1 stop,295.0,21,3,2019,13,40,21,3,2019,18,35
Multiple carriers,Delhi,Cochin,2 stops,625.0,15,6,2019,15,5,16,6,2019,1,30
Jet Airways,Kolkata,Banglore,1 stop,690.0,24,5,2019,9,35,24,5,2019,21,5
GoAir,Kolkata,Banglore,1 stop,495.0,15,5,2019,23,30,16,5,2019,7,45
Jet Airways,Banglore,Delhi,1 stop,375.0,3,1,2019,14,5,3,1,2019,20,20
Jet Airways,Delhi,Cochin,2 stops,1615.0,5,6,2019,9,40,5,7,2019,12,35
Jet Airways,Delhi,Cochin,1 stop,320.0,27,3,2019,23,5,28,3,2019,4,25
IndiGo,Kolkata,Banglore,non-stop,160.0,21,5,2019,21,25,22,5,2019,0,5
Multiple carriers,Delhi,Cochin,1 stop,600.0,6,9,2019,9,0,6,9,2019,19,0
IndiGo,Banglore,Delhi,non-stop,185.0,24,6,2019,18,15,24,6,2019,21,20
Jet Airways,Kolkata,Banglore,1 stop,400.0,18,5,2019,14,5,18,5,2019,20,45
Jet Airways,Kolkata,Banglore,1 stop,870.0,24,5,2019,20,25,25,5,2019,10,55
IndiGo,Delhi,Cochin,non-stop,195.0,5,12,2019,21,5,13,5,2019,0,20
Jet Airways,Banglore,Delhi,1 stop,375.0,18,3,2019,22,50,19,3,2019,5,5
IndiGo,Banglore,Delhi,non-stop,170.0,4,9,2019,23,30,4,10,2019,2,20
Air Asia,Banglore,Delhi,non-stop,165.0,5,6,2019,11,10,5,6,2019,13,55
Jet Airways,Delhi,Cochin,2 stops,810.0,27,5,2019,5,30,27,5,2019,19,0
Air India,Banglore,Delhi,non-stop,165.0,24,6,2019,6,10,24,6,2019,8,55
Air India,Kolkata,Banglore,2 stops,1195.0,6,12,2019,12,0,13,6,2019,7,55
SpiceJet,Chennai,Kolkata,non-stop,135.0,5,9,2019,8,20,5,9,2019,10,35
Air India,Kolkata,Banglore,2 stops,1210.0,24,3,2019,9,25,25,3,2019,5,35
IndiGo,Chennai,Kolkata,non-stop,140.0,5,12,2019,13,15,5,12,2019,15,35
Jet Airways,Delhi,Cochin,1 stop,1235.0,6,3,2019,16,0,6,4,2019,12,35
Jet Airways,Kolkata,Banglore,1 stop,1090.0,5,9,2019,14,5,5,10,2019,8,15
SpiceJet,Chennai,Kolkata,non-stop,155.0,3,9,2019,9,30,3,9,2019,12,5
Multiple carriers,Delhi,Cochin,2 stops,460.0,6,12,2019,17,50,13,6,2019,1,30
Air India,Delhi,Cochin,2 stops,1545.0,21,5,2019,5,55,22,5,2019,7,40
Vistara,Chennai,Kolkata,non-stop,140.0,27,5,2019,17,45,27,5,2019,20,5
IndiGo,Kolkata,Banglore,non-stop,165.0,15,4,2019,9,35,15,4,2019,12,20
IndiGo,Banglore,Delhi,non-stop,180.0,3,9,2019,13,10,3,9,2019,16,10
Multiple carriers,Delhi,Cochin,2 stops,850.0,3,3,2019,7,10,3,3,2019,21,20
Multiple carriers,Delhi,Cochin,1 stop,665.0,3,3,2019,2,15,3,3,2019,13,20
Multiple carriers,Delhi,Cochin,1 stop,545.0,6,12,2019,7,5,6,12,2019,16,10
Jet Airways,Delhi,Cochin,1 stop,520.0,6,3,2019,19,45,6,4,2019,4,25
Jet Airways,Kolkata,Banglore,1 stop,730.0,4,1,2019,21,10,4,2,2019,9,20
Jet Airways,Delhi,Cochin,2 stops,1125.0,6,6,2019,9,40,6,7,2019,4,25
Jet Airways,Kolkata,Banglore,1 stop,800.0,24,5,2019,20,0,25,5,2019,9,20
IndiGo,Mumbai,Hyderabad,non-stop,90.0,15,5,2019,2,35,15,5,2019,4,5
Air India,Banglore,Delhi,1 stop,1645.0,3,1,2019,5,50,3,2,2019,9,15
Multiple carriers,Delhi,Cochin,1 stop,780.0,15,5,2019,6,0,15,5,2019,19,0
Air Asia,Kolkata,Banglore,non-stop,150.0,27,3,2019,19,35,27,3,2019,22,5
IndiGo,Delhi,Cochin,1 stop,570.0,27,3,2019,6,40,27,3,2019,16,10
Multiple carriers,Delhi,Cochin,2 stops,625.0,15,5,2019,15,5,16,5,2019,1,30
Jet Airways,Delhi,Cochin,1 stop,1010.0,21,5,2019,19,45,22,5,2019,12,35
Jet Airways,Banglore,Delhi,1 stop,765.0,3,12,2019,18,55,13,3,2019,7,40
IndiGo,Kolkata,Banglore,non-stop,165.0,3,6,2019,22,10,3,7,2019,0,55
SpiceJet,Kolkata,Banglore,1 stop,315.0,4,9,2019,15,5,4,9,2019,20,20
IndiGo,Delhi,Cochin,1 stop,490.0,6,9,2019,14,20,6,9,2019,22,30
SpiceJet,Chennai,Kolkata,non-stop,135.0,24,6,2019,9,45,24,6,2019,12,0
Jet Airways,Banglore,Delhi,1 stop,695.0,18,3,2019,21,25,19,3,2019,9,0
Jet Airways,Delhi,Cochin,2 stops,1140.0,6,9,2019,9,25,6,10,2019,4,25
SpiceJet,Kolkata,Banglore,non-stop,155.0,6,3,2019,6,55,6,3,2019,9,30
Jet Airways,Kolkata,Banglore,1 stop,800.0,6,9,2019,20,25,6,10,2019,9,45
Jet Airways,Delhi,Cochin,2 stops,1375.0,24,6,2019,5,30,25,6,2019,4,25
Air India,Delhi,Cochin,1 stop,640.0,15,6,2019,21,0,16,6,2019,7,40
SpiceJet,Banglore,Delhi,non-stop,170.0,4,1,2019,9,30,4,1,2019,12,20
Air Asia,Delhi,Cochin,1 stop,870.0,6,3,2019,7,55,6,3,2019,22,25
IndiGo,Kolkata,Banglore,non-stop,170.0,3,3,2019,5,30,3,3,2019,8,20
Air India,Delhi,Cochin,1 stop,320.0,15,6,2019,17,40,15,6,2019,23,0
Jet Airways,Delhi,Cochin,2 stops,1375.0,6,9,2019,5,30,6,10,2019,4,25
Jet Airways,Kolkata,Banglore,1 stop,590.0,5,9,2019,6,30,5,9,2019,16,20
Jet Airways,Delhi,Cochin,2 stops,1130.0,6,12,2019,9,35,13,6,2019,4,25
Vistara,Banglore,Delhi,non-stop,160.0,24,4,2019,7,0,24,4,2019,9,40
Jet Airways,Kolkata,Banglore,1 stop,800.0,6,9,2019,20,0,6,10,2019,9,20
Jet Airways,Mumbai,Hyderabad,non-stop,85.0,6,3,2019,7,5,6,3,2019,8,30
Jet Airways,Banglore,Delhi,non-stop,175.0,4,3,2019,15,15,4,3,2019,18,10
SpiceJet,Kolkata,Banglore,non-stop,150.0,27,6,2019,17,10,27,6,2019,19,40
Jet Airways,Delhi,Cochin,1 stop,600.0,5,9,2019,9,0,5,9,2019,19,0
SpiceJet,Mumbai,Hyderabad,non-stop,90.0,5,1,2019,5,45,5,1,2019,7,15
IndiGo,Banglore,Delhi,non-stop,175.0,24,4,2019,0,30,24,4,2019,3,25
IndiGo,Delhi,Cochin,non-stop,195.0,15,6,2019,5,35,15,6,2019,8,50
Air India,Kolkata,Banglore,2 stops,1155.0,5,6,2019,16,45,5,7,2019,12,0
Air India,Banglore,Delhi,non-stop,165.0,3,1,2019,6,10,3,1,2019,8,55
Jet Airways,Delhi,Cochin,1 stop,1005.0,18,5,2019,2,15,18,5,2019,19,0
IndiGo,Kolkata,Banglore,non-stop,150.0,24,4,2019,15,15,24,4,2019,17,45
IndiGo,Delhi,Cochin,1 stop,415.0,15,6,2019,18,35,16,6,2019,1,30
Jet Airways,Banglore,Delhi,1 stop,1055.0,18,3,2019,14,5,19,3,2019,7,40
Air India,Kolkata,Banglore,non-stop,150.0,3,6,2019,14,15,3,6,2019,16,45
SpiceJet,Mumbai,Hyderabad,non-stop,90.0,5,3,2019,22,45,5,4,2019,0,15
Jet Airways,Kolkata,Banglore,1 stop,910.0,5,9,2019,18,55,5,10,2019,10,5
IndiGo,Delhi,Cochin,non-stop,195.0,6,3,2019,14,25,6,3,2019,17,40
IndiGo,Kolkata,Banglore,1 stop,280.0,5,12,2019,17,35,5,12,2019,22,15
Jet Airways,Banglore,Delhi,non-stop,180.0,21,4,2019,17,45,21,4,2019,20,45
Jet Airways,Kolkata,Banglore,1 stop,1450.0,5,9,2019,9,35,5,10,2019,9,45
Multiple carriers,Delhi,Cochin,1 stop,840.0,6,3,2019,7,0,6,3,2019,21,0
Multiple carriers,Delhi,Cochin,1 stop,780.0,27,5,2019,8,0,27,5,2019,21,0
IndiGo,Delhi,Cochin,1 stop,895.0,18,5,2019,7,35,18,5,2019,22,30
Air India,Kolkata,Banglore,2 stops,970.0,21,5,2019,16,45,22,5,2019,8,55
Jet Airways,Kolkata,Banglore,1 stop,570.0,15,5,2019,14,5,15,5,2019,23,35
Jet Airways,Kolkata,Banglore,1 stop,395.0,18,5,2019,17,0,18,5,2019,23,35
Air India,Delhi,Cochin,2 stops,1820.0,27,6,2019,12,55,28,6,2019,19,15
Multiple carriers,Delhi,Cochin,1 stop,605.0,27,3,2019,9,10,27,3,2019,19,15
GoAir,Banglore,Delhi,non-stop,170.0,24,4,2019,11,40,24,4,2019,14,30
Multiple carriers,Delhi,Cochin,1 stop,930.0,27,5,2019,10,0,28,5,2019,1,30
Air India,Delhi,Cochin,1 stop,765.0,6,6,2019,20,40,6,7,2019,9,25
Multiple carriers,Delhi,Cochin,1 stop,730.0,24,6,2019,7,5,24,6,2019,19,15
Jet Airways,Delhi,Cochin,2 stops,910.0,24,6,2019,21,25,25,6,2019,12,35
Multiple carriers,Delhi,Cochin,1 stop,480.0,4,9,2019,13,0,4,9,2019,21,0
IndiGo,Kolkata,Banglore,non-stop,155.0,24,5,2019,15,30,24,5,2019,18,5
SpiceJet,Banglore,Delhi,non-stop,170.0,15,5,2019,9,30,15,5,2019,12,20
Jet Airways,Delhi,Cochin,2 stops,810.0,24,6,2019,5,30,24,6,2019,19,0
Jet Airways,Kolkata,Banglore,1 stop,800.0,24,5,2019,18,55,25,5,2019,8,15
Jet Airways,Kolkata,Banglore,1 stop,1015.0,24,3,2019,6,30,24,3,2019,23,25
Jet Airways,Banglore,Delhi,non-stop,175.0,6,12,2019,15,15,6,12,2019,18,10
Vistara,Kolkata,Banglore,1 stop,865.0,24,5,2019,20,20,25,5,2019,10,45
IndiGo,Mumbai,Hyderabad,non-stop,90.0,24,3,2019,20,5,24,3,2019,21,35
IndiGo,Kolkata,Banglore,1 stop,325.0,15,5,2019,18,5,15,5,2019,23,30
IndiGo,Delhi,Cochin,1 stop,345.0,15,5,2019,21,50,16,5,2019,3,35
Jet Airways,Delhi,Cochin,1 stop,1285.0,3,6,2019,22,20,3,7,2019,19,45
Vistara,Banglore,Delhi,non-stop,155.0,27,4,2019,17,0,27,4,2019,19,35
Multiple carriers,Delhi,Cochin,1 stop,925.0,27,5,2019,7,5,27,5,2019,22,30
Jet Airways,Delhi,Cochin,2 stops,600.0,6,9,2019,18,25,6,10,2019,4,25
Jet Airways,Kolkata,Banglore,1 stop,1575.0,18,5,2019,14,5,19,5,2019,16,20
Vistara,Delhi,Cochin,non-stop,190.0,3,3,2019,6,0,3,3,2019,9,10
Jet Airways,Kolkata,Banglore,1 stop,1285.0,6,9,2019,18,55,6,10,2019,16,20
Jet Airways,Delhi,Cochin,2 stops,810.0,6,6,2019,5,30,6,6,2019,19,0
Multiple carriers,Delhi,Cochin,1 stop,465.0,21,3,2019,11,30,21,3,2019,19,15
IndiGo,Delhi,Cochin,1 stop,380.0,24,6,2019,16,10,24,6,2019,22,30
Jet Airways,Banglore,Delhi,non-stop,175.0,21,6,2019,15,15,21,6,2019,18,10
SpiceJet,Delhi,Cochin,1 stop,295.0,6,3,2019,17,55,6,3,2019,22,50
Air India,Delhi,Cochin,1 stop,1590.0,3,9,2019,20,30,3,10,2019,23,0
SpiceJet,Delhi,Cochin,1 stop,380.0,6,9,2019,15,45,6,9,2019,22,5
IndiGo,Delhi,Cochin,1 stop,810.0,5,9,2019,7,30,5,9,2019,21,0
Jet Airways,Delhi,Cochin,1 stop,1505.0,6,3,2019,11,30,6,4,2019,12,35
Air India,Delhi,Cochin,2 stops,1180.0,5,9,2019,12,0,5,10,2019,7,40
SpiceJet,Banglore,Delhi,non-stop,175.0,5,6,2019,21,10,5,7,2019,0,5
Multiple carriers,Delhi,Cochin,1 stop,465.0,27,6,2019,11,30,27,6,2019,19,15
IndiGo,Banglore,Delhi,non-stop,175.0,27,5,2019,0,30,27,5,2019,3,25
Jet Airways,Kolkata,Banglore,1 stop,345.0,4,1,2019,14,5,4,1,2019,19,50
Multiple carriers,Delhi,Cochin,1 stop,480.0,6,1,2019,13,0,6,1,2019,21,0
GoAir,Banglore,Delhi,non-stop,175.0,27,5,2019,7,45,27,5,2019,10,40
IndiGo,Banglore,Delhi,non-stop,170.0,24,6,2019,23,30,25,6,2019,2,20
SpiceJet,Mumbai,Hyderabad,non-stop,90.0,18,5,2019,13,15,18,5,2019,14,45
IndiGo,Delhi,Cochin,1 stop,665.0,6,3,2019,5,5,6,3,2019,16,10
Jet Airways,Kolkata,Banglore,1 stop,690.0,5,9,2019,9,35,5,9,2019,21,5
Jet Airways,Kolkata,Banglore,1 stop,450.0,5,9,2019,21,10,5,10,2019,4,40
IndiGo,Delhi,Cochin,1 stop,295.0,21,4,2019,5,10,21,4,2019,10,5
Multiple carriers,Delhi,Cochin,1 stop,615.0,6,12,2019,15,15,13,6,2019,1,30
IndiGo,Banglore,Delhi,non-stop,175.0,15,3,2019,18,25,15,3,2019,21,20
Jet Airways,Kolkata,Banglore,1 stop,1080.0,5,1,2019,20,25,5,2,2019,14,25
Jet Airways,Mumbai,Hyderabad,non-stop,85.0,6,3,2019,2,55,6,3,2019,4,20
Jet Airways,Banglore,Delhi,1 stop,730.0,3,6,2019,16,55,3,7,2019,5,5
Air India,Kolkata,Banglore,non-stop,150.0,3,12,2019,14,15,3,12,2019,16,45
Air India,Delhi,Cochin,2 stops,1380.0,21,5,2019,20,15,22,5,2019,19,15
Jet Airways,Delhi,Cochin,1 stop,745.0,3,3,2019,16,0,3,4,2019,4,25
Air India,Kolkata,Banglore,2 stops,1410.0,5,12,2019,16,45,13,5,2019,16,15
IndiGo,Banglore,Delhi,non-stop,175.0,15,3,2019,21,20,16,3,2019,0,15
Jet Airways,Banglore,Delhi,non-stop,175.0,24,6,2019,11,10,24,6,2019,14,5
IndiGo,Banglore,Delhi,non-stop,175.0,27,4,2019,18,25,27,4,2019,21,20
SpiceJet,Kolkata,Banglore,non-stop,140.0,21,3,2019,22,20,22,3,2019,0,40
Jet Airways,Delhi,Cochin,2 stops,1125.0,21,5,2019,9,40,22,5,2019,4,25
IndiGo,Chennai,Kolkata,non-stop,145.0,21,6,2019,11,35,21,6,2019,14,0
Vistara,Kolkata,Banglore,1 stop,1065.0,21,5,2019,17,0,22,5,2019,10,45
Jet Airways,Banglore,Delhi,non-stop,175.0,5,1,2019,15,15,5,1,2019,18,10
Jet Airways,Delhi,Cochin,2 stops,1415.0,21,3,2019,19,15,22,3,2019,18,50
Jet Airways,Kolkata,Banglore,1 stop,505.0,15,5,2019,9,35,15,5,2019,18,0
Air India,Banglore,Delhi,2 stops,980.0,15,3,2019,5,50,15,3,2019,22,10
Air India,Banglore,Delhi,non-stop,165.0,4,3,2019,6,10,4,3,2019,8,55
IndiGo,Kolkata,Banglore,non-stop,155.0,6,9,2019,22,15,6,10,2019,0,50
Jet Airways,Banglore,Delhi,1 stop,665.0,3,6,2019,20,35,3,7,2019,7,40
IndiGo,Delhi,Cochin,non-stop,195.0,15,3,2019,5,35,15,3,2019,8,50
Multiple carriers,Delhi,Cochin,2 stops,625.0,6,1,2019,15,5,6,2,2019,1,30
IndiGo,Chennai,Kolkata,non-stop,140.0,5,3,2019,19,35,5,3,2019,21,55
SpiceJet,Kolkata,Banglore,non-stop,150.0,3,3,2019,17,15,3,3,2019,19,45
Air India,Mumbai,Hyderabad,1 stop,780.0,3,6,2019,20,15,3,7,2019,9,15
Jet Airways,Delhi,Cochin,2 stops,505.0,6,3,2019,20,0,6,4,2019,4,25
IndiGo,Chennai,Kolkata,non-stop,145.0,5,6,2019,5,15,5,6,2019,7,40
IndiGo,Delhi,Cochin,1 stop,750.0,21,5,2019,8,30,21,5,2019,21,0
SpiceJet,Mumbai,Hyderabad,non-stop,90.0,27,6,2019,13,15,27,6,2019,14,45
Multiple carriers,Delhi,Cochin,1 stop,690.0,24,6,2019,7,30,24,6,2019,19,0
Jet Airways,Mumbai,Hyderabad,non-stop,85.0,5,9,2019,2,55,5,9,2019,4,20
Jet Airways,Delhi,Cochin,1 stop,865.0,6,1,2019,14,0,6,2,2019,4,25
Vistara,Banglore,Delhi,non-stop,155.0,4,6,2019,17,0,4,6,2019,19,35
Air India,Delhi,Cochin,1 stop,615.0,15,6,2019,9,0,15,6,2019,19,15
GoAir,Delhi,Cochin,1 stop,355.0,27,6,2019,7,0,27,6,2019,12,55
IndiGo,Delhi,Cochin,1 stop,500.0,6,12,2019,17,10,13,6,2019,1,30
Jet Airways,Kolkata,Banglore,1 stop,1365.0,5,1,2019,20,25,5,2,2019,19,10
GoAir,Banglore,Delhi,non-stop,175.0,4,9,2019,7,45,4,9,2019,10,40
Vistara,Kolkata,Banglore,1 stop,1345.0,24,3,2019,20,20,25,3,2019,18,45
Vistara,Kolkata,Banglore,1 stop,1440.0,15,5,2019,20,20,16,5,2019,20,20
IndiGo,Mumbai,Hyderabad,non-stop,85.0,18,3,2019,6,20,18,3,2019,7,45
Jet Airways,Delhi,Cochin,2 stops,1470.0,21,3,2019,18,20,22,3,2019,18,50
Jet Airways,Banglore,Delhi,1 stop,965.0,3,6,2019,16,55,3,7,2019,9,0
IndiGo,Mumbai,Hyderabad,non-stop,85.0,3,12,2019,6,20,3,12,2019,7,45
Multiple carriers Premium economy,Delhi,Cochin,1 stop,395.0,21,3,2019,8,55,21,3,2019,15,30
IndiGo,Kolkata,Banglore,non-stop,155.0,4,6,2019,20,20,4,6,2019,22,55
Jet Airways,Delhi,Cochin,1 stop,1105.0,18,5,2019,10,0,19,5,2019,4,25
Jet Airways,Delhi,Cochin,1 stop,300.0,24,6,2019,14,0,24,6,2019,19,0
SpiceJet,Kolkata,Banglore,non-stop,140.0,21,4,2019,22,20,22,4,2019,0,40
Jet Airways,Delhi,Cochin,2 stops,810.0,6,12,2019,5,30,6,12,2019,19,0
SpiceJet,Banglore,Delhi,1 stop,475.0,21,3,2019,10,20,21,3,2019,18,15
Air India,Delhi,Cochin,2 stops,1420.0,18,5,2019,9,45,19,5,2019,9,25
Jet Airways,Banglore,Delhi,non-stop,180.0,4,9,2019,17,45,4,9,2019,20,45
IndiGo,Kolkata,Banglore,1 stop,220.0,5,1,2019,19,35,5,1,2019,23,15
Jet Airways,Kolkata,Banglore,1 stop,1285.0,21,5,2019,17,0,22,5,2019,14,25
Jet Airways,Kolkata,Banglore,1 stop,505.0,6,6,2019,9,35,6,6,2019,18,0
GoAir,Delhi,Cochin,1 stop,540.0,4,6,2019,10,35,4,6,2019,19,35
GoAir,Delhi,Cochin,1 stop,310.0,6,6,2019,14,25,6,6,2019,19,35
Jet Airways,Delhi,Cochin,1 stop,620.0,15,5,2019,2,15,15,5,2019,12,35
Air India,Banglore,Delhi,1 stop,830.0,3,12,2019,6,45,3,12,2019,20,35
Air India,Mumbai,Hyderabad,non-stop,90.0,18,5,2019,13,55,18,5,2019,15,25
Multiple carriers,Delhi,Cochin,1 stop,630.0,27,5,2019,15,0,28,5,2019,1,30
IndiGo,Kolkata,Banglore,non-stop,155.0,3,9,2019,15,10,3,9,2019,17,45
Jet Airways,Kolkata,Banglore,1 stop,590.0,24,5,2019,8,25,24,5,2019,18,15
Jet Airways,Delhi,Cochin,2 stops,810.0,21,5,2019,5,30,21,5,2019,19,0
Jet Airways,Kolkata,Banglore,1 stop,585.0,24,5,2019,18,55,25,5,2019,4,40
Jet Airways,Delhi,Cochin,2 stops,1615.0,5,9,2019,9,40,5,10,2019,12,35
Jet Airways,Banglore,Delhi,1 stop,775.0,3,12,2019,20,35,13,3,2019,9,30
Air India,Kolkata,Banglore,1 stop,965.0,4,9,2019,19,0,4,10,2019,11,5
IndiGo,Delhi,Cochin,1 stop,325.0,24,6,2019,2,0,24,6,2019,7,25
Air India,Delhi,Cochin,non-stop,170.0,27,6,2019,5,10,27,6,2019,8,0
Jet Airways,Delhi,Cochin,2 stops,1375.0,6,9,2019,5,30,6,10,2019,4,25
Air India,Kolkata,Banglore,2 stops,920.0,5,12,2019,10,0,13,5,2019,1,20
SpiceJet,Banglore,Delhi,non-stop,170.0,15,4,2019,9,30,15,4,2019,12,20
Multiple carriers,Delhi,Cochin,1 stop,740.0,24,6,2019,6,40,24,6,2019,19,0
IndiGo,Banglore,Delhi,non-stop,165.0,24,3,2019,6,0,24,3,2019,8,45
Jet Airways,Mumbai,Hyderabad,non-stop,90.0,5,1,2019,19,35,5,1,2019,21,5
Jet Airways,Delhi,Cochin,2 stops,1300.0,6,6,2019,6,45,6,7,2019,4,25
Air India,Delhi,Cochin,1 stop,570.0,15,6,2019,13,30,15,6,2019,23,0
Air India,Delhi,Cochin,non-stop,185.0,3,6,2019,18,5,3,6,2019,21,10
Jet Airways,Kolkata,Banglore,1 stop,1630.0,5,12,2019,20,25,13,5,2019,23,35
IndiGo,Kolkata,Banglore,non-stop,155.0,21,4,2019,20,20,21,4,2019,22,55
Air India,Banglore,Delhi,non-stop,170.0,6,3,2019,13,20,6,3,2019,16,10
Air Asia,Kolkata,Banglore,non-stop,150.0,21,5,2019,9,45,21,5,2019,12,15
IndiGo,Delhi,Cochin,1 stop,345.0,6,3,2019,21,50,6,4,2019,3,35
Multiple carriers Premium economy,Delhi,Cochin,1 stop,900.0,21,3,2019,6,0,21,3,2019,21,0
Jet Airways,Delhi,Cochin,1 stop,1100.0,15,6,2019,18,15,16,6,2019,12,35
Air India,Kolkata,Banglore,3 stops,1650.0,5,6,2019,7,0,5,7,2019,10,30
Multiple carriers,Delhi,Cochin,1 stop,680.0,3,6,2019,7,30,3,6,2019,18,50
SpiceJet,Kolkata,Banglore,non-stop,155.0,5,1,2019,6,55,5,1,2019,9,30
IndiGo,Delhi,Cochin,1 stop,265.0,21,3,2019,7,35,21,3,2019,12,0
IndiGo,Banglore,Delhi,non-stop,180.0,15,5,2019,21,15,16,5,2019,0,15
IndiGo,Banglore,Delhi,non-stop,170.0,18,5,2019,13,0,18,5,2019,15,50
Jet Airways,Delhi,Cochin,2 stops,810.0,27,5,2019,5,30,27,5,2019,19,0
Vistara,Banglore,Delhi,non-stop,155.0,6,1,2019,17,0,6,1,2019,19,35
IndiGo,Banglore,Delhi,non-stop,180.0,3,3,2019,8,30,3,3,2019,11,30
Multiple carriers,Delhi,Cochin,1 stop,660.0,27,6,2019,8,0,27,6,2019,19,0
Jet Airways,Delhi,Cochin,1 stop,360.0,18,5,2019,13,0,18,5,2019,19,0
Air India,Delhi,Cochin,2 stops,1470.0,24,6,2019,18,45,25,6,2019,19,15
Air Asia,Kolkata,Banglore,non-stop,150.0,6,9,2019,19,55,6,9,2019,22,25
Jet Airways,Kolkata,Banglore,1 stop,520.0,18,5,2019,20,0,19,5,2019,4,40
IndiGo,Delhi,Cochin,1 stop,985.0,21,3,2019,9,10,22,3,2019,1,35
Air India,Banglore,Delhi,1 stop,895.0,21,3,2019,8,15,21,3,2019,23,10
IndiGo,Delhi,Cochin,1 stop,975.0,5,9,2019,9,15,5,10,2019,1,30
IndiGo,Banglore,Delhi,non-stop,175.0,6,1,2019,7,10,6,1,2019,10,5
Air India,Kolkata,Banglore,2 stops,725.0,21,5,2019,8,20,21,5,2019,20,25
GoAir,Delhi,Cochin,1 stop,350.0,21,3,2019,7,0,21,3,2019,12,50
SpiceJet,Chennai,Kolkata,non-stop,135.0,27,6,2019,9,45,27,6,2019,12,0
Jet Airways,Delhi,Cochin,2 stops,1995.0,21,3,2019,19,10,23,3,2019,4,25
IndiGo,Delhi,Cochin,non-stop,195.0,4,3,2019,21,5,4,4,2019,0,20
Air India,Mumbai,Hyderabad,non-stop,75.0,6,6,2019,19,30,6,6,2019,20,45
Vistara,Kolkata,Banglore,1 stop,765.0,6,12,2019,20,20,13,6,2019,9,5
SpiceJet,Chennai,Kolkata,non-stop,135.0,15,6,2019,8,20,15,6,2019,10,35
Vistara,Banglore,Delhi,1 stop,1665.0,3,9,2019,6,40,13,3,2019,10,25
Jet Airways,Kolkata,Banglore,1 stop,330.0,6,6,2019,6,30,6,6,2019,12,0
GoAir,Banglore,Delhi,non-stop,175.0,4,12,2019,7,45,4,12,2019,10,40
Jet Airways,Banglore,Delhi,1 stop,960.0,3,6,2019,7,0,3,6,2019,23,0
IndiGo,Delhi,Cochin,1 stop,305.0,4,6,2019,20,25,4,7,2019,1,30
Vistara,Kolkata,Banglore,1 stop,1065.0,18,5,2019,17,0,19,5,2019,10,45
Multiple carriers,Delhi,Cochin,1 stop,735.0,15,6,2019,8,45,15,6,2019,21,0
SpiceJet,Delhi,Cochin,1 stop,295.0,15,5,2019,17,55,15,5,2019,22,50
Air Asia,Banglore,Delhi,non-stop,165.0,18,5,2019,11,10,18,5,2019,13,55
Air India,Banglore,Delhi,non-stop,165.0,6,12,2019,6,10,6,12,2019,8,55
SpiceJet,Banglore,Delhi,non-stop,160.0,4,9,2019,5,55,4,9,2019,8,35
Jet Airways,Banglore,Delhi,non-stop,175.0,4,12,2019,15,15,4,12,2019,18,10
IndiGo,Delhi,Cochin,1 stop,895.0,24,5,2019,10,35,25,5,2019,1,30
Multiple carriers,Delhi,Cochin,1 stop,480.0,15,5,2019,17,30,16,5,2019,1,30
Jet Airways,Kolkata,Banglore,1 stop,1685.0,5,12,2019,17,0,13,5,2019,21,5
Jet Airways,Delhi,Cochin,1 stop,1210.0,6,9,2019,22,50,6,10,2019,19,0
IndiGo,Kolkata,Banglore,non-stop,150.0,18,6,2019,15,15,18,6,2019,17,45
Jet Airways,Delhi,Cochin,1 stop,655.0,21,5,2019,17,30,22,5,2019,4,25
Multiple carriers,Delhi,Cochin,1 stop,760.0,21,5,2019,12,50,22,5,2019,1,30
SpiceJet,Delhi,Cochin,1 stop,270.0,24,6,2019,8,45,24,6,2019,13,15
Jet Airways,Kolkata,Banglore,1 stop,730.0,6,12,2019,21,10,13,6,2019,9,20
Multiple carriers,Delhi,Cochin,1 stop,840.0,21,5,2019,11,30,22,5,2019,1,30
IndiGo,Kolkata,Banglore,non-stop,155.0,5,3,2019,11,30,5,3,2019,14,5
Air India,Delhi,Cochin,1 stop,765.0,6,9,2019,20,40,6,10,2019,9,25
Air Asia,Kolkata,Banglore,non-stop,150.0,24,3,2019,19,35,24,3,2019,22,5
Jet Airways,Delhi,Cochin,1 stop,1185.0,3,3,2019,23,5,3,4,2019,18,50
Jet Airways,Kolkata,Banglore,1 stop,730.0,15,5,2019,16,30,16,5,2019,4,40
Multiple carriers,Delhi,Cochin,1 stop,615.0,6,3,2019,8,45,6,3,2019,19,0
Jet Airways,Kolkata,Banglore,1 stop,1605.0,24,3,2019,16,55,25,3,2019,19,40
IndiGo,Kolkata,Banglore,1 stop,290.0,4,1,2019,8,10,4,1,2019,13,0
IndiGo,Chennai,Kolkata,non-stop,145.0,5,1,2019,11,35,5,1,2019,14,0
Jet Airways,Delhi,Cochin,1 stop,520.0,3,9,2019,19,45,3,10,2019,4,25
Jet Airways,Kolkata,Banglore,1 stop,775.0,6,12,2019,21,10,13,6,2019,10,5
Jet Airways,Mumbai,Hyderabad,non-stop,90.0,6,3,2019,19,35,6,3,2019,21,5
IndiGo,Chennai,Kolkata,non-stop,140.0,5,3,2019,13,15,5,3,2019,15,35
IndiGo,Kolkata,Banglore,non-stop,150.0,24,4,2019,14,25,24,4,2019,16,55
Jet Airways,Kolkata,Banglore,1 stop,890.0,5,6,2019,21,10,5,7,2019,12,0
Jet Airways,Banglore,Delhi,non-stop,160.0,3,6,2019,19,55,3,6,2019,22,35
IndiGo,Banglore,Delhi,non-stop,165.0,21,4,2019,1,30,21,4,2019,4,15
Jet Airways,Delhi,Cochin,2 stops,1760.0,24,6,2019,23,5,26,6,2019,4,25
SpiceJet,Banglore,Delhi,non-stop,170.0,4,12,2019,9,30,4,12,2019,12,20
Jet Airways,Kolkata,Banglore,1 stop,585.0,6,9,2019,18,55,6,10,2019,4,40
SpiceJet,Kolkata,Banglore,non-stop,140.0,24,4,2019,22,20,25,4,2019,0,40
Jet Airways,Kolkata,Banglore,1 stop,1550.0,15,5,2019,18,55,16,5,2019,20,45
Air India,Mumbai,Hyderabad,non-stop,90.0,5,12,2019,13,55,5,12,2019,15,25
Air India,Kolkata,Banglore,1 stop,545.0,24,5,2019,9,25,24,5,2019,18,30
IndiGo,Banglore,Delhi,non-stop,170.0,6,12,2019,23,30,13,6,2019,2,20
Jet Airways,Kolkata,Banglore,1 stop,960.0,24,5,2019,20,0,25,5,2019,12,0
IndiGo,Kolkata,Banglore,non-stop,155.0,3,1,2019,15,10,3,1,2019,17,45
Jet Airways,Kolkata,Banglore,1 stop,875.0,5,6,2019,14,5,5,7,2019,4,40
IndiGo,Kolkata,Banglore,non-stop,155.0,21,5,2019,15,30,21,5,2019,18,5
Jet Airways,Delhi,Cochin,2 stops,1460.0,6,12,2019,12,15,13,6,2019,12,35
Multiple carriers Premium economy,Delhi,Cochin,1 stop,570.0,21,3,2019,6,0,21,3,2019,15,30
Jet Airways,Delhi,Cochin,2 stops,505.0,18,5,2019,20,0,19,5,2019,4,25
Air India,Mumbai,Hyderabad,non-stop,80.0,5,9,2019,21,5,5,9,2019,22,25
Jet Airways,Banglore,Delhi,1 stop,1050.0,3,1,2019,16,55,3,2,2019,10,25
Air India,Banglore,Delhi,2 stops,665.0,18,3,2019,11,5,18,3,2019,22,10
IndiGo,Delhi,Cochin,1 stop,835.0,6,6,2019,8,35,6,6,2019,22,30
Jet Airways,Mumbai,Hyderabad,non-stop,90.0,4,3,2019,19,35,4,3,2019,21,5
Vistara,Mumbai,Hyderabad,1 stop,660.0,3,6,2019,11,55,3,6,2019,22,55
IndiGo,Banglore,Delhi,non-stop,165.0,18,4,2019,1,30,18,4,2019,4,15
Multiple carriers,Delhi,Cochin,1 stop,705.0,27,5,2019,7,30,27,5,2019,19,15
Jet Airways,Kolkata,Banglore,1 stop,1495.0,5,1,2019,8,25,5,2,2019,9,20
Air India,Banglore,Delhi,1 stop,745.0,21,3,2019,10,30,21,3,2019,22,55
Jet Airways,Kolkata,Banglore,1 stop,1170.0,18,5,2019,16,30,19,5,2019,12,0
Multiple carriers,Delhi,Cochin,1 stop,480.0,6,12,2019,13,0,6,12,2019,21,0
Jet Airways,Kolkata,Banglore,1 stop,505.0,6,6,2019,9,35,6,6,2019,18,0
Jet Airways,Mumbai,Hyderabad,non-stop,85.0,5,1,2019,2,55,5,1,2019,4,20
Jet Airways,Delhi,Cochin,2 stops,440.0,24,6,2019,11,40,24,6,2019,19,0
SpiceJet,Mumbai,Hyderabad,non-stop,80.0,21,3,2019,5,45,21,3,2019,7,5
IndiGo,Banglore,Delhi,non-stop,165.0,21,3,2019,0,40,21,3,2019,3,25
Air India,Banglore,Delhi,non-stop,165.0,18,3,2019,17,0,18,3,2019,19,45
Air India,Delhi,Cochin,2 stops,1600.0,5,9,2019,5,0,5,10,2019,7,40
IndiGo,Delhi,Cochin,1 stop,345.0,6,6,2019,2,0,6,6,2019,7,45
Jet Airways,Delhi,Cochin,1 stop,535.0,3,6,2019,9,55,3,6,2019,18,50
Multiple carriers,Delhi,Cochin,1 stop,845.0,6,12,2019,4,55,6,12,2019,19,0
SpiceJet,Delhi,Cochin,1 stop,270.0,27,5,2019,8,45,27,5,2019,13,15
Air India,Kolkata,Banglore,2 stops,895.0,5,9,2019,8,20,5,9,2019,23,15
Air India,Delhi,Cochin,2 stops,1595.0,3,6,2019,16,40,3,7,2019,19,15
Jet Airways,Delhi,Cochin,2 stops,2245.0,27,3,2019,6,20,28,3,2019,19,45
Jet Airways,Kolkata,Banglore,1 stop,1025.0,21,5,2019,18,55,22,5,2019,12,0
Jet Airways,Mumbai,Hyderabad,1 stop,815.0,3,12,2019,3,0,3,12,2019,16,35
Jet Airways,Banglore,Delhi,non-stop,165.0,21,4,2019,6,0,21,4,2019,8,45
Jet Airways,Mumbai,Hyderabad,non-stop,90.0,24,6,2019,19,35,24,6,2019,21,5
Jet Airways,Mumbai,Hyderabad,non-stop,80.0,21,3,2019,3,5,21,3,2019,4,25
Air India,Kolkata,Banglore,2 stops,1665.0,5,1,2019,10,0,5,2,2019,13,45
Jet Airways,Kolkata,Banglore,1 stop,1220.0,21,5,2019,20,0,22,5,2019,16,20
Jet Airways,Kolkata,Banglore,1 stop,1435.0,24,3,2019,19,45,25,3,2019,19,40
Vistara,Kolkata,Banglore,1 stop,975.0,18,5,2019,7,10,18,5,2019,23,25
Multiple carriers,Delhi,Cochin,1 stop,420.0,6,9,2019,14,0,6,9,2019,21,0
Vistara,Kolkata,Banglore,1 stop,385.0,5,6,2019,17,0,5,6,2019,23,25
Jet Airways,Delhi,Cochin,2 stops,1615.0,5,9,2019,9,40,5,10,2019,12,35
Jet Airways,Kolkata,Banglore,1 stop,800.0,15,5,2019,6,30,15,5,2019,19,50
Air India,Delhi,Cochin,1 stop,675.0,6,6,2019,8,0,6,6,2019,19,15
Multiple carriers,Delhi,Cochin,1 stop,600.0,6,3,2019,9,0,6,3,2019,19,0
Jet Airways,Delhi,Cochin,1 stop,1385.0,3,9,2019,19,45,3,10,2019,18,50
Jet Airways,Delhi,Cochin,1 stop,450.0,18,5,2019,20,55,19,5,2019,4,25
Multiple carriers,Delhi,Cochin,1 stop,600.0,5,9,2019,9,0,5,9,2019,19,0
Jet Airways,Banglore,Delhi,non-stop,180.0,4,3,2019,17,45,4,3,2019,20,45
IndiGo,Kolkata,Banglore,non-stop,165.0,3,3,2019,22,10,3,4,2019,0,55
IndiGo,Delhi,Cochin,1 stop,845.0,5,6,2019,11,25,5,7,2019,1,30
Jet Airways,Kolkata,Banglore,1 stop,1685.0,6,9,2019,17,0,6,10,2019,21,5
SpiceJet,Kolkata,Banglore,non-stop,140.0,4,3,2019,22,20,4,4,2019,0,40
Vistara,Kolkata,Banglore,1 stop,700.0,5,9,2019,7,10,5,9,2019,18,50
Jet Airways,Delhi,Cochin,1 stop,300.0,27,6,2019,14,0,27,6,2019,19,0
Jet Airways,Delhi,Cochin,1 stop,395.0,18,5,2019,21,50,19,5,2019,4,25
Multiple carriers,Delhi,Cochin,1 stop,720.0,5,9,2019,9,0,5,9,2019,21,0
Jet Airways,Kolkata,Banglore,1 stop,395.0,6,6,2019,17,0,6,6,2019,23,35
SpiceJet,Delhi,Cochin,1 stop,315.0,4,9,2019,6,5,4,9,2019,11,20
Multiple carriers,Delhi,Cochin,1 stop,450.0,3,3,2019,4,0,3,3,2019,11,30
Air India,Delhi,Cochin,2 stops,1560.0,6,6,2019,17,15,6,7,2019,19,15
Jet Airways,Delhi,Cochin,1 stop,1415.0,15,6,2019,13,0,16,6,2019,12,35
Jet Airways,Kolkata,Banglore,1 stop,1025.0,4,1,2019,18,55,4,2,2019,12,0
Jet Airways,Kolkata,Banglore,1 stop,735.0,5,6,2019,20,0,5,7,2019,8,15
Multiple carriers,Delhi,Cochin,1 stop,425.0,3,3,2019,13,55,3,3,2019,21,0
Jet Airways,Kolkata,Banglore,1 stop,845.0,5,1,2019,20,0,5,2,2019,10,5
IndiGo,Banglore,Delhi,non-stop,180.0,4,9,2019,21,15,4,10,2019,0,15
SpiceJet,Chennai,Kolkata,non-stop,135.0,27,5,2019,9,45,27,5,2019,12,0
Jet Airways,Kolkata,Banglore,1 stop,1570.0,5,1,2019,17,0,5,2,2019,19,10
Jet Airways,Delhi,Cochin,non-stop,195.0,15,6,2019,11,0,15,6,2019,14,15
IndiGo,Chennai,Kolkata,non-stop,145.0,18,6,2019,5,15,18,6,2019,7,40
Vistara,Kolkata,Banglore,1 stop,865.0,5,1,2019,20,20,5,2,2019,10,45
Jet Airways,Banglore,Delhi,non-stop,180.0,18,6,2019,19,50,18,6,2019,22,50
Air India,Delhi,Cochin,3 stops,2280.0,6,1,2019,5,15,6,2,2019,19,15
Air India,Chennai,Kolkata,non-stop,135.0,27,3,2019,11,40,27,3,2019,13,55
IndiGo,Banglore,Delhi,non-stop,170.0,18,5,2019,23,30,19,5,2019,2,20
IndiGo,Delhi,Cochin,1 stop,885.0,21,3,2019,7,35,21,3,2019,22,20
Air India,Kolkata,Banglore,2 stops,970.0,5,12,2019,16,45,13,5,2019,8,55
Jet Airways,Delhi,Cochin,2 stops,1790.0,27,6,2019,6,45,28,6,2019,12,35
Jet Airways,Delhi,Cochin,2 stops,1760.0,18,5,2019,23,5,20,5,2019,4,25
Jet Airways,Delhi,Cochin,1 stop,520.0,6,6,2019,19,45,6,7,2019,4,25
IndiGo,Banglore,Delhi,non-stop,175.0,3,9,2019,18,25,3,9,2019,21,20
Jet Airways,Banglore,Delhi,non-stop,175.0,21,4,2019,15,15,21,4,2019,18,10
Jet Airways,Delhi,Cochin,1 stop,1270.0,6,6,2019,21,50,6,7,2019,19,0
Jet Airways,Kolkata,Banglore,1 stop,1295.0,5,9,2019,20,25,5,10,2019,18,0
Jet Airways,Kolkata,Banglore,1 stop,1055.0,6,12,2019,16,30,13,6,2019,10,5
IndiGo,Banglore,Delhi,1 stop,260.0,15,3,2019,16,15,15,3,2019,20,35
Jet Airways,Kolkata,Banglore,1 stop,585.0,6,12,2019,18,55,13,6,2019,4,40
Jet Airways,Delhi,Cochin,2 stops,1375.0,6,9,2019,5,30,6,10,2019,4,25
Multiple carriers,Delhi,Cochin,1 stop,505.0,21,5,2019,9,45,21,5,2019,18,10
IndiGo,Chennai,Kolkata,non-stop,145.0,18,5,2019,11,35,18,5,2019,14,0
IndiGo,Banglore,Delhi,non-stop,180.0,4,3,2019,21,15,4,4,2019,0,15
Jet Airways,Kolkata,Banglore,1 stop,1330.0,5,6,2019,6,30,5,7,2019,4,40
Air India,Kolkata,Banglore,1 stop,1440.0,24,5,2019,14,35,25,5,2019,14,35
Jet Airways,Delhi,Cochin,2 stops,1615.0,6,9,2019,9,40,6,10,2019,12,35
Jet Airways,Kolkata,Banglore,1 stop,1720.0,4,1,2019,18,55,4,2,2019,23,35
Jet Airways,Kolkata,Banglore,1 stop,1590.0,18,5,2019,5,45,19,5,2019,8,15
Jet Airways,Banglore,Delhi,non-stop,165.0,5,3,2019,6,0,5,3,2019,8,45
Jet Airways,Delhi,Cochin,1 stop,1010.0,6,9,2019,19,45,6,10,2019,12,35
Jet Airways,Kolkata,Banglore,1 stop,1025.0,6,6,2019,18,55,6,7,2019,12,0
Air India,Chennai,Kolkata,non-stop,135.0,21,5,2019,11,40,21,5,2019,13,55
Air Asia,Banglore,Delhi,non-stop,170.0,27,4,2019,23,55,28,4,2019,2,45
IndiGo,Delhi,Cochin,1 stop,425.0,6,3,2019,5,5,6,3,2019,12,10
Jet Airways,Delhi,Cochin,1 stop,1570.0,5,9,2019,2,15,5,10,2019,4,25
Air India,Kolkata,Banglore,2 stops,1700.0,24,5,2019,9,25,25,5,2019,13,45
Jet Airways,Delhi,Cochin,1 stop,395.0,27,5,2019,21,50,28,5,2019,4,25
Multiple carriers,Delhi,Cochin,1 stop,660.0,6,3,2019,10,0,6,3,2019,21,0
Jet Airways,Kolkata,Banglore,1 stop,1660.0,4,1,2019,18,55,4,2,2019,22,35
Jet Airways,Banglore,Delhi,non-stop,180.0,5,6,2019,7,10,5,6,2019,10,10
Jet Airways,Delhi,Cochin,1 stop,600.0,27,6,2019,9,0,27,6,2019,19,0
IndiGo,Chennai,Kolkata,non-stop,140.0,18,6,2019,7,55,18,6,2019,10,15
IndiGo,Kolkata,Banglore,non-stop,150.0,4,9,2019,15,15,4,9,2019,17,45
Air India,Banglore,Delhi,1 stop,865.0,3,12,2019,8,50,3,12,2019,23,15
Jet Airways,Kolkata,Banglore,1 stop,1720.0,6,12,2019,18,55,13,6,2019,23,35
Jet Airways,Kolkata,Banglore,1 stop,425.0,4,1,2019,16,30,4,1,2019,23,35
Jet Airways,Delhi,Cochin,1 stop,655.0,6,3,2019,17,30,6,4,2019,4,25
Jet Airways,Banglore,Delhi,non-stop,180.0,5,3,2019,19,50,5,3,2019,22,50
IndiGo,Chennai,Kolkata,non-stop,145.0,6,1,2019,5,15,6,1,2019,7,40
Air India,Kolkata,Banglore,2 stops,920.0,21,5,2019,10,0,22,5,2019,1,20
SpiceJet,Kolkata,Banglore,non-stop,140.0,5,6,2019,22,20,5,7,2019,0,40
SpiceJet,Mumbai,Hyderabad,non-stop,90.0,5,1,2019,22,45,5,2,2019,0,15
Jet Airways,Kolkata,Banglore,1 stop,1430.0,6,6,2019,20,0,6,7,2019,19,50
IndiGo,Banglore,Delhi,non-stop,175.0,24,6,2019,7,10,24,6,2019,10,5
Jet Airways,Banglore,Delhi,non-stop,180.0,21,5,2019,19,50,21,5,2019,22,50
Jet Airways,Mumbai,Hyderabad,non-stop,85.0,6,12,2019,7,5,6,12,2019,8,30
IndiGo,Banglore,Delhi,non-stop,170.0,6,9,2019,20,0,6,9,2019,22,50
Jet Airways,Banglore,Delhi,non-stop,180.0,6,12,2019,7,10,6,12,2019,10,10
IndiGo,Delhi,Cochin,1 stop,345.0,21,3,2019,2,0,21,3,2019,7,45
GoAir,Banglore,Delhi,non-stop,170.0,21,6,2019,11,40,21,6,2019,14,30
SpiceJet,Kolkata,Banglore,non-stop,150.0,5,9,2019,17,10,5,9,2019,19,40
SpiceJet,Kolkata,Banglore,1 stop,330.0,4,1,2019,15,55,4,1,2019,21,25
Jet Airways,Banglore,Delhi,1 stop,280.0,3,9,2019,5,45,3,9,2019,10,25
Multiple carriers,Delhi,Cochin,1 stop,915.0,3,3,2019,7,5,3,3,2019,22,20
Jet Airways,Delhi,Cochin,2 stops,1380.0,3,6,2019,5,25,3,7,2019,4,25
SpiceJet,Banglore,Delhi,non-stop,175.0,4,1,2019,21,10,4,2,2019,0,5
Multiple carriers,Delhi,Cochin,1 stop,660.0,21,5,2019,10,0,21,5,2019,21,0
Air India,Banglore,Delhi,non-stop,170.0,24,6,2019,21,5,24,6,2019,23,55
IndiGo,Kolkata,Banglore,1 stop,265.0,24,5,2019,19,20,24,5,2019,23,45
Air India,Kolkata,Banglore,2 stops,1100.0,5,12,2019,7,0,13,5,2019,1,20
Vistara,Delhi,Cochin,non-stop,190.0,4,1,2019,14,40,4,1,2019,17,50
Air India,Delhi,Cochin,non-stop,170.0,27,3,2019,5,10,27,3,2019,8,0
IndiGo,Banglore,Delhi,non-stop,170.0,4,3,2019,10,10,4,3,2019,13,0
Air India,Delhi,Cochin,1 stop,615.0,21,5,2019,9,0,21,5,2019,19,15
Jet Airways,Banglore,Delhi,1 stop,490.0,3,1,2019,8,0,3,1,2019,16,10
Multiple carriers,Delhi,Cochin,1 stop,615.0,27,6,2019,8,45,27,6,2019,19,0
Jet Airways,Kolkata,Banglore,1 stop,1630.0,18,5,2019,20,25,19,5,2019,23,35
Jet Airways,Delhi,Cochin,2 stops,2315.0,27,3,2019,5,10,28,3,2019,19,45
IndiGo,Kolkata,Banglore,non-stop,155.0,6,3,2019,9,35,6,3,2019,12,10
SpiceJet,Chennai,Kolkata,non-stop,155.0,3,12,2019,9,30,3,12,2019,12,5
IndiGo,Delhi,Cochin,1 stop,500.0,6,9,2019,17,10,6,10,2019,1,30
Multiple carriers,Delhi,Cochin,3 stops,565.0,3,6,2019,11,35,3,6,2019,21,0
Vistara,Banglore,Delhi,non-stop,155.0,18,3,2019,16,0,18,3,2019,18,35
Multiple carriers,Delhi,Cochin,1 stop,630.0,18,5,2019,15,0,19,5,2019,1,30
Air India,Kolkata,Banglore,2 stops,1830.0,5,6,2019,12,0,5,7,2019,18,30
Multiple carriers,Delhi,Cochin,1 stop,695.0,21,3,2019,14,0,22,3,2019,1,35
Air India,Kolkata,Banglore,2 stops,1625.0,6,12,2019,5,50,13,6,2019,8,55
Jet Airways,Kolkata,Banglore,1 stop,585.0,24,3,2019,8,25,24,3,2019,18,10
Jet Airways,Kolkata,Banglore,1 stop,590.0,5,12,2019,6,30,5,12,2019,16,20
Air India,Delhi,Cochin,1 stop,555.0,6,12,2019,10,0,6,12,2019,19,15
IndiGo,Banglore,Delhi,non-stop,170.0,21,4,2019,10,10,21,4,2019,13,0
IndiGo,Banglore,Delhi,non-stop,175.0,24,4,2019,18,55,24,4,2019,21,50
GoAir,Delhi,Cochin,1 stop,310.0,24,6,2019,14,25,24,6,2019,19,35
Jet Airways,Banglore,Delhi,non-stop,180.0,21,6,2019,8,20,21,6,2019,11,20
Jet Airways,Banglore,Delhi,1 stop,965.0,3,1,2019,16,55,3,2,2019,9,0
Jet Airways,Kolkata,Banglore,1 stop,590.0,5,6,2019,6,30,5,6,2019,16,20
Air India,Mumbai,Hyderabad,non-stop,80.0,18,5,2019,6,20,18,5,2019,7,40
IndiGo,Kolkata,Banglore,non-stop,155.0,5,12,2019,17,15,5,12,2019,19,50
Jet Airways,Banglore,Delhi,1 stop,365.0,18,3,2019,16,55,18,3,2019,23,0
Jet Airways,Delhi,Cochin,2 stops,1125.0,21,5,2019,9,40,22,5,2019,4,25
IndiGo,Delhi,Cochin,1 stop,305.0,3,9,2019,2,5,3,9,2019,7,10
IndiGo,Banglore,Delhi,non-stop,170.0,15,6,2019,13,0,15,6,2019,15,50
Multiple carriers,Delhi,Cochin,1 stop,630.0,15,5,2019,8,30,15,5,2019,19,0
Multiple carriers,Delhi,Cochin,1 stop,835.0,15,6,2019,7,5,15,6,2019,21,0
IndiGo,Kolkata,Banglore,1 stop,330.0,5,1,2019,7,10,5,1,2019,12,40
IndiGo,Banglore,Delhi,non-stop,165.0,5,6,2019,6,5,5,6,2019,8,50
Jet Airways,Delhi,Cochin,1 stop,1530.0,27,5,2019,17,30,28,5,2019,19,0
Multiple carriers,Delhi,Cochin,1 stop,660.0,6,1,2019,10,0,6,1,2019,21,0
Jet Airways,Banglore,Delhi,1 stop,570.0,3,1,2019,8,55,3,1,2019,18,25
Jet Airways,Banglore,Delhi,1 stop,625.0,3,6,2019,8,0,3,6,2019,18,25
Air India,Banglore,Delhi,non-stop,165.0,5,12,2019,17,0,5,12,2019,19,45
Jet Airways,Mumbai,Hyderabad,non-stop,90.0,24,3,2019,10,20,24,3,2019,11,50
Air India,Banglore,Delhi,non-stop,165.0,5,12,2019,10,0,5,12,2019,12,45
IndiGo,Mumbai,Hyderabad,non-stop,85.0,21,3,2019,19,5,21,3,2019,20,30
Jet Airways,Delhi,Cochin,1 stop,1225.0,21,3,2019,8,0,22,3,2019,4,25
Jet Airways,Delhi,Cochin,1 stop,395.0,6,3,2019,21,50,6,4,2019,4,25
IndiGo,Delhi,Cochin,1 stop,965.0,5,9,2019,4,55,5,9,2019,21,0
Multiple carriers,Delhi,Cochin,1 stop,385.0,27,6,2019,12,50,27,6,2019,19,15
Jet Airways,Kolkata,Banglore,1 stop,960.0,5,6,2019,20,0,5,7,2019,12,0
Jet Airways,Kolkata,Banglore,1 stop,850.0,18,5,2019,8,25,18,5,2019,22,35
Jet Airways,Banglore,Delhi,non-stop,175.0,6,9,2019,15,15,6,9,2019,18,10
IndiGo,Delhi,Cochin,1 stop,625.0,3,6,2019,11,55,3,6,2019,22,20
Multiple carriers,Delhi,Cochin,1 stop,385.0,15,5,2019,12,50,15,5,2019,19,15
Multiple carriers,Delhi,Cochin,1 stop,465.0,4,9,2019,17,45,4,10,2019,1,30
Multiple carriers,Delhi,Cochin,1 stop,840.0,3,6,2019,7,0,3,6,2019,21,0
Air India,Delhi,Cochin,1 stop,1535.0,24,6,2019,5,15,25,6,2019,6,50
Air India,Kolkata,Banglore,2 stops,1840.0,24,5,2019,5,50,25,5,2019,12,30
Air India,Delhi,Cochin,1 stop,675.0,6,1,2019,8,0,6,1,2019,19,15
Jet Airways,Banglore,Delhi,1 stop,495.0,15,3,2019,7,0,15,3,2019,15,15
SpiceJet,Kolkata,Banglore,non-stop,140.0,4,9,2019,22,20,4,10,2019,0,40
Multiple carriers,Delhi,Cochin,1 stop,435.0,27,6,2019,18,15,28,6,2019,1,30
IndiGo,Chennai,Kolkata,non-stop,140.0,18,5,2019,7,55,18,5,2019,10,15
Multiple carriers,Delhi,Cochin,1 stop,705.0,18,5,2019,7,30,18,5,2019,19,15
Air India,Kolkata,Banglore,2 stops,1100.0,24,5,2019,7,0,25,5,2019,1,20
Air India,Delhi,Cochin,2 stops,1490.0,24,6,2019,6,50,25,6,2019,7,40
Jet Airways,Delhi,Cochin,1 stop,1570.0,27,5,2019,2,15,28,5,2019,4,25
Air India,Chennai,Kolkata,non-stop,135.0,3,12,2019,11,40,3,12,2019,13,55
Jet Airways,Delhi,Cochin,2 stops,1195.0,27,6,2019,23,5,28,6,2019,19,0
IndiGo,Delhi,Cochin,non-stop,195.0,6,12,2019,21,5,13,6,2019,0,20
Air India,Kolkata,Banglore,2 stops,1200.0,24,5,2019,9,25,25,5,2019,5,25
Multiple carriers,Delhi,Cochin,1 stop,385.0,24,6,2019,9,45,24,6,2019,16,10
Air India,Banglore,Delhi,non-stop,170.0,18,6,2019,17,0,18,6,2019,19,50
Jet Airways,Delhi,Cochin,1 stop,1295.0,6,9,2019,15,0,6,10,2019,12,35
SpiceJet,Banglore,Delhi,non-stop,160.0,4,12,2019,5,55,4,12,2019,8,35
Vistara,Chennai,Kolkata,non-stop,135.0,27,5,2019,7,5,27,5,2019,9,20
Multiple carriers,Delhi,Cochin,1 stop,435.0,15,5,2019,18,15,16,5,2019,1,30
Multiple carriers,Delhi,Cochin,1 stop,465.0,3,6,2019,11,30,3,6,2019,19,15
Jet Airways,Mumbai,Hyderabad,2 stops,1590.0,3,6,2019,14,20,3,7,2019,16,50
Jet Airways,Delhi,Cochin,1 stop,650.0,3,3,2019,8,0,3,3,2019,18,50
Jet Airways,Kolkata,Banglore,1 stop,1330.0,6,9,2019,6,30,6,10,2019,4,40
Jet Airways,Kolkata,Banglore,1 stop,810.0,24,3,2019,19,45,25,3,2019,9,15
IndiGo,Delhi,Cochin,1 stop,705.0,6,1,2019,9,15,6,1,2019,21,0
IndiGo,Banglore,Delhi,non-stop,170.0,4,12,2019,20,0,4,12,2019,22,50
Vistara,Kolkata,Banglore,1 stop,765.0,5,12,2019,20,20,13,5,2019,9,5
IndiGo,Kolkata,Banglore,non-stop,155.0,3,1,2019,14,20,3,1,2019,16,55
Jet Airways,Delhi,Cochin,1 stop,885.0,24,6,2019,21,50,25,6,2019,12,35
Jet Airways,Kolkata,Banglore,1 stop,570.0,5,6,2019,14,5,5,6,2019,23,35
IndiGo,Delhi,Cochin,1 stop,975.0,3,9,2019,4,45,3,9,2019,21,0
Multiple carriers,Delhi,Cochin,1 stop,455.0,24,6,2019,14,55,24,6,2019,22,30
Jet Airways,Delhi,Cochin,2 stops,1430.0,27,5,2019,19,10,28,5,2019,19,0
Air India,Delhi,Cochin,2 stops,1275.0,3,9,2019,22,0,3,10,2019,19,15
Multiple carriers,Delhi,Cochin,1 stop,720.0,27,3,2019,9,0,27,3,2019,21,0
SpiceJet,Banglore,Delhi,non-stop,175.0,21,3,2019,9,35,21,3,2019,12,30
Jet Airways,Delhi,Cochin,1 stop,1270.0,6,9,2019,21,50,6,10,2019,19,0
Jet Airways,Kolkata,Banglore,1 stop,1075.0,5,6,2019,17,0,5,7,2019,10,55
IndiGo,Delhi,Cochin,1 stop,300.0,6,3,2019,16,0,6,3,2019,21,0
Jet Airways,Banglore,Delhi,non-stop,175.0,27,5,2019,15,15,27,5,2019,18,10
IndiGo,Mumbai,Hyderabad,non-stop,90.0,27,5,2019,9,10,27,5,2019,10,40
Multiple carriers,Delhi,Cochin,1 stop,840.0,6,6,2019,11,30,6,7,2019,1,30
Vistara,Banglore,Delhi,non-stop,170.0,27,4,2019,11,30,27,4,2019,14,20
IndiGo,Kolkata,Banglore,non-stop,155.0,27,6,2019,11,30,27,6,2019,14,5
IndiGo,Delhi,Cochin,1 stop,890.0,27,3,2019,10,45,28,3,2019,1,35
SpiceJet,Mumbai,Hyderabad,non-stop,90.0,24,6,2019,13,15,24,6,2019,14,45
Air India,Delhi,Cochin,2 stops,500.0,6,1,2019,10,55,6,1,2019,19,15
Multiple carriers,Delhi,Cochin,1 stop,585.0,6,6,2019,9,15,6,6,2019,19,0
Jet Airways,Delhi,Cochin,1 stop,540.0,27,5,2019,10,0,27,5,2019,19,0
Jet Airways,Banglore,Delhi,non-stop,180.0,5,1,2019,7,10,5,1,2019,10,10
Air Asia,Kolkata,Banglore,non-stop,155.0,15,3,2019,10,20,15,3,2019,12,55
Vistara,Banglore,Delhi,non-stop,170.0,6,6,2019,9,45,6,6,2019,12,35
Multiple carriers,Delhi,Cochin,1 stop,675.0,15,5,2019,8,0,15,5,2019,19,15
IndiGo,Kolkata,Banglore,1 stop,220.0,24,5,2019,19,35,24,5,2019,23,15
IndiGo,Mumbai,Hyderabad,non-stop,90.0,6,3,2019,1,40,6,3,2019,3,10
Jet Airways,Delhi,Cochin,1 stop,1570.0,21,5,2019,2,15,22,5,2019,4,25
Jet Airways,Kolkata,Banglore,1 stop,450.0,24,5,2019,21,10,25,5,2019,4,40
Jet Airways,Delhi,Cochin,1 stop,1485.0,27,5,2019,18,15,28,5,2019,19,0
SpiceJet,Kolkata,Banglore,non-stop,150.0,27,3,2019,9,0,27,3,2019,11,30
SpiceJet,Banglore,Delhi,non-stop,175.0,15,4,2019,21,10,16,4,2019,0,5
Jet Airways,Delhi,Cochin,1 stop,1425.0,27,5,2019,19,15,28,5,2019,19,0
Air India,Kolkata,Banglore,1 stop,1435.0,6,12,2019,20,30,13,6,2019,20,25
IndiGo,Mumbai,Hyderabad,non-stop,90.0,15,6,2019,6,25,15,6,2019,7,55
Multiple carriers,Delhi,Cochin,1 stop,490.0,27,5,2019,12,50,27,5,2019,21,0
Multiple carriers,Delhi,Cochin,2 stops,855.0,3,3,2019,7,5,3,3,2019,21,20
Multiple carriers,Delhi,Cochin,1 stop,455.0,24,6,2019,11,40,24,6,2019,19,15
IndiGo,Chennai,Kolkata,non-stop,140.0,3,3,2019,5,15,3,3,2019,7,35
Jet Airways,Banglore,Delhi,1 stop,670.0,3,6,2019,8,0,3,6,2019,19,10
Jet Airways,Delhi,Cochin,1 stop,520.0,24,6,2019,19,45,25,6,2019,4,25
Jet Airways,Kolkata,Banglore,1 stop,585.0,4,1,2019,18,55,4,2,2019,4,40
Vistara,Delhi,Cochin,non-stop,190.0,15,6,2019,14,40,15,6,2019,17,50
Jet Airways,Delhi,Cochin,2 stops,1195.0,5,9,2019,23,5,5,10,2019,19,0
IndiGo,Delhi,Cochin,1 stop,415.0,27,6,2019,18,35,28,6,2019,1,30
SpiceJet,Chennai,Kolkata,non-stop,135.0,6,6,2019,9,45,6,6,2019,12,0
Air India,Mumbai,Hyderabad,2 stops,845.0,3,6,2019,9,40,3,6,2019,23,45
Vistara,Kolkata,Banglore,1 stop,1625.0,6,9,2019,20,20,6,10,2019,23,25
Vistara,Banglore,Delhi,non-stop,160.0,3,9,2019,11,30,3,9,2019,14,10
Jet Airways,Banglore,Delhi,non-stop,175.0,27,5,2019,11,10,27,5,2019,14,5
SpiceJet,Chennai,Kolkata,non-stop,140.0,6,9,2019,17,45,6,9,2019,20,5
Air India,Delhi,Cochin,1 stop,375.0,15,5,2019,13,0,15,5,2019,19,15
Jet Airways,Delhi,Cochin,1 stop,1325.0,18,5,2019,20,55,19,5,2019,19,0
IndiGo,Kolkata,Banglore,non-stop,155.0,3,6,2019,14,20,3,6,2019,16,55
Air Asia,Kolkata,Banglore,1 stop,220.0,4,9,2019,6,50,4,9,2019,10,30
SpiceJet,Mumbai,Hyderabad,non-stop,90.0,5,9,2019,5,45,5,9,2019,7,15
Multiple carriers,Delhi,Cochin,1 stop,705.0,27,3,2019,7,30,27,3,2019,19,15
Air India,Delhi,Cochin,1 stop,765.0,27,6,2019,20,40,28,6,2019,9,25
Air India,Kolkata,Banglore,1 stop,795.0,5,9,2019,10,0,5,9,2019,23,15
Jet Airways,Delhi,Cochin,1 stop,745.0,27,3,2019,16,0,28,3,2019,4,25
Jet Airways,Kolkata,Banglore,1 stop,800.0,18,5,2019,18,55,19,5,2019,8,15
IndiGo,Mumbai,Hyderabad,non-stop,90.0,5,1,2019,6,25,5,1,2019,7,55
Jet Airways,Kolkata,Banglore,1 stop,1570.0,6,6,2019,17,0,6,7,2019,19,10
Jet Airways,Delhi,Cochin,2 stops,800.0,21,3,2019,5,30,21,3,2019,18,50
IndiGo,Delhi,Cochin,1 stop,810.0,24,5,2019,7,30,24,5,2019,21,0
Air India,Kolkata,Banglore,non-stop,155.0,15,5,2019,20,45,15,5,2019,23,20
Jet Airways,Kolkata,Banglore,1 stop,730.0,5,6,2019,21,10,5,7,2019,9,20
Jet Airways,Banglore,Delhi,non-stop,165.0,4,6,2019,6,0,4,6,2019,8,45
Air India,Kolkata,Banglore,2 stops,970.0,5,6,2019,16,45,5,7,2019,8,55
Air India,Kolkata,Banglore,1 stop,960.0,24,3,2019,20,30,25,3,2019,12,30
IndiGo,Banglore,Delhi,non-stop,170.0,24,3,2019,23,30,25,3,2019,2,20
Air India,Banglore,Delhi,2 stops,1705.0,18,3,2019,6,45,19,3,2019,11,10
IndiGo,Kolkata,Banglore,1 stop,325.0,5,9,2019,18,5,5,9,2019,23,30
Air India,Delhi,Cochin,2 stops,1580.0,3,6,2019,7,5,3,7,2019,9,25
Air India,Kolkata,Banglore,non-stop,155.0,3,6,2019,20,45,3,6,2019,23,20
IndiGo,Delhi,Cochin,2 stops,565.0,3,6,2019,11,55,3,6,2019,21,20
Jet Airways,Delhi,Cochin,2 stops,2045.0,3,3,2019,18,20,3,5,2019,4,25
SpiceJet,Mumbai,Hyderabad,non-stop,90.0,5,6,2019,13,15,5,6,2019,14,45
Air India,Kolkata,Banglore,1 stop,1350.0,21,5,2019,9,25,22,5,2019,7,55
Jet Airways,Banglore,Delhi,1 stop,375.0,3,12,2019,9,45,3,12,2019,16,0
Jet Airways,Delhi,Cochin,1 stop,715.0,18,5,2019,7,5,18,5,2019,19,0
Multiple carriers,Delhi,Cochin,1 stop,465.0,5,9,2019,11,30,5,9,2019,19,15
IndiGo,Mumbai,Hyderabad,non-stop,90.0,6,3,2019,12,0,6,3,2019,13,30
Multiple carriers,Delhi,Cochin,1 stop,750.0,6,1,2019,13,0,6,2,2019,1,30
Jet Airways,Kolkata,Banglore,1 stop,1500.0,5,9,2019,17,0,5,10,2019,18,0
SpiceJet,Banglore,Delhi,non-stop,160.0,27,6,2019,5,55,27,6,2019,8,35
Vistara,Kolkata,Banglore,1 stop,1350.0,21,5,2019,20,20,22,5,2019,18,50
Air India,Mumbai,Hyderabad,non-stop,90.0,3,3,2019,13,55,3,3,2019,15,25
Vistara,Banglore,Delhi,non-stop,170.0,4,9,2019,21,0,4,9,2019,23,50
IndiGo,Delhi,Cochin,1 stop,845.0,21,3,2019,11,30,22,3,2019,1,35
Multiple carriers,Delhi,Cochin,1 stop,395.0,3,9,2019,19,0,3,10,2019,1,35
Jet Airways,Delhi,Cochin,1 stop,520.0,27,3,2019,19,45,28,3,2019,4,25
Jet Airways,Kolkata,Banglore,1 stop,685.0,21,5,2019,8,25,21,5,2019,19,50
Multiple carriers,Delhi,Cochin,1 stop,690.0,3,3,2019,4,0,3,3,2019,15,30
Air Asia,Kolkata,Banglore,1 stop,720.0,6,9,2019,22,40,6,10,2019,10,40
Jet Airways,Kolkata,Banglore,1 stop,585.0,18,5,2019,18,55,19,5,2019,4,40
Jet Airways,Banglore,Delhi,non-stop,165.0,21,4,2019,6,0,21,4,2019,8,45
Air India,Delhi,Cochin,non-stop,170.0,3,3,2019,5,10,3,3,2019,8,0
Multiple carriers,Delhi,Cochin,1 stop,675.0,6,6,2019,8,0,6,6,2019,19,15
Multiple carriers,Delhi,Cochin,1 stop,690.0,6,1,2019,7,30,6,1,2019,19,0
Air India,Delhi,Cochin,2 stops,1560.0,15,5,2019,17,15,16,5,2019,19,15
SpiceJet,Banglore,Delhi,non-stop,175.0,18,4,2019,21,10,19,4,2019,0,5
Jet Airways,Delhi,Cochin,1 stop,395.0,18,5,2019,21,50,19,5,2019,4,25
Multiple carriers,Delhi,Cochin,1 stop,520.0,27,5,2019,10,20,27,5,2019,19,0
Jet Airways,Delhi,Cochin,2 stops,2525.0,21,3,2019,10,20,23,3,2019,4,25
SpiceJet,Delhi,Cochin,1 stop,380.0,15,6,2019,15,45,15,6,2019,22,5
Air India,Mumbai,Hyderabad,non-stop,90.0,6,1,2019,13,55,6,1,2019,15,25
SpiceJet,Kolkata,Banglore,non-stop,145.0,6,1,2019,9,0,6,1,2019,11,25
IndiGo,Kolkata,Banglore,1 stop,315.0,21,5,2019,21,0,22,5,2019,2,15
GoAir,Banglore,Delhi,non-stop,170.0,27,6,2019,11,40,27,6,2019,14,30
SpiceJet,Kolkata,Banglore,non-stop,150.0,18,4,2019,17,10,18,4,2019,19,40
Air Asia,Banglore,Delhi,non-stop,170.0,27,6,2019,23,55,28,6,2019,2,45
Jet Airways,Banglore,Delhi,non-stop,185.0,21,5,2019,18,55,21,5,2019,22,0
Jet Airways,Kolkata,Banglore,1 stop,1630.0,5,6,2019,20,25,5,7,2019,23,35
Jet Airways,Kolkata,Banglore,1 stop,1500.0,5,9,2019,17,0,5,10,2019,18,0
Multiple carriers,Delhi,Cochin,1 stop,760.0,18,5,2019,12,50,19,5,2019,1,30
Air Asia,Banglore,Delhi,non-stop,170.0,3,3,2019,5,50,3,3,2019,8,40
Air India,Delhi,Cochin,1 stop,1420.0,27,3,2019,9,45,28,3,2019,9,25
Jet Airways,Kolkata,Banglore,1 stop,685.0,5,12,2019,8,25,5,12,2019,19,50
Jet Airways,Delhi,Cochin,1 stop,925.0,6,9,2019,13,0,6,10,2019,4,25
Jet Airways,Kolkata,Banglore,1 stop,365.0,6,12,2019,16,30,6,12,2019,22,35
IndiGo,Delhi,Cochin,2 stops,985.0,3,3,2019,4,55,3,3,2019,21,20
Air India,Kolkata,Banglore,2 stops,1185.0,18,5,2019,16,45,19,5,2019,12,30
Jet Airways,Mumbai,Hyderabad,non-stop,90.0,21,6,2019,19,35,21,6,2019,21,5
Air India,Delhi,Cochin,non-stop,180.0,27,5,2019,14,10,27,5,2019,17,10
Jet Airways,Delhi,Cochin,1 stop,450.0,27,6,2019,20,55,28,6,2019,4,25
Jet Airways,Delhi,Cochin,2 stops,1375.0,24,6,2019,5,30,25,6,2019,4,25
SpiceJet,Mumbai,Hyderabad,1 stop,495.0,3,6,2019,14,10,3,6,2019,22,25
GoAir,Banglore,Delhi,non-stop,165.0,6,3,2019,20,55,6,3,2019,23,40
IndiGo,Banglore,Delhi,non-stop,170.0,18,4,2019,13,0,18,4,2019,15,50
SpiceJet,Chennai,Kolkata,non-stop,135.0,6,9,2019,8,20,6,9,2019,10,35
IndiGo,Delhi,Cochin,1 stop,895.0,27,5,2019,10,35,28,5,2019,1,30
Jet Airways,Delhi,Cochin,1 stop,550.0,27,5,2019,19,15,28,5,2019,4,25
SpiceJet,Kolkata,Banglore,non-stop,150.0,24,4,2019,17,10,24,4,2019,19,40
SpiceJet,Banglore,Delhi,non-stop,160.0,4,1,2019,5,55,4,1,2019,8,35
Air India,Delhi,Cochin,2 stops,1820.0,6,9,2019,12,55,6,10,2019,19,15
Vistara,Banglore,Delhi,non-stop,165.0,6,12,2019,19,30,6,12,2019,22,15
Multiple carriers,Delhi,Cochin,1 stop,525.0,6,12,2019,3,50,6,12,2019,12,35
IndiGo,Delhi,Cochin,1 stop,750.0,18,5,2019,8,30,18,5,2019,21,0
Air India,Delhi,Cochin,non-stop,180.0,4,3,2019,14,10,4,3,2019,17,10
Jet Airways,Kolkata,Banglore,1 stop,1730.0,6,6,2019,9,35,6,7,2019,14,25
Jet Airways,Kolkata,Banglore,1 stop,740.0,6,9,2019,8,25,6,9,2019,20,45
Air India,Mumbai,Hyderabad,non-stop,80.0,4,3,2019,6,20,4,3,2019,7,40
Jet Airways,Banglore,Delhi,non-stop,175.0,18,4,2019,15,15,18,4,2019,18,10
GoAir,Banglore,Delhi,non-stop,175.0,15,3,2019,11,40,15,3,2019,14,35
Air India,Delhi,Cochin,2 stops,1245.0,27,5,2019,10,55,28,5,2019,7,40
Jet Airways,Delhi,Cochin,1 stop,1415.0,6,9,2019,13,0,6,10,2019,12,35
Jet Airways,Kolkata,Banglore,1 stop,405.0,24,3,2019,13,55,24,3,2019,20,40
IndiGo,Delhi,Cochin,1 stop,570.0,15,5,2019,16,0,16,5,2019,1,30
Air India,Kolkata,Banglore,2 stops,1200.0,5,6,2019,9,25,5,7,2019,5,25
Jet Airways,Delhi,Cochin,1 stop,925.0,27,3,2019,13,0,28,3,2019,4,25
Jet Airways,Banglore,Delhi,non-stop,165.0,15,5,2019,6,0,15,5,2019,8,45
Vistara,Banglore,Delhi,non-stop,175.0,18,3,2019,21,10,19,3,2019,0,5
Air India,Kolkata,Banglore,1 stop,965.0,24,3,2019,19,0,25,3,2019,11,5
Multiple carriers,Delhi,Cochin,1 stop,480.0,3,6,2019,7,30,3,6,2019,15,30
Jet Airways,Kolkata,Banglore,1 stop,435.0,6,12,2019,10,20,6,12,2019,17,35
Jet Airways,Kolkata,Banglore,1 stop,345.0,18,5,2019,11,50,18,5,2019,17,35
GoAir,Delhi,Cochin,1 stop,310.0,27,3,2019,14,10,27,3,2019,19,20
Air India,Banglore,Delhi,non-stop,165.0,6,9,2019,10,0,6,9,2019,12,45
IndiGo,Chennai,Kolkata,non-stop,140.0,5,1,2019,13,15,5,1,2019,15,35
IndiGo,Kolkata,Banglore,1 stop,265.0,4,6,2019,19,20,4,6,2019,23,45
Jet Airways,Delhi,Cochin,2 stops,1365.0,3,3,2019,5,40,3,4,2019,4,25
Air India,Kolkata,Banglore,2 stops,760.0,5,1,2019,9,10,5,1,2019,21,50
Air India,Delhi,Cochin,2 stops,1595.0,6,12,2019,16,40,13,6,2019,19,15
Multiple carriers,Delhi,Cochin,1 stop,915.0,21,3,2019,10,20,22,3,2019,1,35
GoAir,Banglore,Delhi,non-stop,175.0,6,12,2019,7,45,6,12,2019,10,40
Multiple carriers,Delhi,Cochin,1 stop,765.0,24,6,2019,9,45,24,6,2019,22,30
Vistara,Kolkata,Banglore,1 stop,930.0,5,1,2019,7,10,5,1,2019,22,40
GoAir,Banglore,Delhi,non-stop,165.0,27,4,2019,20,55,27,4,2019,23,40
Jet Airways,Kolkata,Banglore,1 stop,1285.0,6,6,2019,17,0,6,7,2019,14,25
Air India,Delhi,Cochin,2 stops,1180.0,18,5,2019,12,0,19,5,2019,7,40
Multiple carriers,Delhi,Cochin,3 stops,565.0,15,5,2019,11,35,15,5,2019,21,0
Air India,Delhi,Cochin,non-stop,185.0,18,6,2019,18,5,18,6,2019,21,10
Air Asia,Kolkata,Banglore,non-stop,150.0,4,9,2019,19,55,4,9,2019,22,25
IndiGo,Mumbai,Hyderabad,non-stop,90.0,6,9,2019,6,25,6,9,2019,7,55
IndiGo,Delhi,Cochin,1 stop,425.0,3,3,2019,8,25,3,3,2019,15,30
Air Asia,Banglore,Delhi,non-stop,170.0,6,3,2019,23,55,6,4,2019,2,45
Jet Airways,Kolkata,Banglore,1 stop,750.0,6,6,2019,9,35,6,6,2019,22,5
GoAir,Banglore,Delhi,non-stop,175.0,27,6,2019,7,45,27,6,2019,10,40
Jet Airways,Delhi,Cochin,2 stops,1620.0,6,3,2019,9,35,6,4,2019,12,35
Jet Airways,Kolkata,Banglore,1 stop,1335.0,24,5,2019,20,0,25,5,2019,18,15
IndiGo,Kolkata,Banglore,non-stop,155.0,6,1,2019,4,40,6,1,2019,7,15
Air India,Mumbai,Hyderabad,1 stop,465.0,3,6,2019,16,0,3,6,2019,23,45
Air India,Mumbai,Hyderabad,1 stop,1345.0,3,12,2019,21,0,13,3,2019,19,25
IndiGo,Kolkata,Banglore,non-stop,165.0,6,12,2019,9,35,6,12,2019,12,20
Multiple carriers,Delhi,Cochin,1 stop,660.0,6,3,2019,8,0,6,3,2019,19,0
Multiple carriers,Delhi,Cochin,1 stop,755.0,27,3,2019,9,45,27,3,2019,22,20
IndiGo,Kolkata,Banglore,non-stop,160.0,27,6,2019,21,25,28,6,2019,0,5
Jet Airways,Banglore,Delhi,1 stop,690.0,3,12,2019,22,55,13,3,2019,10,25
Jet Airways,Mumbai,Hyderabad,non-stop,90.0,24,5,2019,19,35,24,5,2019,21,5
Air India,Delhi,Cochin,1 stop,705.0,3,9,2019,20,30,3,10,2019,8,15
Jet Airways,Banglore,Delhi,1 stop,980.0,3,12,2019,22,55,13,3,2019,15,15
Air India,Banglore,Delhi,non-stop,165.0,24,3,2019,10,0,24,3,2019,12,45
Jet Airways,Delhi,Cochin,2 stops,1125.0,24,6,2019,9,40,25,6,2019,4,25
Jet Airways,Delhi,Cochin,1 stop,300.0,6,12,2019,14,0,6,12,2019,19,0
Air India,Banglore,Delhi,2 stops,1375.0,3,12,2019,17,25,13,3,2019,16,20
Multiple carriers,Delhi,Cochin,1 stop,585.0,27,6,2019,9,15,27,6,2019,19,0
IndiGo,Delhi,Cochin,1 stop,860.0,27,3,2019,6,40,27,3,2019,21,0
Jet Airways,Kolkata,Banglore,1 stop,1150.0,5,6,2019,21,10,5,7,2019,16,20
Jet Airways,Kolkata,Banglore,1 stop,685.0,6,9,2019,8,25,6,9,2019,19,50
IndiGo,Kolkata,Banglore,non-stop,155.0,4,1,2019,17,15,4,1,2019,19,50
Vistara,Banglore,Delhi,non-stop,170.0,6,12,2019,21,0,6,12,2019,23,50
Multiple carriers Premium economy,Delhi,Cochin,1 stop,440.0,21,3,2019,6,0,21,3,2019,13,20
IndiGo,Delhi,Cochin,1 stop,315.0,27,6,2019,7,15,27,6,2019,12,30
Air India,Kolkata,Banglore,2 stops,1210.0,6,9,2019,9,25,6,10,2019,5,35
Jet Airways,Delhi,Cochin,2 stops,535.0,6,3,2019,19,30,6,4,2019,4,25
Air Asia,Delhi,Cochin,1 stop,865.0,5,9,2019,16,45,5,10,2019,7,10
SpiceJet,Kolkata,Banglore,non-stop,150.0,24,6,2019,17,10,24,6,2019,19,40
Jet Airways,Kolkata,Banglore,1 stop,575.0,6,12,2019,9,35,6,12,2019,19,10
IndiGo,Delhi,Cochin,1 stop,355.0,3,9,2019,2,35,3,9,2019,8,30
IndiGo,Delhi,Cochin,1 stop,305.0,21,5,2019,23,30,22,5,2019,4,35
Jet Airways,Delhi,Cochin,1 stop,1015.0,27,3,2019,11,30,28,3,2019,4,25
Jet Airways,Kolkata,Banglore,1 stop,775.0,5,1,2019,21,10,5,2,2019,10,5
SpiceJet,Banglore,Delhi,non-stop,170.0,3,9,2019,20,30,3,9,2019,23,20
Air India,Delhi,Cochin,2 stops,1560.0,6,1,2019,17,15,6,2,2019,19,15
SpiceJet,Mumbai,Hyderabad,non-stop,90.0,4,1,2019,13,15,4,1,2019,14,45
Jet Airways,Delhi,Cochin,non-stop,195.0,4,6,2019,11,0,4,6,2019,14,15
SpiceJet,Mumbai,Hyderabad,non-stop,90.0,27,6,2019,5,45,27,6,2019,7,15
GoAir,Delhi,Cochin,1 stop,540.0,27,4,2019,10,35,27,4,2019,19,35
IndiGo,Delhi,Cochin,1 stop,860.0,15,6,2019,6,40,15,6,2019,21,0
GoAir,Delhi,Cochin,1 stop,350.0,27,3,2019,7,0,27,3,2019,12,50
SpiceJet,Delhi,Cochin,1 stop,380.0,21,5,2019,15,45,21,5,2019,22,5
IndiGo,Delhi,Cochin,1 stop,315.0,15,6,2019,7,15,15,6,2019,12,30
SpiceJet,Banglore,Delhi,1 stop,475.0,3,3,2019,10,20,3,3,2019,18,15
Multiple carriers,Delhi,Cochin,1 stop,830.0,5,9,2019,11,40,5,10,2019,1,30
Multiple carriers,Delhi,Cochin,1 stop,645.0,18,5,2019,8,30,18,5,2019,19,15
IndiGo,Banglore,Delhi,non-stop,180.0,24,3,2019,8,30,24,3,2019,11,30
IndiGo,Chennai,Kolkata,non-stop,140.0,18,3,2019,22,5,19,3,2019,0,25
Air India,Delhi,Cochin,2 stops,1595.0,6,6,2019,16,40,6,7,2019,19,15
Jet Airways,Banglore,Delhi,non-stop,175.0,4,9,2019,15,50,4,9,2019,18,45
IndiGo,Delhi,Cochin,1 stop,575.0,27,6,2019,11,25,27,6,2019,21,0
Jet Airways,Kolkata,Banglore,1 stop,575.0,4,1,2019,9,35,4,1,2019,19,10
Air India,Delhi,Cochin,2 stops,1275.0,6,12,2019,22,0,13,6,2019,19,15
SpiceJet,Banglore,Delhi,non-stop,160.0,27,6,2019,5,55,27,6,2019,8,35
Multiple carriers,Delhi,Cochin,1 stop,735.0,6,1,2019,8,45,6,1,2019,21,0
Jet Airways,Kolkata,Banglore,1 stop,590.0,24,3,2019,6,30,24,3,2019,16,20
Air India,Delhi,Cochin,2 stops,1490.0,3,6,2019,6,50,3,7,2019,7,40
IndiGo,Chennai,Kolkata,non-stop,140.0,5,1,2019,19,35,5,1,2019,21,55
IndiGo,Banglore,Delhi,non-stop,165.0,5,1,2019,1,30,5,1,2019,4,15
IndiGo,Kolkata,Banglore,1 stop,320.0,4,1,2019,15,10,4,1,2019,20,30
IndiGo,Delhi,Cochin,1 stop,275.0,27,5,2019,7,35,27,5,2019,12,10
Vistara,Chennai,Kolkata,non-stop,140.0,21,6,2019,17,45,21,6,2019,20,5
IndiGo,Chennai,Kolkata,non-stop,145.0,3,3,2019,11,35,3,3,2019,14,0
Multiple carriers,Delhi,Cochin,1 stop,935.0,21,3,2019,10,0,22,3,2019,1,35
Jet Airways,Kolkata,Banglore,1 stop,850.0,24,3,2019,8,25,24,3,2019,22,35
Jet Airways,Delhi,Cochin,2 stops,1460.0,15,6,2019,12,15,16,6,2019,12,35
Jet Airways,Kolkata,Banglore,1 stop,1485.0,6,9,2019,20,0,6,10,2019,20,45
Jet Airways,Kolkata,Banglore,1 stop,705.0,6,12,2019,6,30,6,12,2019,18,15
IndiGo,Delhi,Cochin,1 stop,895.0,27,6,2019,10,35,28,6,2019,1,30
IndiGo,Kolkata,Banglore,non-stop,165.0,24,3,2019,17,15,24,3,2019,20,0
Air India,Kolkata,Banglore,non-stop,155.0,15,6,2019,20,45,15,6,2019,23,20
Jet Airways,Kolkata,Banglore,1 stop,1430.0,18,5,2019,20,0,19,5,2019,19,50
Air India,Banglore,Delhi,non-stop,170.0,15,3,2019,13,20,15,3,2019,16,10
Jet Airways,Banglore,Delhi,non-stop,185.0,24,5,2019,18,55,24,5,2019,22,0
Jet Airways,Kolkata,Banglore,1 stop,1690.0,24,5,2019,14,5,25,5,2019,18,15
Multiple carriers,Delhi,Cochin,1 stop,535.0,21,5,2019,10,20,21,5,2019,19,15
Jet Airways,Kolkata,Banglore,1 stop,590.0,21,5,2019,8,25,21,5,2019,18,15
Jet Airways,Delhi,Cochin,2 stops,750.0,27,3,2019,6,20,27,3,2019,18,50
IndiGo,Banglore,Delhi,non-stop,170.0,15,3,2019,22,20,16,3,2019,1,10
IndiGo,Delhi,Cochin,1 stop,325.0,27,4,2019,2,0,27,4,2019,7,25
Multiple carriers,Delhi,Cochin,1 stop,840.0,18,5,2019,7,0,18,5,2019,21,0
IndiGo,Banglore,Delhi,non-stop,170.0,6,1,2019,13,0,6,1,2019,15,50
Jet Airways,Delhi,Cochin,1 stop,1395.0,6,9,2019,19,45,6,10,2019,19,0
IndiGo,Delhi,Cochin,1 stop,345.0,6,9,2019,21,50,6,10,2019,3,35
Air India,Banglore,Delhi,2 stops,980.0,3,1,2019,5,50,3,1,2019,22,10
SpiceJet,Chennai,Kolkata,non-stop,135.0,27,3,2019,8,20,27,3,2019,10,35
Jet Airways,Delhi,Cochin,2 stops,1390.0,27,6,2019,13,25,28,6,2019,12,35
Multiple carriers,Delhi,Cochin,1 stop,395.0,18,5,2019,6,0,18,5,2019,12,35
Multiple carriers,Delhi,Cochin,1 stop,735.0,6,3,2019,8,45,6,3,2019,21,0
Multiple carriers,Delhi,Cochin,1 stop,600.0,24,6,2019,9,15,24,6,2019,19,15
Jet Airways,Delhi,Cochin,1 stop,1005.0,24,6,2019,2,15,24,6,2019,19,0
IndiGo,Kolkata,Banglore,non-stop,155.0,27,3,2019,15,10,27,3,2019,17,45
IndiGo,Banglore,Delhi,1 stop,285.0,3,9,2019,16,50,3,9,2019,21,35
IndiGo,Kolkata,Banglore,non-stop,160.0,21,3,2019,21,25,22,3,2019,0,5
SpiceJet,Mumbai,Hyderabad,non-stop,90.0,6,12,2019,5,45,6,12,2019,7,15
Jet Airways,Kolkata,Banglore,1 stop,585.0,18,5,2019,18,55,19,5,2019,4,40
Multiple carriers,Delhi,Cochin,1 stop,765.0,15,6,2019,9,45,15,6,2019,22,30
Vistara,Kolkata,Banglore,1 stop,1595.0,24,3,2019,20,20,25,3,2019,22,55
Jet Airways,Kolkata,Banglore,1 stop,735.0,18,5,2019,20,0,19,5,2019,8,15
Jet Airways,Banglore,Delhi,non-stop,165.0,6,6,2019,6,0,6,6,2019,8,45
Jet Airways,Banglore,Delhi,1 stop,1135.0,3,6,2019,14,5,3,7,2019,9,0
Jet Airways,Mumbai,Hyderabad,non-stop,85.0,5,6,2019,7,5,5,6,2019,8,30
IndiGo,Banglore,Delhi,non-stop,170.0,6,12,2019,13,0,6,12,2019,15,50
IndiGo,Banglore,Delhi,non-stop,180.0,5,12,2019,21,15,13,5,2019,0,15
SpiceJet,Banglore,Delhi,1 stop,485.0,3,3,2019,15,35,3,3,2019,23,40
Jet Airways,Banglore,Delhi,1 stop,960.0,3,12,2019,7,0,3,12,2019,23,0
Air India,Banglore,Delhi,non-stop,165.0,27,4,2019,10,0,27,4,2019,12,45
SpiceJet,Mumbai,Hyderabad,non-stop,85.0,18,3,2019,22,45,19,3,2019,0,10
Jet Airways,Banglore,Delhi,1 stop,305.0,18,3,2019,14,5,18,3,2019,19,10
Jet Airways,Banglore,Delhi,1 stop,370.0,15,3,2019,22,55,16,3,2019,5,5
Multiple carriers,Delhi,Cochin,1 stop,660.0,27,3,2019,10,0,27,3,2019,21,0
IndiGo,Delhi,Cochin,1 stop,305.0,15,5,2019,23,30,16,5,2019,4,35
Jet Airways,Kolkata,Banglore,1 stop,665.0,6,9,2019,21,10,6,10,2019,8,15
Multiple carriers,Delhi,Cochin,1 stop,450.0,27,3,2019,8,0,27,3,2019,15,30
IndiGo,Kolkata,Banglore,non-stop,165.0,4,1,2019,9,35,4,1,2019,12,20
Jet Airways,Delhi,Cochin,1 stop,550.0,3,3,2019,19,15,3,4,2019,4,25
Jet Airways,Kolkata,Banglore,1 stop,1090.0,21,5,2019,14,5,22,5,2019,8,15
Multiple carriers,Delhi,Cochin,1 stop,375.0,18,5,2019,13,0,18,5,2019,19,15
Jet Airways,Kolkata,Banglore,1 stop,750.0,6,9,2019,9,35,6,9,2019,22,5
Multiple carriers,Delhi,Cochin,1 stop,615.0,6,6,2019,15,15,6,7,2019,1,30
Jet Airways,Kolkata,Banglore,1 stop,730.0,5,9,2019,16,30,5,10,2019,4,40
SpiceJet,Kolkata,Banglore,1 stop,435.0,5,9,2019,11,35,5,9,2019,18,50
Jet Airways,Delhi,Cochin,2 stops,1760.0,27,6,2019,23,5,29,6,2019,4,25
Jet Airways,Banglore,Delhi,1 stop,625.0,15,3,2019,8,0,15,3,2019,18,25
Jet Airways,Kolkata,Banglore,1 stop,585.0,6,6,2019,18,55,6,7,2019,4,40
Vistara,Kolkata,Banglore,1 stop,1350.0,6,9,2019,20,20,6,10,2019,18,50
Jet Airways,Kolkata,Banglore,1 stop,395.0,5,1,2019,17,0,5,1,2019,23,35
Jet Airways,Delhi,Cochin,2 stops,1475.0,3,6,2019,19,10,3,7,2019,19,45
Air India,Delhi,Cochin,2 stops,1100.0,15,5,2019,13,20,16,5,2019,7,40
Air India,Delhi,Cochin,1 stop,615.0,24,6,2019,9,0,24,6,2019,19,15
Air India,Kolkata,Banglore,1 stop,1435.0,6,9,2019,20,30,6,10,2019,20,25
GoAir,Delhi,Cochin,1 stop,355.0,21,5,2019,7,25,21,5,2019,13,20
Jet Airways,Delhi,Cochin,1 stop,745.0,27,3,2019,16,0,28,3,2019,4,25
IndiGo,Banglore,Delhi,non-stop,175.0,3,3,2019,20,0,3,3,2019,22,55
Jet Airways,Delhi,Cochin,1 stop,925.0,21,5,2019,13,0,22,5,2019,4,25
Multiple carriers,Delhi,Cochin,1 stop,690.0,6,1,2019,14,0,6,2,2019,1,30
Air India,Delhi,Cochin,1 stop,1350.0,3,1,2019,9,45,3,2,2019,8,15
Air India,Kolkata,Banglore,non-stop,155.0,5,3,2019,20,45,5,3,2019,23,20
IndiGo,Kolkata,Banglore,1 stop,265.0,4,3,2019,19,20,4,3,2019,23,45
Multiple carriers,Delhi,Cochin,1 stop,620.0,21,3,2019,15,15,22,3,2019,1,35
IndiGo,Delhi,Cochin,1 stop,635.0,3,6,2019,15,0,3,7,2019,1,35
Jet Airways,Delhi,Cochin,2 stops,910.0,5,9,2019,21,25,5,10,2019,12,35
Multiple carriers,Delhi,Cochin,1 stop,645.0,15,5,2019,8,30,15,5,2019,19,15
Multiple carriers,Delhi,Cochin,1 stop,515.0,3,9,2019,17,0,3,10,2019,1,35
Jet Airways,Delhi,Cochin,2 stops,1320.0,27,6,2019,14,35,28,6,2019,12,35
Multiple carriers,Delhi,Cochin,3 stops,835.0,15,5,2019,11,35,16,5,2019,1,30
IndiGo,Delhi,Cochin,non-stop,195.0,18,6,2019,14,20,18,6,2019,17,35
Jet Airways,Delhi,Cochin,2 stops,1620.0,6,3,2019,9,35,6,4,2019,12,35
Jet Airways,Banglore,Delhi,1 stop,1310.0,3,6,2019,11,40,3,7,2019,9,30
Multiple carriers,Delhi,Cochin,1 stop,440.0,21,3,2019,18,15,22,3,2019,1,35
Multiple carriers,Delhi,Cochin,1 stop,480.0,27,5,2019,17,30,28,5,2019,1,30
SpiceJet,Kolkata,Banglore,non-stop,150.0,15,3,2019,9,0,15,3,2019,11,30
Jet Airways,Banglore,Delhi,1 stop,1280.0,3,6,2019,14,5,3,7,2019,11,25
Air India,Delhi,Cochin,1 stop,1420.0,5,6,2019,9,45,5,7,2019,9,25
Jet Airways,Delhi,Cochin,2 stops,1775.0,5,9,2019,13,25,5,10,2019,19,0
Vistara,Banglore,Delhi,non-stop,165.0,27,5,2019,19,30,27,5,2019,22,15
Jet Airways,Kolkata,Banglore,1 stop,1430.0,4,1,2019,20,0,4,2,2019,19,50
Air India,Delhi,Cochin,2 stops,1275.0,6,9,2019,22,0,6,10,2019,19,15
Jet Airways,Mumbai,Hyderabad,non-stop,85.0,6,9,2019,2,55,6,9,2019,4,20
Jet Airways,Banglore,Delhi,1 stop,1165.0,3,6,2019,14,5,3,7,2019,9,30
Air India,Kolkata,Banglore,1 stop,375.0,6,12,2019,10,0,6,12,2019,16,15
SpiceJet,Kolkata,Banglore,non-stop,150.0,27,5,2019,17,10,27,5,2019,19,40
IndiGo,Chennai,Kolkata,non-stop,145.0,3,1,2019,14,40,3,1,2019,17,5
Jet Airways,Delhi,Cochin,1 stop,1655.0,4,1,2019,9,0,4,2,2019,12,35
Jet Airways,Kolkata,Banglore,1 stop,750.0,18,5,2019,9,35,18,5,2019,22,5
Multiple carriers,Delhi,Cochin,1 stop,510.0,6,9,2019,17,0,6,10,2019,1,30
Jet Airways,Delhi,Cochin,1 stop,715.0,4,9,2019,7,5,4,9,2019,19,0
IndiGo,Kolkata,Banglore,1 stop,325.0,6,12,2019,18,5,6,12,2019,23,30
IndiGo,Mumbai,Hyderabad,non-stop,90.0,3,1,2019,9,10,3,1,2019,10,40
Jet Airways,Banglore,Delhi,non-stop,180.0,27,6,2019,17,45,27,6,2019,20,45
IndiGo,Banglore,Delhi,non-stop,170.0,27,4,2019,4,0,27,4,2019,6,50
Jet Airways,Kolkata,Banglore,1 stop,690.0,6,6,2019,9,35,6,6,2019,21,5
Vistara,Banglore,Delhi,non-stop,155.0,6,3,2019,17,0,6,3,2019,19,35
Vistara,Banglore,Delhi,non-stop,170.0,5,6,2019,21,0,5,6,2019,23,50
IndiGo,Kolkata,Banglore,non-stop,155.0,24,3,2019,15,20,24,3,2019,17,55
Vistara,Chennai,Kolkata,non-stop,135.0,18,3,2019,7,5,18,3,2019,9,20
Air Asia,Banglore,Delhi,non-stop,170.0,27,5,2019,4,55,27,5,2019,7,45
Multiple carriers,Delhi,Cochin,1 stop,585.0,21,5,2019,9,15,21,5,2019,19,0
IndiGo,Banglore,Delhi,non-stop,175.0,24,3,2019,21,20,25,3,2019,0,15
SpiceJet,Delhi,Cochin,1 stop,375.0,3,3,2019,16,35,3,3,2019,22,50
Multiple carriers,Delhi,Cochin,1 stop,745.0,3,9,2019,6,50,3,9,2019,19,15
IndiGo,Banglore,Delhi,non-stop,170.0,24,3,2019,10,10,24,3,2019,13,0
Jet Airways,Banglore,Delhi,non-stop,180.0,4,9,2019,19,50,4,9,2019,22,50
Jet Airways,Kolkata,Banglore,1 stop,1655.0,5,6,2019,6,30,5,7,2019,10,5
Jet Airways,Kolkata,Banglore,1 stop,395.0,6,12,2019,17,0,6,12,2019,23,35
Jet Airways,Kolkata,Banglore,1 stop,980.0,24,3,2019,16,55,25,3,2019,9,15
Jet Airways,Banglore,Delhi,1 stop,700.0,3,6,2019,20,35,3,7,2019,8,15
Jet Airways,Kolkata,Banglore,1 stop,1545.0,21,5,2019,6,30,22,5,2019,8,15
Jet Airways,Banglore,Delhi,non-stop,180.0,27,5,2019,8,20,27,5,2019,11,20
Air India,Banglore,Delhi,non-stop,170.0,15,5,2019,13,20,15,5,2019,16,10
Jet Airways,Banglore,Delhi,1 stop,370.0,21,3,2019,9,45,21,3,2019,15,55
Air Asia,Delhi,Cochin,1 stop,470.0,6,9,2019,7,55,6,9,2019,15,45
IndiGo,Banglore,Delhi,non-stop,170.0,15,3,2019,13,0,15,3,2019,15,50
Jet Airways,Kolkata,Banglore,1 stop,1080.0,5,9,2019,20,25,5,10,2019,14,25
Jet Airways,Banglore,Delhi,non-stop,180.0,4,12,2019,17,45,4,12,2019,20,45
IndiGo,Banglore,Delhi,1 stop,260.0,18,3,2019,16,15,18,3,2019,20,35
Jet Airways,Kolkata,Banglore,1 stop,400.0,5,6,2019,14,5,5,6,2019,20,45
IndiGo,Delhi,Cochin,1 stop,300.0,4,3,2019,10,35,4,3,2019,15,35
Multiple carriers,Delhi,Cochin,1 stop,455.0,6,12,2019,11,25,6,12,2019,19,0
Jet Airways,Banglore,Delhi,1 stop,1310.0,18,3,2019,11,40,19,3,2019,9,30
Jet Airways,Delhi,Cochin,1 stop,715.0,21,5,2019,7,5,21,5,2019,19,0
Air Asia,Kolkata,Banglore,non-stop,150.0,18,3,2019,19,35,18,3,2019,22,5
Vistara,Kolkata,Banglore,1 stop,975.0,5,6,2019,7,10,5,6,2019,23,25
Air India,Delhi,Cochin,2 stops,1380.0,18,5,2019,20,15,19,5,2019,19,15
Air India,Mumbai,Hyderabad,non-stop,90.0,6,9,2019,13,55,6,9,2019,15,25
Jet Airways,Banglore,Delhi,1 stop,885.0,3,12,2019,16,55,13,3,2019,7,40
IndiGo,Chennai,Kolkata,non-stop,140.0,27,6,2019,19,35,27,6,2019,21,55
Jet Airways,Delhi,Cochin,1 stop,450.0,15,6,2019,11,30,15,6,2019,19,0
Jet Airways,Banglore,Delhi,1 stop,1400.0,3,3,2019,5,45,3,7,2019,5,5
SpiceJet,Mumbai,Hyderabad,non-stop,90.0,5,9,2019,22,45,5,10,2019,0,15
Jet Airways,Kolkata,Banglore,1 stop,1745.0,6,9,2019,17,0,6,10,2019,22,5
Jet Airways,Kolkata,Banglore,1 stop,395.0,5,1,2019,17,0,5,1,2019,23,35
IndiGo,Delhi,Cochin,1 stop,315.0,3,3,2019,9,55,3,3,2019,15,10
Multiple carriers,Delhi,Cochin,1 stop,755.0,6,6,2019,6,40,6,6,2019,19,15
Air India,Banglore,Delhi,non-stop,170.0,3,9,2019,17,0,3,9,2019,19,50
IndiGo,Kolkata,Banglore,non-stop,155.0,5,3,2019,15,30,5,3,2019,18,5
Jet Airways,Delhi,Cochin,1 stop,1485.0,27,5,2019,18,15,28,5,2019,19,0
Jet Airways,Delhi,Cochin,2 stops,1320.0,15,6,2019,14,35,16,6,2019,12,35
Jet Airways,Delhi,Cochin,1 stop,1325.0,24,6,2019,20,55,25,6,2019,19,0
Air India,Delhi,Cochin,2 stops,1545.0,3,6,2019,5,55,3,7,2019,7,40
IndiGo,Banglore,Delhi,non-stop,175.0,27,5,2019,18,25,27,5,2019,21,20
Vistara,Kolkata,Banglore,1 stop,945.0,24,3,2019,7,10,24,3,2019,22,55
IndiGo,Banglore,Delhi,non-stop,175.0,3,9,2019,21,20,13,3,2019,0,15
Jet Airways,Delhi,Cochin,1 stop,1520.0,21,3,2019,17,30,22,3,2019,18,50
Air India,Delhi,Cochin,2 stops,1560.0,6,6,2019,17,15,6,7,2019,19,15
Air India,Mumbai,Hyderabad,non-stop,80.0,15,3,2019,21,5,15,3,2019,22,25
IndiGo,Mumbai,Hyderabad,non-stop,85.0,3,1,2019,21,20,3,1,2019,22,45
Air India,Delhi,Cochin,2 stops,1560.0,6,9,2019,17,15,6,10,2019,19,15
IndiGo,Kolkata,Banglore,1 stop,315.0,5,12,2019,21,0,13,5,2019,2,15
GoAir,Banglore,Delhi,non-stop,175.0,15,3,2019,7,45,15,3,2019,10,40
Multiple carriers,Delhi,Cochin,1 stop,560.0,6,12,2019,11,40,6,12,2019,21,0
SpiceJet,Delhi,Cochin,1 stop,270.0,6,9,2019,8,45,6,9,2019,13,15
Jet Airways,Banglore,Delhi,1 stop,305.0,21,3,2019,14,5,21,3,2019,19,10
Jet Airways,Delhi,Cochin,1 stop,825.0,4,6,2019,22,50,4,7,2019,12,35
Air Asia,Kolkata,Banglore,non-stop,150.0,4,3,2019,22,50,4,4,2019,1,20
Air India,Kolkata,Banglore,2 stops,1035.0,6,12,2019,20,30,13,6,2019,13,45
Multiple carriers,Delhi,Cochin,1 stop,615.0,21,5,2019,9,0,21,5,2019,19,15
Jet Airways,Delhi,Cochin,1 stop,1670.0,21,3,2019,15,0,22,3,2019,18,50
GoAir,Banglore,Delhi,non-stop,170.0,24,6,2019,11,40,24,6,2019,14,30
Jet Airways,Banglore,Delhi,non-stop,175.0,15,6,2019,15,15,15,6,2019,18,10
Jet Airways,Banglore,Delhi,1 stop,315.0,3,6,2019,8,0,3,6,2019,13,15
IndiGo,Banglore,Delhi,non-stop,180.0,27,5,2019,16,55,27,5,2019,19,55
Vistara,Banglore,Delhi,non-stop,170.0,21,5,2019,9,45,21,5,2019,12,35
IndiGo,Delhi,Cochin,1 stop,480.0,3,3,2019,7,30,3,3,2019,15,30
Air Asia,Delhi,Cochin,1 stop,340.0,24,4,2019,16,45,24,4,2019,22,25
Air India,Delhi,Cochin,1 stop,1660.0,24,3,2019,4,0,25,3,2019,7,40
SpiceJet,Delhi,Cochin,1 stop,295.0,4,3,2019,17,55,4,3,2019,22,50
IndiGo,Banglore,Delhi,non-stop,170.0,6,1,2019,20,0,6,1,2019,22,50
Multiple carriers,Delhi,Cochin,1 stop,540.0,15,6,2019,10,0,15,6,2019,19,0
Jet Airways,Banglore,Delhi,1 stop,390.0,15,3,2019,5,50,15,3,2019,12,20
GoAir,Banglore,Delhi,non-stop,165.0,24,6,2019,20,55,24,6,2019,23,40
SpiceJet,Mumbai,Hyderabad,non-stop,90.0,6,6,2019,13,15,6,6,2019,14,45
Jet Airways,Delhi,Cochin,2 stops,1125.0,27,5,2019,9,40,28,5,2019,4,25
GoAir,Delhi,Cochin,1 stop,370.0,18,5,2019,7,25,18,5,2019,13,35
Air India,Mumbai,Hyderabad,non-stop,90.0,6,12,2019,13,55,6,12,2019,15,25
GoAir,Banglore,Delhi,non-stop,175.0,21,4,2019,7,45,21,4,2019,10,40
Vistara,Kolkata,Banglore,1 stop,975.0,24,5,2019,7,10,24,5,2019,23,25
Air India,Delhi,Cochin,non-stop,180.0,27,4,2019,14,10,27,4,2019,17,10
Vistara,Banglore,Delhi,non-stop,170.0,4,12,2019,11,30,4,12,2019,14,20
Air India,Delhi,Cochin,non-stop,185.0,6,3,2019,18,5,6,3,2019,21,10
IndiGo,Banglore,Delhi,non-stop,165.0,5,9,2019,1,30,5,9,2019,4,15
Jet Airways,Kolkata,Banglore,1 stop,1025.0,5,1,2019,18,55,5,2,2019,12,0
Jet Airways,Mumbai,Hyderabad,non-stop,90.0,24,6,2019,8,45,24,6,2019,10,15
Air India,Kolkata,Banglore,1 stop,555.0,15,5,2019,7,0,15,5,2019,16,15
IndiGo,Banglore,Delhi,1 stop,300.0,3,9,2019,12,5,3,9,2019,17,5
Jet Airways,Banglore,Delhi,non-stop,165.0,24,3,2019,2,0,24,3,2019,4,45
Air India,Banglore,Delhi,1 stop,1015.0,3,1,2019,5,50,3,1,2019,22,45
Jet Airways,Kolkata,Banglore,1 stop,1695.0,4,1,2019,16,30,4,2,2019,20,45
Multiple carriers,Delhi,Cochin,1 stop,660.0,18,5,2019,8,0,18,5,2019,19,0
SpiceJet,Banglore,Delhi,non-stop,170.0,6,3,2019,9,30,6,3,2019,12,20
Air India,Delhi,Cochin,1 stop,875.0,6,12,2019,17,40,13,6,2019,8,15
Air India,Delhi,Cochin,1 stop,955.0,6,3,2019,17,40,6,4,2019,9,35
Vistara,Banglore,Delhi,non-stop,165.0,15,5,2019,19,30,15,5,2019,22,15
Multiple carriers,Delhi,Cochin,1 stop,625.0,3,3,2019,8,25,3,3,2019,18,50
Jet Airways,Kolkata,Banglore,1 stop,1570.0,6,9,2019,17,0,6,10,2019,19,10
Multiple carriers,Delhi,Cochin,1 stop,705.0,6,3,2019,7,30,6,3,2019,19,15
Multiple carriers,Delhi,Cochin,1 stop,435.0,6,12,2019,18,15,13,6,2019,1,30
IndiGo,Delhi,Cochin,1 stop,895.0,6,12,2019,7,35,6,12,2019,22,30
IndiGo,Banglore,Delhi,non-stop,180.0,24,5,2019,21,15,25,5,2019,0,15
Jet Airways,Delhi,Cochin,2 stops,910.0,6,9,2019,21,25,6,10,2019,12,35
Jet Airways,Kolkata,Banglore,1 stop,1640.0,4,1,2019,16,30,4,2,2019,19,50
Vistara,Banglore,Delhi,non-stop,155.0,5,12,2019,17,0,5,12,2019,19,35
Air India,Delhi,Cochin,non-stop,180.0,24,6,2019,14,10,24,6,2019,17,10
SpiceJet,Mumbai,Hyderabad,non-stop,90.0,24,5,2019,22,45,25,5,2019,0,15
Jet Airways,Kolkata,Banglore,1 stop,1200.0,5,1,2019,14,5,5,2,2019,10,5
IndiGo,Banglore,Delhi,non-stop,170.0,3,3,2019,16,55,3,3,2019,19,45
Jet Airways,Kolkata,Banglore,1 stop,1260.0,24,3,2019,21,10,25,3,2019,18,10
Multiple carriers,Delhi,Cochin,1 stop,730.0,3,6,2019,6,40,3,6,2019,18,50
Air India,Banglore,Delhi,2 stops,630.0,15,3,2019,5,50,15,3,2019,16,20
Multiple carriers,Delhi,Cochin,1 stop,425.0,3,6,2019,13,55,3,6,2019,21,0
IndiGo,Chennai,Kolkata,non-stop,140.0,6,9,2019,22,5,6,10,2019,0,25
Air Asia,Delhi,Cochin,1 stop,340.0,15,6,2019,16,45,15,6,2019,22,25
IndiGo,Chennai,Kolkata,non-stop,140.0,5,9,2019,22,5,5,10,2019,0,25
GoAir,Banglore,Delhi,non-stop,170.0,27,5,2019,11,40,27,5,2019,14,30
Jet Airways,Kolkata,Banglore,1 stop,1350.0,24,3,2019,21,10,25,3,2019,19,40
IndiGo,Delhi,Cochin,1 stop,515.0,27,6,2019,7,35,27,6,2019,16,10
Jet Airways,Delhi,Cochin,1 stop,1665.0,3,9,2019,15,5,3,10,2019,18,50
Jet Airways,Mumbai,Hyderabad,non-stop,85.0,6,6,2019,2,55,6,6,2019,4,20
IndiGo,Mumbai,Hyderabad,non-stop,95.0,24,6,2019,20,5,24,6,2019,21,40
IndiGo,Kolkata,Banglore,non-stop,155.0,24,4,2019,22,15,25,4,2019,0,50
Air India,Delhi,Cochin,2 stops,1275.0,3,3,2019,22,0,3,4,2019,19,15
Jet Airways,Banglore,Delhi,non-stop,175.0,18,5,2019,15,15,18,5,2019,18,10
Air India,Kolkata,Banglore,1 stop,1440.0,6,6,2019,14,35,6,7,2019,14,35
Multiple carriers,Delhi,Cochin,1 stop,440.0,27,5,2019,11,40,27,5,2019,19,0
Jet Airways,Kolkata,Banglore,1 stop,1005.0,5,6,2019,17,0,5,7,2019,9,45
Jet Airways,Mumbai,Hyderabad,non-stop,90.0,3,9,2019,19,40,3,9,2019,21,10
Air India,Banglore,Delhi,non-stop,170.0,21,5,2019,17,0,21,5,2019,19,50
Jet Airways,Delhi,Cochin,2 stops,1995.0,27,3,2019,19,10,29,3,2019,4,25
Jet Airways,Banglore,Delhi,non-stop,165.0,4,6,2019,6,0,4,6,2019,8,45
Multiple carriers,Delhi,Cochin,1 stop,630.0,27,6,2019,8,30,27,6,2019,19,0
Jet Airways,Delhi,Cochin,1 stop,1260.0,3,3,2019,21,50,3,4,2019,18,50
Jet Airways,Banglore,Delhi,1 stop,300.0,18,3,2019,5,45,18,3,2019,10,45
Jet Airways,Banglore,Delhi,1 stop,1120.0,3,12,2019,20,35,13,3,2019,15,15
Jet Airways,Banglore,Delhi,1 stop,1555.0,3,6,2019,22,50,3,8,2019,0,45
Jet Airways,Delhi,Cochin,2 stops,535.0,21,5,2019,19,30,22,5,2019,4,25
Multiple carriers,Delhi,Cochin,1 stop,780.0,24,6,2019,6,0,24,6,2019,19,0
Air India,Kolkata,Banglore,1 stop,905.0,6,6,2019,16,50,6,7,2019,7,55
Multiple carriers,Delhi,Cochin,1 stop,690.0,6,12,2019,7,30,6,12,2019,19,0
Air India,Delhi,Cochin,non-stop,180.0,24,5,2019,14,10,24,5,2019,17,10
Vistara,Banglore,Delhi,non-stop,160.0,24,3,2019,19,40,24,3,2019,22,20
Jet Airways,Banglore,Delhi,1 stop,1210.0,3,6,2019,8,55,3,7,2019,5,5
Jet Airways,Kolkata,Banglore,1 stop,800.0,5,6,2019,18,55,5,7,2019,8,15
Jet Airways,Kolkata,Banglore,1 stop,1220.0,24,3,2019,8,25,25,3,2019,4,45
IndiGo,Banglore,Delhi,non-stop,170.0,18,5,2019,20,0,18,5,2019,22,50
Air India,Mumbai,Hyderabad,non-stop,80.0,6,9,2019,6,20,6,9,2019,7,40
Jet Airways,Kolkata,Banglore,1 stop,740.0,21,5,2019,8,25,21,5,2019,20,45
GoAir,Banglore,Delhi,non-stop,175.0,21,5,2019,7,45,21,5,2019,10,40
IndiGo,Delhi,Cochin,non-stop,185.0,15,3,2019,14,30,15,3,2019,17,35
Air Asia,Kolkata,Banglore,non-stop,150.0,5,1,2019,22,50,5,2,2019,1,20
IndiGo,Banglore,Delhi,non-stop,175.0,27,4,2019,18,55,27,4,2019,21,50
IndiGo,Delhi,Cochin,1 stop,305.0,6,12,2019,23,30,13,6,2019,4,35
Jet Airways,Kolkata,Banglore,1 stop,1005.0,5,6,2019,17,0,5,7,2019,9,45
SpiceJet,Kolkata,Banglore,non-stop,160.0,21,3,2019,6,55,21,3,2019,9,35
Vistara,Kolkata,Banglore,1 stop,965.0,6,12,2019,17,0,13,6,2019,9,5
Vistara,Kolkata,Banglore,1 stop,770.0,24,3,2019,20,20,25,3,2019,9,10
Jet Airways,Kolkata,Banglore,1 stop,345.0,5,12,2019,14,5,5,12,2019,19,50
SpiceJet,Kolkata,Banglore,non-stop,145.0,4,1,2019,9,0,4,1,2019,11,25
Jet Airways,Kolkata,Banglore,1 stop,590.0,15,5,2019,8,25,15,5,2019,18,15
IndiGo,Kolkata,Banglore,non-stop,155.0,6,1,2019,22,15,6,2,2019,0,50
SpiceJet,Kolkata,Banglore,1 stop,435.0,24,5,2019,11,15,24,5,2019,18,30
Multiple carriers,Delhi,Cochin,1 stop,915.0,3,9,2019,7,5,3,9,2019,22,20
Jet Airways,Delhi,Cochin,2 stops,900.0,18,5,2019,13,25,19,5,2019,4,25
Air India,Delhi,Cochin,2 stops,1545.0,27,3,2019,5,55,28,3,2019,7,40
IndiGo,Banglore,Delhi,non-stop,170.0,4,6,2019,4,0,4,6,2019,6,50
Jet Airways,Banglore,Delhi,non-stop,180.0,6,9,2019,8,20,6,9,2019,11,20
SpiceJet,Chennai,Kolkata,non-stop,140.0,21,5,2019,17,45,21,5,2019,20,5
Multiple carriers,Delhi,Cochin,1 stop,505.0,15,6,2019,10,35,15,6,2019,19,0
Air Asia,Kolkata,Banglore,1 stop,710.0,5,12,2019,7,35,5,12,2019,19,25
Multiple carriers,Delhi,Cochin,1 stop,520.0,6,6,2019,10,20,6,6,2019,19,0
Multiple carriers,Delhi,Cochin,1 stop,390.0,21,5,2019,19,0,22,5,2019,1,30
IndiGo,Kolkata,Banglore,1 stop,290.0,6,9,2019,8,10,6,9,2019,13,0
Jet Airways,Banglore,Delhi,non-stop,165.0,5,6,2019,6,0,5,6,2019,8,45
Jet Airways,Delhi,Cochin,1 stop,1240.0,3,6,2019,23,5,3,7,2019,19,45
Jet Airways,Kolkata,Banglore,1 stop,800.0,5,9,2019,18,55,5,10,2019,8,15
SpiceJet,Banglore,Delhi,non-stop,175.0,21,3,2019,9,35,21,3,2019,12,30
Jet Airways,Banglore,Delhi,non-stop,165.0,24,5,2019,6,0,24,5,2019,8,45
IndiGo,Kolkata,Banglore,non-stop,155.0,24,5,2019,17,15,24,5,2019,19,50
GoAir,Kolkata,Banglore,1 stop,495.0,5,6,2019,23,30,5,7,2019,7,45
Jet Airways,Mumbai,Hyderabad,non-stop,85.0,27,6,2019,2,55,27,6,2019,4,20
Jet Airways,Delhi,Cochin,1 stop,360.0,24,6,2019,13,0,24,6,2019,19,0
IndiGo,Delhi,Cochin,1 stop,305.0,3,3,2019,20,30,3,4,2019,1,35
IndiGo,Banglore,Delhi,non-stop,170.0,27,5,2019,8,30,27,5,2019,11,20
Jet Airways,Banglore,Delhi,non-stop,180.0,6,6,2019,17,45,6,6,2019,20,45
IndiGo,Banglore,Delhi,non-stop,170.0,3,9,2019,5,30,3,9,2019,8,20
Jet Airways,Delhi,Cochin,2 stops,1125.0,6,12,2019,9,40,13,6,2019,4,25
IndiGo,Kolkata,Banglore,non-stop,165.0,5,9,2019,9,35,5,9,2019,12,20
IndiGo,Delhi,Cochin,1 stop,480.0,6,1,2019,17,30,6,2,2019,1,30
Jet Airways,Delhi,Cochin,1 stop,1325.0,15,6,2019,20,55,16,6,2019,19,0
Jet Airways,Kolkata,Banglore,1 stop,1075.0,6,9,2019,17,0,6,10,2019,10,55
Jet Airways,Delhi,Cochin,1 stop,450.0,6,3,2019,11,30,6,3,2019,19,0
Jet Airways,Kolkata,Banglore,1 stop,690.0,15,5,2019,9,35,15,5,2019,21,5
Jet Airways,Kolkata,Banglore,1 stop,570.0,18,5,2019,14,5,18,5,2019,23,35
Jet Airways,Kolkata,Banglore,1 stop,1150.0,6,9,2019,21,10,6,10,2019,16,20
IndiGo,Kolkata,Banglore,non-stop,165.0,4,12,2019,9,35,4,12,2019,12,20
Multiple carriers,Delhi,Cochin,1 stop,735.0,6,6,2019,8,45,6,6,2019,21,0
Jet Airways,Kolkata,Banglore,1 stop,735.0,18,5,2019,20,0,19,5,2019,8,15
Jet Airways,Kolkata,Banglore,1 stop,705.0,5,1,2019,6,30,5,1,2019,18,15
Multiple carriers,Delhi,Cochin,1 stop,540.0,6,9,2019,10,0,6,9,2019,19,0
Air Asia,Delhi,Cochin,1 stop,625.0,4,9,2019,20,45,4,10,2019,7,10
Air India,Mumbai,Hyderabad,2 stops,560.0,3,12,2019,5,30,3,12,2019,14,50
Jet Airways,Delhi,Cochin,2 stops,1430.0,21,5,2019,19,10,22,5,2019,19,0
Air India,Banglore,Delhi,non-stop,170.0,18,6,2019,21,5,18,6,2019,23,55
Air India,Delhi,Cochin,2 stops,1275.0,6,12,2019,22,0,13,6,2019,19,15
Jet Airways,Kolkata,Banglore,1 stop,1330.0,5,9,2019,6,30,5,10,2019,4,40
Air Asia,Delhi,Cochin,1 stop,340.0,5,9,2019,16,45,5,9,2019,22,25
SpiceJet,Kolkata,Banglore,non-stop,140.0,24,6,2019,22,20,25,6,2019,0,40
SpiceJet,Banglore,Delhi,non-stop,175.0,24,3,2019,9,35,24,3,2019,12,30
Jet Airways,Delhi,Cochin,1 stop,550.0,6,1,2019,19,15,6,2,2019,4,25
Air Asia,Delhi,Cochin,1 stop,340.0,6,9,2019,16,45,6,9,2019,22,25
Jet Airways,Mumbai,Hyderabad,non-stop,90.0,24,3,2019,15,50,24,3,2019,17,20
Multiple carriers,Delhi,Cochin,1 stop,930.0,27,6,2019,10,0,28,6,2019,1,30
SpiceJet,Kolkata,Banglore,non-stop,145.0,27,4,2019,9,0,27,4,2019,11,25
IndiGo,Banglore,Delhi,non-stop,170.0,6,6,2019,8,30,6,6,2019,11,20
IndiGo,Banglore,Delhi,non-stop,170.0,4,3,2019,8,30,4,3,2019,11,20
IndiGo,Mumbai,Hyderabad,non-stop,90.0,24,3,2019,16,55,24,3,2019,18,25
Air India,Kolkata,Banglore,2 stops,1195.0,5,1,2019,12,0,5,2,2019,7,55
Jet Airways,Mumbai,Hyderabad,non-stop,90.0,21,5,2019,10,20,21,5,2019,11,50
Jet Airways,Kolkata,Banglore,1 stop,590.0,6,12,2019,6,30,6,12,2019,16,20
SpiceJet,Chennai,Kolkata,non-stop,140.0,24,5,2019,17,45,24,5,2019,20,5
SpiceJet,Chennai,Kolkata,non-stop,135.0,6,6,2019,8,20,6,6,2019,10,35
Jet Airways,Mumbai,Hyderabad,non-stop,90.0,6,6,2019,19,35,6,6,2019,21,5
SpiceJet,Kolkata,Banglore,1 stop,315.0,4,1,2019,15,5,4,1,2019,20,20
IndiGo,Banglore,Delhi,non-stop,180.0,6,9,2019,21,15,6,10,2019,0,15
IndiGo,Kolkata,Banglore,non-stop,155.0,6,12,2019,15,30,6,12,2019,18,5
Vistara,Kolkata,Banglore,1 stop,1640.0,15,5,2019,17,0,16,5,2019,20,20
Jet Airways,Banglore,Delhi,non-stop,180.0,4,6,2019,19,50,4,6,2019,22,50
IndiGo,Banglore,Delhi,non-stop,170.0,6,1,2019,23,30,6,2,2019,2,20
Jet Airways,Delhi,Cochin,1 stop,1225.0,3,9,2019,8,0,3,10,2019,4,25
Jet Airways,Delhi,Cochin,1 stop,1525.0,3,9,2019,17,25,3,10,2019,18,50
Jet Airways,Delhi,Cochin,2 stops,1745.0,3,9,2019,13,45,3,10,2019,18,50
Jet Airways,Delhi,Cochin,1 stop,520.0,5,9,2019,19,45,5,10,2019,4,25
Air Asia,Delhi,Cochin,1 stop,330.0,21,3,2019,16,45,21,3,2019,22,15
IndiGo,Kolkata,Banglore,1 stop,255.0,4,6,2019,6,15,4,6,2019,10,30
Jet Airways,Delhi,Cochin,2 stops,600.0,6,6,2019,18,25,6,7,2019,4,25
Multiple carriers,Delhi,Cochin,1 stop,395.0,6,12,2019,6,0,6,12,2019,12,35
Air India,Delhi,Cochin,1 stop,925.0,15,6,2019,3,50,15,6,2019,19,15
IndiGo,Kolkata,Banglore,non-stop,155.0,15,6,2019,22,15,16,6,2019,0,50
Air India,Kolkata,Banglore,non-stop,150.0,21,3,2019,14,15,21,3,2019,16,45
Air India,Delhi,Cochin,1 stop,320.0,27,6,2019,17,40,27,6,2019,23,0
Jet Airways,Mumbai,Hyderabad,non-stop,85.0,5,1,2019,7,5,5,1,2019,8,30
Jet Airways,Delhi,Cochin,1 stop,1620.0,27,5,2019,16,0,28,5,2019,19,0
Multiple carriers,Delhi,Cochin,1 stop,455.0,6,6,2019,11,40,6,6,2019,19,15
IndiGo,Banglore,Delhi,non-stop,180.0,6,12,2019,16,55,6,12,2019,19,55
Vistara,Banglore,Delhi,non-stop,155.0,21,4,2019,17,0,21,4,2019,19,35
Multiple carriers,Delhi,Cochin,2 stops,465.0,3,9,2019,17,50,3,10,2019,1,35
IndiGo,Kolkata,Banglore,non-stop,165.0,5,12,2019,9,35,5,12,2019,12,20
Air India,Kolkata,Banglore,2 stops,1210.0,5,12,2019,9,25,13,5,2019,5,35
IndiGo,Banglore,Delhi,non-stop,170.0,27,6,2019,8,30,27,6,2019,11,20
Multiple carriers,Delhi,Cochin,1 stop,680.0,3,3,2019,7,30,3,3,2019,18,50
Jet Airways,Delhi,Cochin,1 stop,825.0,27,5,2019,22,50,28,5,2019,12,35
Multiple carriers,Delhi,Cochin,1 stop,545.0,27,6,2019,7,5,27,6,2019,16,10
Jet Airways,Kolkata,Banglore,1 stop,1220.0,6,6,2019,20,0,6,7,2019,16,20
Jet Airways,Banglore,Delhi,1 stop,1485.0,3,12,2019,20,35,13,3,2019,21,20
Jet Airways,Delhi,Cochin,2 stops,1130.0,15,6,2019,9,35,16,6,2019,4,25
Air Asia,Kolkata,Banglore,non-stop,150.0,18,3,2019,22,50,19,3,2019,1,20
Jet Airways,Delhi,Cochin,1 stop,1595.0,6,3,2019,10,0,6,4,2019,12,35
Air India,Banglore,Delhi,1 stop,1490.0,15,3,2019,10,30,16,3,2019,11,20
Jet Airways,Banglore,Delhi,non-stop,180.0,5,9,2019,8,20,5,9,2019,11,20
SpiceJet,Banglore,Delhi,non-stop,160.0,5,3,2019,5,55,5,3,2019,8,35
Multiple carriers,Delhi,Cochin,1 stop,385.0,3,1,2019,12,50,3,1,2019,19,15
IndiGo,Delhi,Cochin,1 stop,515.0,21,3,2019,7,35,21,3,2019,16,10
Jet Airways,Delhi,Cochin,1 stop,1320.0,3,9,2019,20,50,3,10,2019,18,50
Jet Airways,Delhi,Cochin,2 stops,425.0,27,6,2019,5,30,27,6,2019,12,35
IndiGo,Kolkata,Banglore,1 stop,295.0,24,5,2019,9,20,24,5,2019,14,15
IndiGo,Kolkata,Banglore,non-stop,160.0,5,12,2019,21,25,13,5,2019,0,5
IndiGo,Banglore,Delhi,non-stop,170.0,3,1,2019,13,0,3,1,2019,15,50
Air Asia,Kolkata,Banglore,1 stop,710.0,5,6,2019,7,35,5,6,2019,19,25
Multiple carriers,Delhi,Cochin,1 stop,730.0,3,3,2019,6,40,3,3,2019,18,50
Jet Airways,Delhi,Cochin,1 stop,715.0,6,3,2019,7,5,6,3,2019,19,0
Multiple carriers,Delhi,Cochin,1 stop,910.0,27,5,2019,3,50,27,5,2019,19,0
SpiceJet,Kolkata,Banglore,non-stop,160.0,15,3,2019,6,55,15,3,2019,9,35
Multiple carriers,Delhi,Cochin,1 stop,690.0,27,6,2019,7,30,27,6,2019,19,0
Air India,Kolkata,Banglore,2 stops,1210.0,5,12,2019,9,25,13,5,2019,5,35
SpiceJet,Chennai,Kolkata,non-stop,135.0,15,6,2019,8,20,15,6,2019,10,35
Multiple carriers Premium economy,Delhi,Cochin,1 stop,770.0,21,3,2019,6,0,21,3,2019,18,50
Jet Airways,Banglore,Delhi,non-stop,180.0,5,12,2019,8,20,5,12,2019,11,20
SpiceJet,Kolkata,Banglore,non-stop,145.0,27,4,2019,9,0,27,4,2019,11,25
IndiGo,Mumbai,Hyderabad,non-stop,95.0,5,3,2019,20,5,5,3,2019,21,40
Jet Airways,Kolkata,Banglore,1 stop,1295.0,6,9,2019,20,25,6,10,2019,18,0
Jet Airways,Delhi,Cochin,1 stop,660.0,6,3,2019,8,0,6,3,2019,19,0
Air Asia,Banglore,Delhi,non-stop,170.0,21,5,2019,4,55,21,5,2019,7,45
Air India,Kolkata,Banglore,1 stop,745.0,5,6,2019,20,30,5,7,2019,8,55
Air India,Mumbai,Hyderabad,2 stops,990.0,3,6,2019,5,30,3,6,2019,22,0
IndiGo,Delhi,Cochin,1 stop,490.0,15,6,2019,14,20,15,6,2019,22,30
Jet Airways,Delhi,Cochin,1 stop,395.0,6,9,2019,21,50,6,10,2019,4,25
Jet Airways,Delhi,Cochin,2 stops,1130.0,24,6,2019,9,35,25,6,2019,4,25
Multiple carriers,Delhi,Cochin,1 stop,660.0,6,12,2019,10,0,6,12,2019,21,0
Multiple carriers,Delhi,Cochin,1 stop,615.0,5,9,2019,9,0,5,9,2019,19,15
Air Asia,Kolkata,Banglore,1 stop,710.0,6,6,2019,7,35,6,6,2019,19,25
Air India,Banglore,Delhi,2 stops,1545.0,3,1,2019,8,50,3,2,2019,10,35
Vistara,Kolkata,Banglore,1 stop,1440.0,5,12,2019,20,20,13,5,2019,20,20
Jet Airways,Delhi,Cochin,2 stops,1195.0,24,6,2019,23,5,25,6,2019,19,0
Air India,Delhi,Cochin,2 stops,1275.0,27,5,2019,22,0,28,5,2019,19,15
Multiple carriers,Delhi,Cochin,1 stop,450.0,3,6,2019,8,0,3,6,2019,15,30
Air Asia,Delhi,Cochin,1 stop,830.0,27,5,2019,16,45,28,5,2019,6,35
Vistara,Kolkata,Banglore,1 stop,1655.0,21,5,2019,7,10,22,5,2019,10,45
Jet Airways,Delhi,Cochin,2 stops,440.0,15,6,2019,11,40,15,6,2019,19,0
Jet Airways,Delhi,Cochin,2 stops,1295.0,27,6,2019,21,25,28,6,2019,19,0
Jet Airways,Kolkata,Banglore,1 stop,1295.0,6,12,2019,20,25,13,6,2019,18,0
IndiGo,Delhi,Cochin,1 stop,345.0,5,1,2019,21,50,5,2,2019,3,35
IndiGo,Banglore,Delhi,1 stop,290.0,21,3,2019,7,30,21,3,2019,12,20
IndiGo,Kolkata,Banglore,1 stop,295.0,6,9,2019,9,20,6,9,2019,14,15
Air India,Delhi,Cochin,1 stop,795.0,5,9,2019,9,45,5,9,2019,23,0
Jet Airways,Kolkata,Banglore,1 stop,330.0,5,12,2019,6,30,5,12,2019,12,0
Multiple carriers,Delhi,Cochin,1 stop,750.0,6,6,2019,13,0,6,7,2019,1,30
Jet Airways,Kolkata,Banglore,1 stop,330.0,5,9,2019,6,30,5,9,2019,12,0
Jet Airways,Kolkata,Banglore,1 stop,910.0,5,1,2019,18,55,5,2,2019,10,5
Multiple carriers,Delhi,Cochin,1 stop,540.0,6,12,2019,10,0,6,12,2019,19,0
Multiple carriers,Delhi,Cochin,1 stop,570.0,5,9,2019,11,30,5,9,2019,21,0
IndiGo,Banglore,Delhi,non-stop,170.0,4,1,2019,13,0,4,1,2019,15,50
Air India,Kolkata,Banglore,2 stops,1700.0,5,1,2019,9,25,5,2,2019,13,45
Multiple carriers,Delhi,Cochin,2 stops,460.0,27,6,2019,17,50,28,6,2019,1,30
Vistara,Kolkata,Banglore,1 stop,1655.0,15,5,2019,7,10,16,5,2019,10,45
Jet Airways,Delhi,Cochin,2 stops,2045.0,21,3,2019,18,20,23,3,2019,4,25
Air India,Delhi,Cochin,1 stop,705.0,3,6,2019,20,30,3,7,2019,8,15
IndiGo,Kolkata,Banglore,1 stop,290.0,5,6,2019,8,10,5,6,2019,13,0
Jet Airways,Mumbai,Hyderabad,2 stops,1380.0,3,6,2019,17,50,3,7,2019,16,50
IndiGo,Kolkata,Banglore,1 stop,280.0,21,5,2019,17,35,21,5,2019,22,15
Air India,Kolkata,Banglore,2 stops,1100.0,5,9,2019,7,0,5,10,2019,1,20
SpiceJet,Banglore,Delhi,non-stop,175.0,15,5,2019,21,10,16,5,2019,0,5
Multiple carriers,Delhi,Cochin,1 stop,825.0,3,9,2019,6,0,3,9,2019,19,45
Jet Airways,Kolkata,Banglore,1 stop,775.0,6,12,2019,21,10,13,6,2019,10,5
Jet Airways,Delhi,Cochin,1 stop,540.0,6,6,2019,10,0,6,6,2019,19,0
Multiple carriers,Delhi,Cochin,1 stop,755.0,21,3,2019,13,0,22,3,2019,1,35
IndiGo,Delhi,Cochin,1 stop,345.0,21,4,2019,2,0,21,4,2019,7,45
Vistara,Chennai,Kolkata,non-stop,140.0,18,5,2019,17,45,18,5,2019,20,5
Jet Airways,Banglore,Delhi,non-stop,165.0,6,9,2019,6,0,6,9,2019,8,45
Jet Airways,Delhi,Cochin,1 stop,660.0,15,6,2019,8,0,15,6,2019,19,0
Jet Airways,Delhi,Cochin,1 stop,1485.0,6,3,2019,18,15,6,4,2019,19,0
Jet Airways,Mumbai,Hyderabad,non-stop,85.0,5,9,2019,2,55,5,9,2019,4,20
Jet Airways,Delhi,Cochin,2 stops,1320.0,27,6,2019,14,35,28,6,2019,12,35
SpiceJet,Chennai,Kolkata,non-stop,135.0,24,5,2019,9,45,24,5,2019,12,0
Vistara,Banglore,Delhi,non-stop,165.0,4,1,2019,19,30,4,1,2019,22,15
Vistara,Chennai,Kolkata,non-stop,140.0,24,6,2019,17,45,24,6,2019,20,5
Jet Airways,Delhi,Cochin,1 stop,1620.0,24,6,2019,16,0,25,6,2019,19,0
Jet Airways,Delhi,Cochin,2 stops,1380.0,6,12,2019,20,0,13,6,2019,19,0
IndiGo,Banglore,Delhi,non-stop,175.0,6,9,2019,18,55,6,9,2019,21,50
Jet Airways,Kolkata,Banglore,1 stop,775.0,15,5,2019,21,10,16,5,2019,10,5
Air Asia,Kolkata,Banglore,non-stop,150.0,5,12,2019,22,50,13,5,2019,1,20
Multiple carriers,Delhi,Cochin,1 stop,540.0,15,6,2019,7,10,15,6,2019,16,10
SpiceJet,Delhi,Cochin,1 stop,295.0,6,1,2019,17,55,6,1,2019,22,50
Jet Airways,Delhi,Cochin,1 stop,360.0,6,9,2019,13,0,6,9,2019,19,0
IndiGo,Chennai,Kolkata,non-stop,140.0,18,5,2019,22,5,19,5,2019,0,25
Jet Airways,Banglore,Delhi,non-stop,180.0,21,5,2019,17,45,21,5,2019,20,45
Jet Airways,Kolkata,Banglore,1 stop,590.0,4,1,2019,8,25,4,1,2019,18,15
Multiple carriers,Delhi,Cochin,1 stop,385.0,6,12,2019,9,45,6,12,2019,16,10
Multiple carriers,Delhi,Cochin,1 stop,755.0,21,5,2019,6,40,21,5,2019,19,15
Multiple carriers,Delhi,Cochin,1 stop,480.0,6,9,2019,13,0,6,9,2019,21,0
Vistara,Kolkata,Banglore,1 stop,700.0,21,5,2019,7,10,21,5,2019,18,50
Jet Airways,Delhi,Cochin,2 stops,1095.0,6,12,2019,18,20,13,6,2019,12,35
IndiGo,Delhi,Cochin,non-stop,195.0,21,5,2019,5,35,21,5,2019,8,50
Jet Airways,Delhi,Cochin,2 stops,440.0,6,12,2019,11,40,6,12,2019,19,0
Air India,Kolkata,Banglore,2 stops,1555.0,15,5,2019,9,10,16,5,2019,11,5
IndiGo,Kolkata,Banglore,non-stop,155.0,24,6,2019,4,40,24,6,2019,7,15
Air Asia,Banglore,Delhi,non-stop,170.0,5,6,2019,23,55,5,7,2019,2,45
Multiple carriers,Delhi,Cochin,1 stop,480.0,18,5,2019,13,0,18,5,2019,21,0
IndiGo,Banglore,Delhi,non-stop,170.0,24,3,2019,23,30,28,3,2019,2,20
Multiple carriers Premium economy,Delhi,Cochin,1 stop,680.0,21,3,2019,7,30,21,3,2019,18,50
Jet Airways,Delhi,Cochin,2 stops,555.0,27,3,2019,19,10,28,3,2019,4,25
IndiGo,Delhi,Cochin,1 stop,665.0,15,5,2019,5,5,15,5,2019,16,10
Jet Airways,Delhi,Cochin,1 stop,885.0,5,9,2019,21,50,5,10,2019,12,35
Jet Airways,Delhi,Cochin,2 stops,1125.0,21,5,2019,9,40,22,5,2019,4,25
Multiple carriers,Delhi,Cochin,1 stop,615.0,6,12,2019,9,0,6,12,2019,19,15
SpiceJet,Delhi,Cochin,1 stop,270.0,21,3,2019,8,45,21,3,2019,13,15
Jet Airways,Delhi,Cochin,1 stop,330.0,6,1,2019,7,5,6,1,2019,12,35
Air India,Delhi,Cochin,2 stops,1730.0,6,12,2019,14,25,13,6,2019,19,15
IndiGo,Mumbai,Hyderabad,non-stop,90.0,6,12,2019,21,20,6,12,2019,22,50
Jet Airways,Kolkata,Banglore,1 stop,910.0,5,1,2019,18,55,5,2,2019,10,5
Jet Airways,Banglore,Delhi,1 stop,1425.0,21,3,2019,11,40,22,3,2019,11,25
Jet Airways,Delhi,Cochin,1 stop,450.0,6,3,2019,20,55,6,4,2019,4,25
Multiple carriers,Delhi,Cochin,1 stop,930.0,6,12,2019,10,0,13,6,2019,1,30
SpiceJet,Kolkata,Banglore,non-stop,150.0,3,6,2019,9,0,3,6,2019,11,30
Multiple carriers,Delhi,Cochin,1 stop,765.0,3,9,2019,7,0,3,9,2019,19,45
IndiGo,Delhi,Cochin,1 stop,290.0,27,5,2019,15,10,27,5,2019,20,0
Jet Airways,Delhi,Cochin,2 stops,1000.0,6,12,2019,11,45,13,6,2019,4,25
IndiGo,Banglore,Delhi,non-stop,170.0,27,6,2019,13,0,27,6,2019,15,50
Multiple carriers,Delhi,Cochin,1 stop,480.0,3,6,2019,13,0,3,6,2019,21,0
IndiGo,Banglore,Delhi,non-stop,170.0,24,3,2019,22,20,28,3,2019,1,10
SpiceJet,Mumbai,Hyderabad,non-stop,90.0,15,5,2019,22,45,16,5,2019,0,15
IndiGo,Delhi,Cochin,1 stop,345.0,15,6,2019,21,50,16,6,2019,3,35
Air India,Mumbai,Hyderabad,2 stops,1910.0,3,6,2019,11,35,3,7,2019,19,25
GoAir,Delhi,Cochin,1 stop,355.0,15,6,2019,7,0,15,6,2019,12,55
Jet Airways,Banglore,Delhi,1 stop,650.0,3,12,2019,21,25,13,3,2019,8,15
Jet Airways,Delhi,Cochin,1 stop,1570.0,3,6,2019,2,15,3,7,2019,4,25
SpiceJet,Delhi,Cochin,1 stop,295.0,24,6,2019,17,55,24,6,2019,22,50
Jet Airways,Banglore,Delhi,non-stop,180.0,24,4,2019,7,10,24,4,2019,10,10
Multiple carriers,Delhi,Cochin,1 stop,440.0,6,12,2019,11,40,6,12,2019,19,0
Air India,Banglore,Delhi,2 stops,1600.0,3,1,2019,6,45,3,2,2019,9,25
SpiceJet,Mumbai,Hyderabad,non-stop,90.0,6,3,2019,13,15,6,3,2019,14,45
Jet Airways,Delhi,Cochin,non-stop,195.0,15,4,2019,11,0,15,4,2019,14,15
Air Asia,Delhi,Cochin,1 stop,330.0,15,5,2019,7,55,15,5,2019,13,25
Jet Airways,Delhi,Cochin,2 stops,1025.0,6,1,2019,19,30,6,2,2019,12,35
Multiple carriers,Delhi,Cochin,1 stop,630.0,5,1,2019,8,30,5,1,2019,19,0
IndiGo,Banglore,Delhi,1 stop,290.0,3,1,2019,7,30,3,1,2019,12,20
Jet Airways,Delhi,Cochin,2 stops,1615.0,24,6,2019,9,40,25,6,2019,12,35
IndiGo,Banglore,Delhi,non-stop,175.0,15,4,2019,7,10,15,4,2019,10,5
Jet Airways,Delhi,Cochin,2 stops,1615.0,6,1,2019,9,40,6,2,2019,12,35
Jet Airways,Delhi,Cochin,1 stop,1165.0,5,9,2019,9,0,5,10,2019,4,25
Multiple carriers,Delhi,Cochin,1 stop,930.0,5,9,2019,10,0,5,10,2019,1,30
Jet Airways,Delhi,Cochin,2 stops,1365.0,3,6,2019,5,40,3,7,2019,4,25
Jet Airways,Kolkata,Banglore,1 stop,1525.0,24,3,2019,21,10,25,3,2019,22,35
Jet Airways,Kolkata,Banglore,1 stop,800.0,15,5,2019,20,25,16,5,2019,9,45
Multiple carriers,Delhi,Cochin,1 stop,540.0,3,3,2019,7,10,3,3,2019,16,10
IndiGo,Kolkata,Banglore,non-stop,155.0,3,12,2019,14,20,3,12,2019,16,55
Air India,Banglore,Delhi,2 stops,435.0,3,1,2019,10,30,3,1,2019,17,45
SpiceJet,Banglore,Delhi,non-stop,160.0,21,6,2019,5,55,21,6,2019,8,35
Air Asia,Banglore,Delhi,non-stop,170.0,6,9,2019,23,55,6,10,2019,2,45
IndiGo,Kolkata,Banglore,non-stop,155.0,5,3,2019,22,15,5,4,2019,0,50
Air India,Delhi,Cochin,1 stop,555.0,6,6,2019,10,0,6,6,2019,19,15
Air India,Banglore,Delhi,2 stops,1795.0,15,3,2019,17,0,16,3,2019,22,55
Air Asia,Kolkata,Banglore,non-stop,150.0,3,9,2019,22,50,3,10,2019,1,20
Air India,Delhi,Cochin,1 stop,1515.0,27,5,2019,18,0,28,5,2019,19,15
IndiGo,Kolkata,Banglore,non-stop,155.0,18,5,2019,20,20,18,5,2019,22,55
Vistara,Chennai,Kolkata,non-stop,135.0,5,3,2019,7,5,5,3,2019,9,20
Air India,Delhi,Cochin,2 stops,2295.0,6,6,2019,5,0,6,7,2019,19,15
SpiceJet,Kolkata,Banglore,non-stop,150.0,24,5,2019,17,10,24,5,2019,19,40
Vistara,Chennai,Kolkata,non-stop,135.0,3,9,2019,7,5,3,9,2019,9,20
Multiple carriers,Delhi,Cochin,1 stop,840.0,6,3,2019,11,30,6,4,2019,1,30
IndiGo,Kolkata,Banglore,non-stop,155.0,5,6,2019,22,15,5,7,2019,0,50
IndiGo,Delhi,Cochin,1 stop,355.0,3,3,2019,2,35,3,3,2019,8,30
Jet Airways,Banglore,Delhi,non-stop,165.0,6,12,2019,6,0,6,12,2019,8,45
GoAir,Banglore,Delhi,non-stop,165.0,24,4,2019,20,55,24,4,2019,23,40
SpiceJet,Delhi,Cochin,1 stop,375.0,3,9,2019,16,35,3,9,2019,22,50
Jet Airways,Mumbai,Hyderabad,non-stop,85.0,27,3,2019,7,10,27,3,2019,8,35
Jet Airways,Mumbai,Hyderabad,non-stop,90.0,6,9,2019,10,20,6,9,2019,11,50
Multiple carriers,Delhi,Cochin,1 stop,615.0,5,1,2019,9,0,5,1,2019,19,15
GoAir,Banglore,Delhi,non-stop,175.0,3,1,2019,7,45,3,1,2019,10,40
Jet Airways,Delhi,Cochin,1 stop,1530.0,6,6,2019,17,30,6,7,2019,19,0
Jet Airways,Delhi,Cochin,1 stop,1225.0,18,5,2019,8,0,19,5,2019,4,25
Multiple carriers,Delhi,Cochin,1 stop,780.0,3,1,2019,0,20,3,1,2019,13,20
Jet Airways,Banglore,Delhi,1 stop,375.0,3,6,2019,22,50,3,7,2019,5,5
IndiGo,Banglore,Delhi,non-stop,170.0,21,3,2019,4,0,21,3,2019,6,50
Jet Airways,Banglore,Delhi,1 stop,340.0,15,3,2019,5,45,15,3,2019,11,25
Air India,Delhi,Cochin,2 stops,500.0,18,5,2019,10,55,18,5,2019,19,15
Multiple carriers,Delhi,Cochin,1 stop,780.0,6,3,2019,8,0,6,3,2019,21,0
IndiGo,Delhi,Cochin,1 stop,320.0,4,6,2019,6,50,4,6,2019,12,10
Air Asia,Delhi,Cochin,1 stop,660.0,21,3,2019,20,10,22,3,2019,7,10
IndiGo,Banglore,Delhi,non-stop,165.0,3,3,2019,1,30,3,3,2019,4,15
IndiGo,Delhi,Cochin,non-stop,195.0,15,5,2019,5,35,15,5,2019,8,50
Jet Airways,Banglore,Delhi,1 stop,435.0,3,6,2019,8,55,3,6,2019,16,10
Jet Airways,Delhi,Cochin,2 stops,810.0,24,6,2019,5,30,24,6,2019,19,0
Jet Airways,Kolkata,Banglore,1 stop,1545.0,5,9,2019,16,30,5,10,2019,18,15
Vistara,Delhi,Cochin,non-stop,190.0,5,12,2019,6,0,5,12,2019,9,10
Air India,Banglore,Delhi,2 stops,1010.0,3,12,2019,17,25,13,3,2019,10,15
Air India,Kolkata,Banglore,1 stop,245.0,4,1,2019,9,10,4,1,2019,13,15
Jet Airways,Kolkata,Banglore,1 stop,1450.0,6,6,2019,9,35,6,7,2019,9,45
Jet Airways,Kolkata,Banglore,1 stop,475.0,24,3,2019,8,25,24,3,2019,16,20
Air India,Kolkata,Banglore,1 stop,745.0,21,5,2019,9,25,21,5,2019,21,50
Jet Airways,Kolkata,Banglore,1 stop,1610.0,5,6,2019,6,30,5,7,2019,9,20
Jet Airways,Banglore,Delhi,1 stop,400.0,3,6,2019,5,45,3,6,2019,12,25
Jet Airways,Banglore,Delhi,non-stop,180.0,4,9,2019,8,20,4,9,2019,11,20
Air India,Delhi,Cochin,2 stops,1595.0,18,5,2019,16,40,19,5,2019,19,15
Jet Airways,Delhi,Cochin,1 stop,335.0,21,3,2019,22,50,22,3,2019,4,25
Air India,Kolkata,Banglore,2 stops,1200.0,6,9,2019,9,25,6,10,2019,5,25
Vistara,Delhi,Cochin,non-stop,175.0,3,6,2019,14,55,3,6,2019,17,50
IndiGo,Kolkata,Banglore,non-stop,155.0,21,6,2019,11,30,21,6,2019,14,5
Jet Airways,Delhi,Cochin,1 stop,455.0,21,3,2019,20,50,22,3,2019,4,25
IndiGo,Kolkata,Banglore,1 stop,280.0,5,6,2019,17,35,5,6,2019,22,15
Jet Airways,Kolkata,Banglore,1 stop,1025.0,6,9,2019,18,55,6,10,2019,12,0
Jet Airways,Mumbai,Hyderabad,non-stop,90.0,18,5,2019,10,20,18,5,2019,11,50
Jet Airways,Delhi,Cochin,1 stop,1415.0,18,5,2019,13,0,19,5,2019,12,35
IndiGo,Kolkata,Banglore,non-stop,155.0,5,12,2019,22,15,13,5,2019,0,50
Jet Airways,Kolkata,Banglore,1 stop,585.0,5,1,2019,18,55,5,2,2019,4,40
Air India,Banglore,Delhi,non-stop,165.0,5,9,2019,10,0,5,9,2019,12,45
Jet Airways,Delhi,Cochin,2 stops,1430.0,27,5,2019,19,10,28,5,2019,19,0
GoAir,Kolkata,Banglore,1 stop,555.0,24,3,2019,22,25,25,3,2019,7,40
SpiceJet,Chennai,Kolkata,non-stop,140.0,6,9,2019,17,45,6,9,2019,20,5
Multiple carriers,Delhi,Cochin,1 stop,470.0,24,6,2019,11,25,24,6,2019,19,15
Multiple carriers,Delhi,Cochin,1 stop,740.0,6,1,2019,6,40,6,1,2019,19,0
Jet Airways,Delhi,Cochin,2 stops,535.0,18,5,2019,19,30,19,5,2019,4,25
Jet Airways,Delhi,Cochin,1 stop,1210.0,6,6,2019,22,50,6,7,2019,19,0
Jet Airways,Kolkata,Banglore,1 stop,795.0,24,3,2019,18,55,25,3,2019,8,10
Air India,Kolkata,Banglore,non-stop,150.0,5,3,2019,14,15,5,3,2019,16,45
Jet Airways,Delhi,Cochin,1 stop,660.0,6,3,2019,8,0,6,3,2019,19,0
SpiceJet,Chennai,Kolkata,non-stop,155.0,21,3,2019,9,30,21,3,2019,12,5
Jet Airways,Kolkata,Banglore,1 stop,800.0,5,6,2019,18,55,5,7,2019,8,15
Air India,Kolkata,Banglore,1 stop,905.0,24,5,2019,16,50,25,5,2019,7,55
Jet Airways,Delhi,Cochin,2 stops,1025.0,6,12,2019,19,30,13,6,2019,12,35
IndiGo,Kolkata,Banglore,1 stop,295.0,6,6,2019,9,20,6,6,2019,14,15
IndiGo,Kolkata,Banglore,1 stop,220.0,15,4,2019,19,35,15,4,2019,23,15
Jet Airways,Delhi,Cochin,non-stop,195.0,5,12,2019,11,0,5,12,2019,14,15
IndiGo,Banglore,Delhi,non-stop,165.0,3,9,2019,1,30,3,9,2019,4,15
Jet Airways,Delhi,Cochin,1 stop,1100.0,21,5,2019,18,15,22,5,2019,12,35
Jet Airways,Kolkata,Banglore,1 stop,730.0,4,1,2019,16,30,4,2,2019,4,40
Jet Airways,Banglore,Delhi,1 stop,725.0,3,6,2019,21,25,3,7,2019,9,30
Jet Airways,Delhi,Cochin,2 stops,1375.0,27,5,2019,5,30,28,5,2019,4,25
Air India,Delhi,Cochin,2 stops,1245.0,15,5,2019,10,55,16,5,2019,7,40
IndiGo,Delhi,Cochin,1 stop,380.0,15,5,2019,16,10,15,5,2019,22,30
Jet Airways,Kolkata,Banglore,1 stop,365.0,5,6,2019,16,30,5,6,2019,22,35
Jet Airways,Delhi,Cochin,1 stop,1595.0,27,6,2019,10,0,28,6,2019,12,35
Multiple carriers,Delhi,Cochin,1 stop,555.0,27,6,2019,13,15,27,6,2019,22,30
IndiGo,Banglore,Delhi,non-stop,175.0,5,6,2019,7,10,5,6,2019,10,5
IndiGo,Delhi,Cochin,1 stop,515.0,27,5,2019,7,35,27,5,2019,16,10
IndiGo,Banglore,Delhi,non-stop,170.0,3,9,2019,16,55,3,9,2019,19,45
IndiGo,Mumbai,Hyderabad,non-stop,90.0,27,6,2019,21,20,27,6,2019,22,50
Jet Airways,Delhi,Cochin,1 stop,1165.0,15,6,2019,9,0,16,6,2019,4,25
IndiGo,Delhi,Cochin,1 stop,490.0,27,5,2019,14,20,27,5,2019,22,30
Jet Airways,Kolkata,Banglore,1 stop,475.0,5,6,2019,8,25,5,6,2019,16,20
Air India,Mumbai,Hyderabad,non-stop,80.0,27,3,2019,6,20,27,3,2019,7,40
Multiple carriers,Delhi,Cochin,1 stop,560.0,27,5,2019,11,40,27,5,2019,21,0
Multiple carriers,Delhi,Cochin,1 stop,455.0,24,5,2019,14,55,24,5,2019,22,30
IndiGo,Kolkata,Banglore,non-stop,155.0,21,4,2019,4,40,21,4,2019,7,15
Jet Airways,Kolkata,Banglore,1 stop,740.0,4,1,2019,8,25,4,1,2019,20,45
Multiple carriers,Delhi,Cochin,1 stop,505.0,3,6,2019,7,5,3,6,2019,15,30
Multiple carriers,Delhi,Cochin,1 stop,555.0,3,3,2019,13,5,3,3,2019,22,20
Jet Airways,Kolkata,Banglore,1 stop,705.0,4,1,2019,6,30,4,1,2019,18,15
IndiGo,Kolkata,Banglore,non-stop,160.0,3,1,2019,17,15,3,1,2019,19,55
Jet Airways,Delhi,Cochin,1 stop,365.0,3,6,2019,22,20,3,7,2019,4,25
Air India,Delhi,Cochin,3 stops,2280.0,15,6,2019,5,15,16,6,2019,19,15
SpiceJet,Chennai,Kolkata,non-stop,135.0,5,12,2019,8,20,5,12,2019,10,35
Jet Airways,Delhi,Cochin,1 stop,360.0,6,1,2019,13,0,6,1,2019,19,0
Jet Airways,Delhi,Cochin,1 stop,995.0,27,3,2019,2,15,27,3,2019,18,50
Multiple carriers,Delhi,Cochin,1 stop,780.0,6,9,2019,8,0,6,9,2019,21,0
Air India,Delhi,Cochin,1 stop,1455.0,6,1,2019,19,0,6,2,2019,19,15
IndiGo,Banglore,Delhi,non-stop,170.0,5,12,2019,4,0,5,12,2019,6,50
Air India,Banglore,Delhi,non-stop,165.0,5,12,2019,6,10,5,12,2019,8,55
SpiceJet,Banglore,Delhi,non-stop,170.0,6,1,2019,9,30,6,1,2019,12,20
Jet Airways,Banglore,Delhi,non-stop,175.0,18,5,2019,15,15,18,5,2019,18,10
SpiceJet,Kolkata,Banglore,non-stop,140.0,6,12,2019,22,20,13,6,2019,0,40
IndiGo,Chennai,Kolkata,non-stop,140.0,21,3,2019,19,35,21,3,2019,21,55
Multiple carriers,Delhi,Cochin,1 stop,555.0,6,12,2019,10,0,6,12,2019,19,15
Vistara,Banglore,Delhi,non-stop,175.0,3,9,2019,21,10,13,3,2019,0,5
IndiGo,Banglore,Delhi,non-stop,175.0,24,3,2019,7,10,24,3,2019,10,5
Jet Airways,Delhi,Cochin,2 stops,1615.0,6,1,2019,9,40,6,2,2019,12,35
Air India,Kolkata,Banglore,1 stop,625.0,6,9,2019,10,0,6,9,2019,20,25
IndiGo,Kolkata,Banglore,non-stop,160.0,18,3,2019,20,25,18,3,2019,23,5
Multiple carriers,Delhi,Cochin,1 stop,925.0,18,5,2019,7,5,18,5,2019,22,30
Air India,Delhi,Cochin,2 stops,1180.0,3,6,2019,12,0,3,7,2019,7,40
Jet Airways,Banglore,Delhi,1 stop,1265.0,3,3,2019,8,0,3,7,2019,5,5
Jet Airways,Banglore,Delhi,non-stop,175.0,18,6,2019,11,10,18,6,2019,14,5
Jet Airways,Kolkata,Banglore,1 stop,590.0,6,9,2019,6,30,6,9,2019,16,20
Air India,Kolkata,Banglore,2 stops,970.0,5,9,2019,16,45,5,10,2019,8,55
Air India,Delhi,Cochin,2 stops,435.0,27,3,2019,12,0,27,3,2019,19,15
Air India,Banglore,Delhi,1 stop,725.0,3,9,2019,11,50,3,9,2019,23,55
Air India,Delhi,Cochin,2 stops,1210.0,24,6,2019,13,15,25,6,2019,9,25
IndiGo,Mumbai,Hyderabad,non-stop,90.0,24,6,2019,6,25,24,6,2019,7,55
Jet Airways,Delhi,Cochin,1 stop,1610.0,3,3,2019,16,0,3,4,2019,18,50
Multiple carriers,Delhi,Cochin,1 stop,810.0,24,6,2019,7,30,24,6,2019,21,0
Jet Airways,Delhi,Cochin,2 stops,500.0,3,6,2019,20,5,3,7,2019,4,25
SpiceJet,Banglore,Delhi,non-stop,170.0,15,6,2019,9,30,15,6,2019,12,20
Multiple carriers,Delhi,Cochin,1 stop,465.0,24,5,2019,17,45,25,5,2019,1,30
Jet Airways,Kolkata,Banglore,1 stop,1155.0,5,9,2019,14,5,5,10,2019,9,20
Jet Airways,Delhi,Cochin,1 stop,1415.0,24,6,2019,13,0,25,6,2019,12,35
Air Asia,Banglore,Delhi,non-stop,170.0,6,9,2019,4,55,6,9,2019,7,45
Jet Airways,Delhi,Cochin,1 stop,335.0,18,5,2019,22,50,19,5,2019,4,25
Jet Airways,Banglore,Delhi,1 stop,900.0,21,3,2019,8,0,21,3,2019,23,0
Jet Airways,Delhi,Cochin,2 stops,1760.0,27,6,2019,23,5,29,6,2019,4,25
Jet Airways,Delhi,Cochin,1 stop,1530.0,5,9,2019,17,30,5,10,2019,19,0
IndiGo,Kolkata,Banglore,non-stop,165.0,24,3,2019,9,35,24,3,2019,12,20
Jet Airways,Delhi,Cochin,1 stop,1235.0,6,3,2019,16,0,6,4,2019,12,35
Jet Airways,Kolkata,Banglore,1 stop,1450.0,24,5,2019,9,35,25,5,2019,9,45
IndiGo,Mumbai,Hyderabad,non-stop,90.0,15,3,2019,20,5,15,3,2019,21,35
Jet Airways,Kolkata,Banglore,1 stop,400.0,5,12,2019,14,5,5,12,2019,20,45
Jet Airways,Mumbai,Hyderabad,non-stop,85.0,24,3,2019,7,10,24,3,2019,8,35
Jet Airways,Delhi,Cochin,2 stops,1300.0,24,6,2019,6,45,25,6,2019,4,25
Air India,Delhi,Cochin,2 stops,1595.0,6,3,2019,16,40,6,4,2019,19,15
Jet Airways,Kolkata,Banglore,1 stop,1595.0,24,5,2019,20,0,25,5,2019,22,35
Jet Airways,Delhi,Cochin,1 stop,925.0,6,1,2019,13,0,6,2,2019,4,25
Jet Airways,Kolkata,Banglore,1 stop,1005.0,6,6,2019,17,0,6,7,2019,9,45
Multiple carriers,Delhi,Cochin,1 stop,840.0,27,5,2019,11,30,28,5,2019,1,30
Jet Airways,Banglore,Delhi,1 stop,1055.0,3,6,2019,14,5,3,7,2019,7,40
Jet Airways,Delhi,Cochin,2 stops,1375.0,21,5,2019,5,30,22,5,2019,4,25
Air India,Kolkata,Banglore,2 stops,610.0,6,6,2019,8,20,6,6,2019,18,30
Air India,Delhi,Cochin,1 stop,570.0,27,6,2019,13,30,27,6,2019,23,0
Jet Airways,Mumbai,Hyderabad,non-stop,90.0,4,1,2019,10,20,4,1,2019,11,50
Multiple carriers,Delhi,Cochin,1 stop,485.0,3,3,2019,10,45,3,3,2019,18,50
Air India,Delhi,Cochin,1 stop,555.0,3,6,2019,10,0,3,6,2019,19,15
Jet Airways,Delhi,Cochin,1 stop,745.0,3,9,2019,16,0,3,10,2019,4,25
Jet Airways,Banglore,Delhi,non-stop,165.0,21,5,2019,6,0,21,5,2019,8,45
Jet Airways,Mumbai,Hyderabad,non-stop,85.0,6,6,2019,7,5,6,6,2019,8,30
SpiceJet,Banglore,Delhi,non-stop,175.0,27,6,2019,21,10,28,6,2019,0,5
Multiple carriers,Delhi,Cochin,1 stop,780.0,27,6,2019,6,0,27,6,2019,19,0
Air India,Banglore,Delhi,non-stop,170.0,6,9,2019,13,20,6,9,2019,16,10
Jet Airways,Kolkata,Banglore,1 stop,1005.0,6,6,2019,17,0,6,7,2019,9,45
IndiGo,Kolkata,Banglore,non-stop,155.0,4,9,2019,17,15,4,9,2019,19,50
IndiGo,Delhi,Cochin,1 stop,525.0,21,5,2019,16,10,22,5,2019,0,55
Jet Airways,Delhi,Cochin,1 stop,1570.0,21,3,2019,2,15,22,3,2019,4,25
Air India,Delhi,Cochin,1 stop,965.0,6,12,2019,17,20,13,6,2019,9,25
Jet Airways,Banglore,Delhi,1 stop,885.0,3,9,2019,9,45,13,3,2019,0,30
Jet Airways,Kolkata,Banglore,1 stop,1285.0,5,9,2019,17,0,5,10,2019,14,25
Jet Airways,Delhi,Cochin,2 stops,425.0,21,5,2019,5,30,21,5,2019,12,35
SpiceJet,Kolkata,Banglore,non-stop,160.0,27,3,2019,6,55,27,3,2019,9,35
Multiple carriers,Delhi,Cochin,1 stop,455.0,6,9,2019,11,25,6,9,2019,19,0
Air India,Banglore,Delhi,2 stops,630.0,21,3,2019,5,50,21,3,2019,16,20
Multiple carriers,Delhi,Cochin,1 stop,570.0,21,3,2019,11,30,21,3,2019,21,0
Jet Airways,Delhi,Cochin,2 stops,1775.0,27,6,2019,13,25,28,6,2019,19,0
Jet Airways,Banglore,Delhi,non-stop,175.0,6,6,2019,11,10,6,6,2019,14,5
IndiGo,Delhi,Cochin,1 stop,845.0,24,6,2019,11,25,25,6,2019,1,30
Air India,Delhi,Cochin,1 stop,1660.0,3,1,2019,4,0,3,2,2019,7,40
Jet Airways,Kolkata,Banglore,1 stop,1655.0,21,5,2019,6,30,22,5,2019,10,5
Air India,Kolkata,Banglore,2 stops,1505.0,24,5,2019,9,25,25,5,2019,10,30
Multiple carriers,Delhi,Cochin,1 stop,545.0,21,3,2019,7,5,21,3,2019,16,10
IndiGo,Mumbai,Hyderabad,non-stop,90.0,4,3,2019,16,55,4,3,2019,18,25
Jet Airways,Kolkata,Banglore,1 stop,345.0,6,12,2019,14,5,6,12,2019,19,50
Jet Airways,Banglore,Delhi,non-stop,180.0,24,6,2019,19,50,24,6,2019,22,50
Jet Airways,Delhi,Cochin,2 stops,1125.0,6,9,2019,9,40,6,10,2019,4,25
Jet Airways,Delhi,Cochin,2 stops,1620.0,6,12,2019,9,35,13,6,2019,12,35
Air India,Kolkata,Banglore,2 stops,1830.0,24,3,2019,16,45,25,3,2019,23,15
Multiple carriers,Delhi,Cochin,1 stop,870.0,3,9,2019,4,45,3,9,2019,19,15
Jet Airways,Kolkata,Banglore,1 stop,1640.0,5,6,2019,16,30,5,7,2019,19,50
Multiple carriers,Delhi,Cochin,1 stop,920.0,27,5,2019,7,10,27,5,2019,22,30
Multiple carriers,Delhi,Cochin,1 stop,690.0,27,5,2019,7,30,27,5,2019,19,0
Jet Airways,Banglore,Delhi,non-stop,180.0,18,5,2019,19,50,18,5,2019,22,50
Air India,Delhi,Cochin,non-stop,170.0,4,1,2019,5,10,4,1,2019,8,0
Air Asia,Delhi,Cochin,1 stop,865.0,21,3,2019,16,45,22,3,2019,7,10
Multiple carriers,Delhi,Cochin,1 stop,395.0,6,3,2019,6,0,6,3,2019,12,35
Jet Airways,Delhi,Cochin,1 stop,600.0,15,6,2019,9,0,15,6,2019,19,0
IndiGo,Delhi,Cochin,1 stop,425.0,27,3,2019,8,25,27,3,2019,15,30
SpiceJet,Delhi,Cochin,1 stop,270.0,15,4,2019,8,45,15,4,2019,13,15
Jet Airways,Banglore,Delhi,1 stop,610.0,18,3,2019,22,50,19,3,2019,9,0
IndiGo,Delhi,Cochin,2 stops,565.0,3,3,2019,11,55,3,3,2019,21,20
Multiple carriers,Delhi,Cochin,1 stop,845.0,21,3,2019,4,45,21,3,2019,18,50
Multiple carriers,Delhi,Cochin,1 stop,780.0,3,9,2019,8,0,3,9,2019,21,0
IndiGo,Banglore,Delhi,non-stop,170.0,3,1,2019,23,30,3,2,2019,2,20
Air India,Delhi,Cochin,2 stops,1305.0,3,9,2019,21,30,3,10,2019,19,15
Air Asia,Delhi,Cochin,1 stop,340.0,6,1,2019,16,45,6,1,2019,22,25
Jet Airways,Banglore,Delhi,non-stop,180.0,6,9,2019,17,45,6,9,2019,20,45
IndiGo,Delhi,Cochin,1 stop,425.0,5,9,2019,5,5,5,9,2019,12,10
SpiceJet,Kolkata,Banglore,non-stop,155.0,18,6,2019,6,55,18,6,2019,9,30
GoAir,Delhi,Cochin,1 stop,355.0,21,5,2019,7,0,21,5,2019,12,55
Jet Airways,Delhi,Cochin,1 stop,1270.0,21,5,2019,21,50,22,5,2019,19,0
IndiGo,Delhi,Cochin,non-stop,195.0,18,6,2019,5,35,18,6,2019,8,50
Air India,Kolkata,Banglore,1 stop,1700.0,5,1,2019,16,45,5,2,2019,21,5
Jet Airways,Delhi,Cochin,1 stop,1415.0,27,6,2019,13,0,28,6,2019,12,35
Jet Airways,Banglore,Delhi,1 stop,1550.0,3,9,2019,8,55,13,3,2019,10,45
Air India,Delhi,Cochin,1 stop,1420.0,21,3,2019,9,45,22,3,2019,9,25
Jet Airways,Banglore,Delhi,non-stop,180.0,21,6,2019,17,45,21,6,2019,20,45
Jet Airways,Banglore,Delhi,non-stop,165.0,24,5,2019,6,0,24,5,2019,8,45
Vistara,Banglore,Delhi,non-stop,155.0,5,9,2019,17,0,5,9,2019,19,35
Multiple carriers,Delhi,Cochin,1 stop,910.0,18,5,2019,10,20,19,5,2019,1,30
Vistara,Kolkata,Banglore,1 stop,930.0,5,12,2019,7,10,5,12,2019,22,40
IndiGo,Banglore,Delhi,non-stop,180.0,4,9,2019,16,55,4,9,2019,19,55
Air India,Kolkata,Banglore,2 stops,920.0,24,5,2019,10,0,25,5,2019,1,20
Jet Airways,Delhi,Cochin,1 stop,1005.0,4,6,2019,2,15,4,6,2019,19,0
Air India,Delhi,Cochin,1 stop,555.0,6,3,2019,10,0,6,3,2019,19,15
Air India,Delhi,Cochin,2 stops,1395.0,3,9,2019,20,0,3,10,2019,19,15
IndiGo,Banglore,Delhi,non-stop,170.0,5,1,2019,13,0,5,1,2019,15,50
IndiGo,Delhi,Cochin,1 stop,275.0,6,12,2019,7,35,6,12,2019,12,10
Air India,Delhi,Cochin,2 stops,1420.0,21,3,2019,9,45,22,3,2019,9,25
IndiGo,Banglore,Delhi,non-stop,175.0,4,9,2019,18,25,4,9,2019,21,20
Jet Airways,Delhi,Cochin,2 stops,560.0,6,3,2019,9,40,6,3,2019,19,0
Jet Airways,Banglore,Delhi,1 stop,805.0,3,1,2019,5,45,3,1,2019,19,10
IndiGo,Kolkata,Banglore,non-stop,155.0,6,12,2019,20,20,6,12,2019,22,55
Jet Airways,Delhi,Cochin,2 stops,810.0,6,12,2019,5,30,6,12,2019,19,0
Air Asia,Banglore,Delhi,non-stop,165.0,3,1,2019,23,25,3,2,2019,2,10
Jet Airways,Kolkata,Banglore,1 stop,890.0,24,5,2019,21,10,25,5,2019,12,0
Multiple carriers,Delhi,Cochin,1 stop,390.0,6,6,2019,19,0,6,7,2019,1,30
Multiple carriers,Delhi,Cochin,1 stop,780.0,15,6,2019,8,0,15,6,2019,21,0
Air India,Banglore,Delhi,non-stop,170.0,27,4,2019,21,5,27,4,2019,23,55
Vistara Premium economy,Chennai,Kolkata,non-stop,135.0,3,1,2019,7,5,3,1,2019,9,20
Multiple carriers,Delhi,Cochin,1 stop,845.0,3,6,2019,4,45,3,6,2019,18,50
IndiGo,Delhi,Cochin,1 stop,315.0,27,5,2019,7,15,27,5,2019,12,30
IndiGo,Banglore,Delhi,non-stop,170.0,5,3,2019,22,10,5,4,2019,1,0
Air India,Banglore,Delhi,non-stop,170.0,24,3,2019,13,20,24,3,2019,16,10
Jet Airways,Kolkata,Banglore,1 stop,1550.0,6,6,2019,18,55,6,7,2019,20,45
IndiGo,Delhi,Cochin,2 stops,765.0,3,6,2019,8,35,3,6,2019,21,20
IndiGo,Banglore,Delhi,1 stop,300.0,3,3,2019,14,25,3,3,2019,19,25
Air India,Delhi,Cochin,1 stop,1640.0,3,6,2019,6,5,3,7,2019,9,25
Vistara,Kolkata,Banglore,1 stop,1395.0,24,3,2019,9,55,25,3,2019,9,10
Jet Airways,Kolkata,Banglore,1 stop,1495.0,18,5,2019,8,25,19,5,2019,9,20
IndiGo,Delhi,Cochin,1 stop,375.0,21,5,2019,11,55,21,5,2019,18,10
IndiGo,Mumbai,Hyderabad,non-stop,90.0,5,9,2019,16,55,5,9,2019,18,25
Jet Airways,Delhi,Cochin,1 stop,1110.0,27,3,2019,9,55,28,3,2019,4,25
Jet Airways,Banglore,Delhi,non-stop,180.0,4,9,2019,7,10,4,9,2019,10,10
Multiple carriers,Delhi,Cochin,1 stop,480.0,5,9,2019,13,0,5,9,2019,21,0
Air India,Delhi,Cochin,2 stops,1275.0,18,5,2019,22,0,19,5,2019,19,15
Air India,Banglore,Delhi,1 stop,745.0,15,3,2019,10,30,15,3,2019,22,55
Air India,Banglore,Delhi,2 stops,875.0,3,1,2019,8,50,3,1,2019,23,25
IndiGo,Mumbai,Hyderabad,non-stop,85.0,21,3,2019,6,20,21,3,2019,7,45
IndiGo,Mumbai,Hyderabad,non-stop,90.0,6,12,2019,6,25,6,12,2019,7,55
IndiGo,Banglore,Delhi,non-stop,170.0,15,6,2019,4,0,15,6,2019,6,50
GoAir,Delhi,Cochin,1 stop,355.0,4,3,2019,7,0,4,3,2019,12,55
Air India,Delhi,Cochin,1 stop,1215.0,3,1,2019,23,0,3,2,2019,19,15
IndiGo,Banglore,Delhi,1 stop,295.0,3,3,2019,13,40,3,3,2019,18,35
Jet Airways,Kolkata,Banglore,1 stop,1610.0,24,3,2019,19,45,25,3,2019,22,35
Air India,Delhi,Cochin,3 stops,2280.0,18,5,2019,5,15,19,5,2019,19,15
Jet Airways,Banglore,Delhi,non-stop,180.0,4,6,2019,17,45,4,6,2019,20,45
Jet Airways,Delhi,Cochin,1 stop,540.0,24,6,2019,10,0,24,6,2019,19,0
Jet Airways,Delhi,Cochin,1 stop,1015.0,3,3,2019,11,30,3,4,2019,4,25
Air India,Mumbai,Hyderabad,non-stop,75.0,4,1,2019,19,30,4,1,2019,20,45
Jet Airways,Delhi,Cochin,2 stops,810.0,4,9,2019,23,5,4,10,2019,12,35
Air India,Delhi,Cochin,2 stops,1560.0,21,5,2019,17,15,22,5,2019,19,15
Multiple carriers,Delhi,Cochin,1 stop,730.0,5,9,2019,7,5,5,9,2019,19,15
Multiple carriers,Delhi,Cochin,1 stop,720.0,15,5,2019,9,0,15,5,2019,21,0
Jet Airways,Banglore,Delhi,1 stop,550.0,15,3,2019,7,0,15,3,2019,16,10
Jet Airways,Delhi,Cochin,1 stop,1395.0,15,6,2019,19,45,16,6,2019,19,0
Jet Airways,Banglore,Delhi,1 stop,615.0,21,3,2019,8,55,21,3,2019,19,10
Multiple carriers,Delhi,Cochin,1 stop,485.0,21,3,2019,17,30,22,3,2019,1,35
Vistara,Banglore,Delhi,non-stop,155.0,24,3,2019,16,0,24,3,2019,18,35
IndiGo,Banglore,Delhi,non-stop,175.0,27,6,2019,7,10,27,6,2019,10,5
Jet Airways,Delhi,Cochin,1 stop,1295.0,24,6,2019,15,0,25,6,2019,12,35
IndiGo,Kolkata,Banglore,non-stop,150.0,6,6,2019,15,15,6,6,2019,17,45
IndiGo,Kolkata,Banglore,non-stop,155.0,18,3,2019,15,20,18,3,2019,17,55
Air India,Kolkata,Banglore,2 stops,445.0,6,12,2019,5,50,6,12,2019,13,15
Jet Airways,Banglore,Delhi,1 stop,615.0,3,6,2019,21,25,3,7,2019,7,40
IndiGo,Chennai,Kolkata,non-stop,140.0,3,9,2019,7,55,3,9,2019,10,15
IndiGo,Delhi,Cochin,1 stop,320.0,18,5,2019,6,50,18,5,2019,12,10
Jet Airways,Delhi,Cochin,1 stop,620.0,27,5,2019,2,15,27,5,2019,12,35
IndiGo,Delhi,Cochin,1 stop,275.0,3,3,2019,5,35,3,3,2019,10,10
Jet Airways,Delhi,Cochin,1 stop,865.0,21,3,2019,14,0,22,3,2019,4,25
Air India,Banglore,Delhi,non-stop,165.0,18,3,2019,10,0,18,3,2019,12,45
IndiGo,Banglore,Delhi,non-stop,170.0,6,3,2019,23,30,6,4,2019,2,20
Air India,Banglore,Delhi,non-stop,165.0,5,9,2019,17,0,5,9,2019,19,45
Jet Airways,Banglore,Delhi,1 stop,625.0,3,1,2019,8,0,3,1,2019,18,25
IndiGo,Kolkata,Banglore,non-stop,155.0,4,6,2019,17,15,4,6,2019,19,50
Multiple carriers,Delhi,Cochin,2 stops,460.0,15,6,2019,17,50,16,6,2019,1,30
Multiple carriers,Delhi,Cochin,1 stop,615.0,6,3,2019,15,15,6,4,2019,1,30
IndiGo,Delhi,Cochin,1 stop,490.0,6,12,2019,14,20,6,12,2019,22,30
Multiple carriers,Delhi,Cochin,1 stop,545.0,15,6,2019,7,5,15,6,2019,16,10
Jet Airways,Banglore,Delhi,non-stop,165.0,21,6,2019,6,0,21,6,2019,8,45
Jet Airways,Banglore,Delhi,1 stop,640.0,3,1,2019,22,50,3,2,2019,9,30
SpiceJet,Kolkata,Banglore,non-stop,150.0,4,12,2019,17,10,4,12,2019,19,40
IndiGo,Banglore,Delhi,non-stop,180.0,6,1,2019,21,15,6,2,2019,0,15
SpiceJet,Kolkata,Banglore,non-stop,145.0,27,6,2019,9,0,27,6,2019,11,25
Jet Airways,Delhi,Cochin,2 stops,1430.0,5,9,2019,19,10,5,10,2019,19,0
SpiceJet,Banglore,Delhi,non-stop,170.0,24,6,2019,9,30,24,6,2019,12,20
Jet Airways,Delhi,Cochin,1 stop,1015.0,6,3,2019,11,30,6,4,2019,4,25
Jet Airways,Delhi,Cochin,2 stops,1380.0,27,3,2019,5,25,28,3,2019,4,25
IndiGo,Banglore,Delhi,non-stop,170.0,5,3,2019,8,30,5,3,2019,11,20
Jet Airways,Mumbai,Hyderabad,non-stop,85.0,5,1,2019,2,55,5,1,2019,4,20
Multiple carriers,Delhi,Cochin,1 stop,480.0,5,6,2019,13,0,5,6,2019,21,0
Multiple carriers,Delhi,Cochin,1 stop,810.0,15,5,2019,7,30,15,5,2019,21,0
Jet Airways,Kolkata,Banglore,1 stop,845.0,5,9,2019,20,0,5,10,2019,10,5
Jet Airways,Delhi,Cochin,2 stops,1125.0,6,6,2019,9,40,6,7,2019,4,25
Jet Airways,Kolkata,Banglore,1 stop,800.0,21,5,2019,20,25,22,5,2019,9,45
Jet Airways,Kolkata,Banglore,1 stop,1170.0,6,12,2019,16,30,13,6,2019,12,0
IndiGo,Delhi,Cochin,1 stop,630.0,4,9,2019,15,0,4,10,2019,1,30
Jet Airways,Kolkata,Banglore,1 stop,855.0,4,1,2019,6,30,4,1,2019,20,45
Air India,Banglore,Delhi,2 stops,2315.0,18,3,2019,8,50,19,3,2019,23,25
Multiple carriers,Delhi,Cochin,1 stop,455.0,24,6,2019,11,25,24,6,2019,19,0
Jet Airways,Banglore,Delhi,non-stop,180.0,27,5,2019,7,10,27,5,2019,10,10
Air India,Kolkata,Banglore,3 stops,1470.0,5,6,2019,10,0,5,7,2019,10,30
Air India,Delhi,Cochin,2 stops,1395.0,21,5,2019,20,0,22,5,2019,19,15
Jet Airways,Delhi,Cochin,2 stops,1325.0,27,3,2019,6,20,28,3,2019,4,25
Air India,Delhi,Cochin,2 stops,1545.0,15,5,2019,5,55,16,5,2019,7,40
Air India,Delhi,Cochin,1 stop,795.0,6,6,2019,9,45,6,6,2019,23,0
Air Asia,Kolkata,Banglore,2 stops,450.0,24,3,2019,15,25,24,3,2019,22,55
Jet Airways,Kolkata,Banglore,1 stop,1080.0,15,5,2019,20,25,16,5,2019,14,25
Jet Airways,Banglore,Delhi,1 stop,930.0,3,12,2019,18,55,13,3,2019,10,25
SpiceJet,Banglore,Delhi,non-stop,175.0,6,6,2019,21,10,6,7,2019,0,5
SpiceJet,Kolkata,Banglore,non-stop,155.0,6,1,2019,6,55,6,1,2019,9,30
SpiceJet,Banglore,Delhi,non-stop,170.0,18,3,2019,20,30,18,3,2019,23,20
Jet Airways,Kolkata,Banglore,1 stop,590.0,6,9,2019,6,30,6,9,2019,16,20
Air India,Banglore,Delhi,non-stop,165.0,24,5,2019,6,10,24,5,2019,8,55
IndiGo,Chennai,Kolkata,non-stop,140.0,3,3,2019,7,55,3,3,2019,10,15
Jet Airways,Mumbai,Hyderabad,non-stop,85.0,5,6,2019,7,5,5,6,2019,8,30
IndiGo,Banglore,Delhi,non-stop,170.0,5,6,2019,20,0,5,6,2019,22,50
Jet Airways,Delhi,Cochin,1 stop,1440.0,27,3,2019,19,45,28,3,2019,19,45
Jet Airways,Delhi,Cochin,1 stop,1530.0,5,9,2019,17,30,5,10,2019,19,0
Air India,Kolkata,Banglore,1 stop,375.0,5,1,2019,10,0,5,1,2019,16,15
IndiGo,Kolkata,Banglore,non-stop,155.0,5,1,2019,11,30,5,1,2019,14,5
Air India,Kolkata,Banglore,2 stops,805.0,5,6,2019,9,50,5,6,2019,23,15
Jet Airways,Delhi,Cochin,1 stop,1355.0,24,6,2019,14,0,25,6,2019,12,35
Multiple carriers,Delhi,Cochin,1 stop,840.0,15,6,2019,7,0,15,6,2019,21,0
IndiGo,Banglore,Delhi,non-stop,175.0,3,3,2019,10,5,3,3,2019,13,0
Jet Airways,Kolkata,Banglore,1 stop,845.0,5,12,2019,20,0,13,5,2019,10,5
Multiple carriers,Delhi,Cochin,1 stop,760.0,5,9,2019,12,50,5,10,2019,1,30
Air India,Delhi,Cochin,non-stop,170.0,3,9,2019,5,10,3,9,2019,8,0
Vistara,Banglore,Delhi,non-stop,160.0,15,6,2019,7,0,15,6,2019,9,40
Jet Airways,Kolkata,Banglore,1 stop,840.0,5,12,2019,9,35,5,12,2019,23,35
IndiGo,Mumbai,Hyderabad,non-stop,90.0,6,1,2019,16,55,6,1,2019,18,25
IndiGo,Delhi,Cochin,2 stops,880.0,27,3,2019,6,40,27,3,2019,21,20
Jet Airways,Delhi,Cochin,1 stop,715.0,27,6,2019,7,5,27,6,2019,19,0
IndiGo,Delhi,Cochin,1 stop,885.0,3,3,2019,7,35,3,3,2019,22,20
Air India,Delhi,Cochin,2 stops,1820.0,6,12,2019,12,55,13,6,2019,19,15
Air India,Delhi,Cochin,non-stop,170.0,21,4,2019,5,10,21,4,2019,8,0
Air India,Kolkata,Banglore,1 stop,1605.0,24,3,2019,20,30,25,3,2019,23,15
Jet Airways,Kolkata,Banglore,1 stop,1500.0,5,6,2019,17,0,5,7,2019,18,0
Multiple carriers,Delhi,Cochin,1 stop,585.0,24,6,2019,9,15,24,6,2019,19,0
IndiGo,Delhi,Cochin,1 stop,825.0,3,3,2019,8,35,3,3,2019,22,20
IndiGo,Banglore,Delhi,non-stop,175.0,3,3,2019,7,10,3,3,2019,10,5
Jet Airways,Banglore,Delhi,1 stop,1045.0,3,6,2019,11,40,3,7,2019,5,5
Jet Airways,Delhi,Cochin,2 stops,1375.0,6,12,2019,5,30,13,6,2019,4,25
SpiceJet,Banglore,Delhi,non-stop,170.0,27,5,2019,9,30,27,5,2019,12,20
Air India,Banglore,Delhi,non-stop,165.0,21,6,2019,6,10,21,6,2019,8,55
Vistara,Delhi,Cochin,non-stop,190.0,6,12,2019,14,40,6,12,2019,17,50
SpiceJet,Delhi,Cochin,1 stop,295.0,15,4,2019,17,55,15,4,2019,22,50
Air India,Delhi,Cochin,2 stops,1275.0,27,6,2019,22,0,28,6,2019,19,15
IndiGo,Banglore,Delhi,non-stop,175.0,27,6,2019,18,25,27,6,2019,21,20
IndiGo,Delhi,Cochin,1 stop,570.0,4,9,2019,16,0,4,10,2019,1,30
Air India,Delhi,Cochin,1 stop,735.0,21,3,2019,7,0,21,3,2019,19,15
Air Asia,Delhi,Cochin,1 stop,330.0,21,4,2019,7,55,21,4,2019,13,25
SpiceJet,Mumbai,Hyderabad,non-stop,90.0,15,6,2019,5,45,15,6,2019,7,15
IndiGo,Delhi,Cochin,non-stop,195.0,27,5,2019,14,25,27,5,2019,17,40
IndiGo,Chennai,Kolkata,non-stop,140.0,3,9,2019,5,15,3,9,2019,7,35
IndiGo,Mumbai,Hyderabad,non-stop,90.0,4,1,2019,19,5,4,1,2019,20,35
Multiple carriers,Delhi,Cochin,1 stop,470.0,15,6,2019,11,25,15,6,2019,19,15
IndiGo,Delhi,Cochin,1 stop,420.0,3,6,2019,18,35,3,7,2019,1,35
Air India,Banglore,Delhi,non-stop,170.0,18,4,2019,13,20,18,4,2019,16,10
IndiGo,Chennai,Kolkata,non-stop,145.0,3,6,2019,11,35,3,6,2019,14,0
Air India,Kolkata,Banglore,1 stop,1700.0,5,12,2019,16,45,13,5,2019,21,5
Air India,Delhi,Cochin,2 stops,1410.0,3,3,2019,19,45,3,4,2019,19,15
Multiple carriers,Delhi,Cochin,1 stop,910.0,27,3,2019,7,10,27,3,2019,22,20
Vistara,Banglore,Delhi,non-stop,170.0,5,1,2019,9,45,5,1,2019,12,35
Jet Airways,Kolkata,Banglore,1 stop,725.0,24,3,2019,21,10,25,3,2019,9,15
Air India,Kolkata,Banglore,2 stops,955.0,18,5,2019,9,25,19,5,2019,1,20
IndiGo,Delhi,Cochin,1 stop,895.0,6,9,2019,10,35,6,10,2019,1,30
IndiGo,Delhi,Cochin,1 stop,280.0,21,3,2019,21,5,22,3,2019,1,45
Jet Airways,Delhi,Cochin,1 stop,1145.0,27,6,2019,17,30,28,6,2019,12,35
Air India,Delhi,Cochin,2 stops,1380.0,27,5,2019,20,15,28,5,2019,19,15
Air India,Delhi,Cochin,1 stop,765.0,3,6,2019,20,40,3,7,2019,9,25
SpiceJet,Banglore,Delhi,non-stop,170.0,5,12,2019,9,30,5,12,2019,12,20
Vistara,Banglore,Delhi,non-stop,160.0,24,3,2019,12,0,24,3,2019,14,40
Jet Airways,Delhi,Cochin,2 stops,1125.0,6,12,2019,9,40,13,6,2019,4,25
Jet Airways,Delhi,Cochin,1 stop,1425.0,6,1,2019,19,15,6,2,2019,19,0
Jet Airways,Delhi,Cochin,2 stops,1760.0,27,5,2019,23,5,29,5,2019,4,25
Air India,Delhi,Cochin,2 stops,1795.0,21,5,2019,13,20,22,5,2019,19,15
Multiple carriers,Delhi,Cochin,1 stop,455.0,27,5,2019,14,55,27,5,2019,22,30
Jet Airways,Delhi,Cochin,1 stop,650.0,27,3,2019,8,0,27,3,2019,18,50
Multiple carriers,Delhi,Cochin,1 stop,395.0,24,6,2019,6,0,24,6,2019,12,35
IndiGo,Chennai,Kolkata,non-stop,140.0,15,3,2019,19,35,15,3,2019,21,55
Multiple carriers,Delhi,Cochin,1 stop,665.0,4,9,2019,7,5,4,9,2019,18,10
SpiceJet,Delhi,Cochin,1 stop,360.0,21,3,2019,15,55,21,3,2019,21,55
Air India,Banglore,Delhi,non-stop,170.0,4,12,2019,21,5,4,12,2019,23,55
Jet Airways,Banglore,Delhi,non-stop,180.0,6,3,2019,8,20,6,3,2019,11,20
IndiGo,Delhi,Cochin,1 stop,300.0,27,4,2019,16,0,27,4,2019,21,0
SpiceJet,Chennai,Kolkata,non-stop,155.0,3,6,2019,9,30,3,6,2019,12,5
IndiGo,Chennai,Kolkata,non-stop,140.0,5,1,2019,14,45,5,1,2019,17,5
IndiGo,Kolkata,Banglore,non-stop,160.0,3,1,2019,21,25,3,2,2019,0,5
Jet Airways,Mumbai,Hyderabad,non-stop,90.0,18,3,2019,10,20,18,3,2019,11,50
IndiGo,Kolkata,Banglore,non-stop,155.0,15,4,2019,15,30,15,4,2019,18,5
Jet Airways,Banglore,Delhi,1 stop,1170.0,3,12,2019,22,55,13,3,2019,18,25
Multiple carriers,Delhi,Cochin,1 stop,720.0,5,9,2019,7,0,5,9,2019,19,0
Air India,Delhi,Cochin,2 stops,1490.0,6,3,2019,6,50,6,4,2019,7,40
Air India,Kolkata,Banglore,2 stops,1385.0,21,5,2019,9,50,22,5,2019,8,55
Air India,Banglore,Delhi,1 stop,745.0,3,1,2019,10,30,3,1,2019,22,55
Air India,Banglore,Delhi,non-stop,170.0,6,3,2019,21,5,6,3,2019,23,55
Jet Airways,Delhi,Cochin,1 stop,1225.0,5,9,2019,8,0,5,10,2019,4,25
Multiple carriers,Delhi,Cochin,1 stop,375.0,6,1,2019,13,0,6,1,2019,19,15
Air India,Banglore,Delhi,non-stop,165.0,27,5,2019,17,0,27,5,2019,19,45
Jet Airways,Delhi,Cochin,2 stops,1380.0,27,3,2019,5,25,28,3,2019,4,25
IndiGo,Delhi,Cochin,1 stop,300.0,3,9,2019,16,0,3,9,2019,21,0
Jet Airways,Kolkata,Banglore,1 stop,1220.0,4,1,2019,20,0,4,2,2019,16,20
Air India,Kolkata,Banglore,2 stops,1660.0,4,1,2019,16,45,4,2,2019,20,25
Jet Airways,Delhi,Cochin,2 stops,1375.0,5,9,2019,5,30,5,10,2019,4,25
IndiGo,Delhi,Cochin,1 stop,480.0,21,3,2019,14,20,21,3,2019,22,20
IndiGo,Kolkata,Banglore,non-stop,155.0,5,9,2019,17,15,5,9,2019,19,50
Jet Airways,Kolkata,Banglore,1 stop,330.0,24,5,2019,6,30,24,5,2019,12,0
IndiGo,Banglore,Delhi,non-stop,170.0,15,4,2019,8,30,15,4,2019,11,20
Jet Airways,Delhi,Cochin,2 stops,1775.0,27,6,2019,13,25,28,6,2019,19,0
Multiple carriers,Delhi,Cochin,1 stop,480.0,27,5,2019,13,0,27,5,2019,21,0
IndiGo,Delhi,Cochin,1 stop,750.0,24,6,2019,8,30,24,6,2019,21,0
Air India,Banglore,Delhi,non-stop,165.0,24,3,2019,6,10,24,3,2019,8,55
IndiGo,Banglore,Delhi,non-stop,170.0,18,4,2019,22,10,19,4,2019,1,0
Jet Airways,Kolkata,Banglore,1 stop,590.0,18,5,2019,8,25,18,5,2019,18,15
IndiGo,Delhi,Cochin,1 stop,860.0,3,6,2019,6,40,3,6,2019,21,0
Jet Airways,Banglore,Delhi,1 stop,740.0,3,6,2019,8,0,3,6,2019,20,20
Air India,Kolkata,Banglore,2 stops,1700.0,5,1,2019,9,25,5,2,2019,13,45
Jet Airways,Delhi,Cochin,1 stop,520.0,21,3,2019,19,45,22,3,2019,4,25
Jet Airways,Kolkata,Banglore,1 stop,1745.0,24,5,2019,17,0,25,5,2019,22,5
Vistara,Kolkata,Banglore,1 stop,1550.0,6,6,2019,17,0,6,7,2019,18,50
IndiGo,Banglore,Delhi,non-stop,180.0,4,12,2019,16,55,4,12,2019,19,55
Air India,Mumbai,Hyderabad,non-stop,80.0,3,12,2019,21,5,3,12,2019,22,25
Air India,Banglore,Delhi,1 stop,325.0,3,9,2019,6,50,3,9,2019,12,15
SpiceJet,Mumbai,Hyderabad,non-stop,90.0,5,1,2019,13,15,5,1,2019,14,45
Jet Airways,Delhi,Cochin,1 stop,885.0,6,12,2019,21,50,13,6,2019,12,35
Jet Airways,Kolkata,Banglore,1 stop,875.0,6,12,2019,14,5,13,6,2019,4,40
Multiple carriers,Delhi,Cochin,1 stop,505.0,15,5,2019,10,35,15,5,2019,19,0
Multiple carriers,Delhi,Cochin,1 stop,755.0,3,6,2019,9,45,3,6,2019,22,20
Air India,Kolkata,Banglore,2 stops,1170.0,4,3,2019,9,10,4,4,2019,4,40
SpiceJet,Delhi,Cochin,1 stop,270.0,6,6,2019,8,45,6,6,2019,13,15
Multiple carriers,Delhi,Cochin,1 stop,570.0,27,6,2019,11,30,27,6,2019,21,0
Air India,Kolkata,Banglore,2 stops,1100.0,5,12,2019,7,0,13,5,2019,1,20
Jet Airways,Delhi,Cochin,1 stop,440.0,3,3,2019,11,30,3,3,2019,18,50
IndiGo,Banglore,Delhi,non-stop,170.0,21,6,2019,4,0,21,6,2019,6,50
Air India,Kolkata,Banglore,1 stop,545.0,18,5,2019,9,25,18,5,2019,18,30
Multiple carriers,Delhi,Cochin,1 stop,680.0,3,6,2019,7,30,3,6,2019,18,50
Multiple carriers,Delhi,Cochin,1 stop,480.0,21,5,2019,13,0,21,5,2019,21,0
GoAir,Delhi,Cochin,1 stop,540.0,5,9,2019,10,35,5,9,2019,19,35
IndiGo,Delhi,Cochin,1 stop,415.0,6,6,2019,18,35,6,7,2019,1,30
Jet Airways,Kolkata,Banglore,1 stop,450.0,6,9,2019,21,10,6,10,2019,4,40
Jet Airways,Kolkata,Banglore,1 stop,590.0,24,3,2019,6,30,24,3,2019,16,20
Jet Airways,Kolkata,Banglore,1 stop,775.0,24,3,2019,21,10,25,3,2019,10,5
Jet Airways,Kolkata,Banglore,1 stop,435.0,15,5,2019,10,20,15,5,2019,17,35
Jet Airways,Kolkata,Banglore,1 stop,1285.0,24,5,2019,18,55,25,5,2019,16,20
IndiGo,Delhi,Cochin,1 stop,320.0,3,6,2019,6,40,3,6,2019,12,0
Jet Airways,Delhi,Cochin,2 stops,810.0,6,12,2019,5,30,6,12,2019,19,0
Air India,Delhi,Cochin,2 stops,1395.0,3,3,2019,20,0,3,4,2019,19,15
Jet Airways,Banglore,Delhi,1 stop,995.0,3,12,2019,16,55,13,3,2019,9,30
Jet Airways,Delhi,Cochin,1 stop,1280.0,3,6,2019,7,5,3,7,2019,4,25
IndiGo,Delhi,Cochin,1 stop,845.0,27,3,2019,11,30,28,3,2019,1,35
Air India,Delhi,Cochin,2 stops,1380.0,6,12,2019,20,15,13,6,2019,19,15
Vistara,Mumbai,Hyderabad,1 stop,1290.0,3,6,2019,11,55,3,7,2019,9,25
Multiple carriers Premium economy,Delhi,Cochin,1 stop,395.0,21,3,2019,19,0,22,3,2019,1,35
Air India,Delhi,Cochin,1 stop,1590.0,18,5,2019,20,30,19,5,2019,23,0
Air India,Delhi,Cochin,1 stop,1660.0,3,6,2019,4,0,3,7,2019,7,40
IndiGo,Delhi,Cochin,1 stop,425.0,27,6,2019,5,5,27,6,2019,12,10
IndiGo,Delhi,Cochin,1 stop,370.0,3,6,2019,16,10,3,6,2019,22,20
Jet Airways,Kolkata,Banglore,1 stop,1400.0,6,6,2019,18,55,6,7,2019,18,15
Jet Airways,Delhi,Cochin,1 stop,650.0,21,3,2019,8,0,21,3,2019,18,50
IndiGo,Delhi,Cochin,1 stop,305.0,27,6,2019,20,25,28,6,2019,1,30
SpiceJet,Kolkata,Banglore,non-stop,145.0,4,9,2019,9,0,4,9,2019,11,25
Vistara,Banglore,Delhi,non-stop,170.0,5,6,2019,9,45,5,6,2019,12,35
Jet Airways,Kolkata,Banglore,1 stop,1200.0,21,5,2019,14,5,22,5,2019,10,5
Jet Airways,Delhi,Cochin,1 stop,715.0,21,5,2019,7,5,21,5,2019,19,0
Multiple carriers,Delhi,Cochin,1 stop,705.0,27,3,2019,7,30,27,3,2019,19,15
Air India,Delhi,Cochin,1 stop,1010.0,21,3,2019,6,10,21,3,2019,23,0
Multiple carriers,Delhi,Cochin,1 stop,570.0,15,5,2019,16,0,16,5,2019,1,30
GoAir,Banglore,Delhi,non-stop,165.0,6,12,2019,20,55,6,12,2019,23,40
Vistara,Kolkata,Banglore,1 stop,700.0,5,1,2019,7,10,5,1,2019,18,50
Multiple carriers,Delhi,Cochin,1 stop,520.0,15,5,2019,10,35,15,5,2019,19,15
IndiGo,Banglore,Delhi,non-stop,170.0,6,6,2019,0,25,6,6,2019,3,15
Air India,Delhi,Cochin,1 stop,1360.0,18,5,2019,9,0,19,5,2019,7,40
Jet Airways,Delhi,Cochin,1 stop,1355.0,27,5,2019,14,0,28,5,2019,12,35
Jet Airways,Banglore,Delhi,1 stop,1445.0,24,3,2019,8,55,25,3,2019,9,0
IndiGo,Kolkata,Banglore,non-stop,165.0,6,3,2019,20,25,6,3,2019,23,10
Air Asia,Kolkata,Banglore,non-stop,150.0,15,5,2019,22,50,16,5,2019,1,20
Jet Airways,Kolkata,Banglore,1 stop,1025.0,24,3,2019,18,55,25,3,2019,12,0
Jet Airways,Banglore,Delhi,1 stop,1090.0,15,3,2019,14,5,16,3,2019,8,15
Jet Airways,Kolkata,Banglore,1 stop,800.0,18,5,2019,18,55,19,5,2019,8,15
Air India,Delhi,Cochin,2 stops,1275.0,27,5,2019,22,0,28,5,2019,19,15
GoAir,Delhi,Cochin,1 stop,310.0,15,5,2019,14,25,15,5,2019,19,35
Jet Airways,Delhi,Cochin,non-stop,195.0,27,5,2019,11,0,27,5,2019,14,15
IndiGo,Banglore,Delhi,1 stop,300.0,3,3,2019,19,35,3,7,2019,0,35
Air India,Delhi,Cochin,2 stops,1180.0,6,6,2019,12,0,6,7,2019,7,40
Jet Airways,Kolkata,Banglore,1 stop,1335.0,6,9,2019,20,0,6,10,2019,18,15
SpiceJet,Chennai,Kolkata,non-stop,140.0,18,5,2019,17,45,18,5,2019,20,5
Jet Airways,Kolkata,Banglore,1 stop,775.0,5,1,2019,21,10,5,2,2019,10,5
Jet Airways,Kolkata,Banglore,1 stop,1655.0,24,3,2019,8,25,25,3,2019,12,0
Jet Airways,Mumbai,Hyderabad,non-stop,90.0,18,3,2019,2,55,18,3,2019,4,25
Air India,Kolkata,Banglore,2 stops,1165.0,6,6,2019,10,0,6,7,2019,5,25
Jet Airways,Kolkata,Banglore,1 stop,365.0,5,12,2019,16,30,5,12,2019,22,35
Air India,Kolkata,Banglore,2 stops,1100.0,5,6,2019,7,0,5,7,2019,1,20
Multiple carriers,Delhi,Cochin,1 stop,600.0,15,6,2019,9,0,15,6,2019,19,0
Air India,Delhi,Cochin,1 stop,765.0,21,5,2019,20,40,22,5,2019,9,25
Air India,Delhi,Cochin,2 stops,1580.0,6,6,2019,7,5,6,7,2019,9,25
Jet Airways,Banglore,Delhi,non-stop,175.0,4,1,2019,15,15,4,1,2019,18,10
Air India,Delhi,Cochin,1 stop,555.0,21,5,2019,10,0,21,5,2019,19,15
Jet Airways,Kolkata,Banglore,1 stop,1170.0,5,1,2019,16,30,5,2,2019,12,0
Air India,Banglore,Delhi,non-stop,165.0,18,5,2019,17,0,18,5,2019,19,45
Air India,Kolkata,Banglore,2 stops,1555.0,24,5,2019,9,10,25,5,2019,11,5
Jet Airways,Kolkata,Banglore,1 stop,520.0,6,6,2019,20,0,6,7,2019,4,40
Jet Airways,Banglore,Delhi,1 stop,315.0,15,3,2019,7,0,15,3,2019,12,15
IndiGo,Delhi,Cochin,1 stop,500.0,27,6,2019,17,10,28,6,2019,1,30
Jet Airways,Kolkata,Banglore,1 stop,910.0,5,9,2019,18,55,5,10,2019,10,5
Jet Airways,Banglore,Delhi,1 stop,435.0,21,3,2019,14,5,21,3,2019,21,20
Jet Airways,Kolkata,Banglore,1 stop,1365.0,15,5,2019,20,25,16,5,2019,19,10
Jet Airways,Banglore,Delhi,1 stop,920.0,3,12,2019,16,55,13,3,2019,8,15
Air India,Kolkata,Banglore,2 stops,1105.0,21,5,2019,14,30,22,5,2019,8,55
Jet Airways,Kolkata,Banglore,1 stop,800.0,6,6,2019,20,0,6,7,2019,9,20
Jet Airways,Mumbai,Hyderabad,1 stop,405.0,3,12,2019,9,50,3,12,2019,16,35
IndiGo,Delhi,Cochin,1 stop,835.0,24,6,2019,8,35,24,6,2019,22,30
IndiGo,Banglore,Delhi,non-stop,165.0,21,6,2019,19,30,21,6,2019,22,15
Jet Airways,Delhi,Cochin,2 stops,440.0,6,12,2019,11,40,6,12,2019,19,0
Multiple carriers,Delhi,Cochin,2 stops,630.0,3,3,2019,15,5,3,4,2019,1,35
IndiGo,Chennai,Kolkata,non-stop,140.0,21,5,2019,22,5,22,5,2019,0,25
Jet Airways,Kolkata,Banglore,1 stop,1630.0,5,1,2019,20,25,5,2,2019,23,35
IndiGo,Kolkata,Banglore,non-stop,155.0,6,1,2019,20,20,6,1,2019,22,55
Air India,Delhi,Cochin,1 stop,1535.0,27,6,2019,5,15,28,6,2019,6,50
IndiGo,Delhi,Cochin,1 stop,320.0,6,3,2019,17,5,6,3,2019,22,25
IndiGo,Mumbai,Hyderabad,1 stop,435.0,3,6,2019,15,45,3,6,2019,23,0
Vistara,Kolkata,Banglore,1 stop,930.0,24,5,2019,7,10,24,5,2019,22,40
Air India,Delhi,Cochin,2 stops,1410.0,18,5,2019,19,45,19,5,2019,19,15
Jet Airways,Mumbai,Hyderabad,non-stop,90.0,4,3,2019,19,35,4,3,2019,21,5
Jet Airways,Delhi,Cochin,2 stops,880.0,3,9,2019,13,45,3,10,2019,4,25
Vistara,Kolkata,Banglore,1 stop,945.0,6,9,2019,7,10,6,9,2019,22,55
Air Asia,Kolkata,Banglore,non-stop,155.0,5,9,2019,10,20,5,9,2019,12,55
IndiGo,Delhi,Cochin,1 stop,320.0,3,3,2019,2,5,3,3,2019,7,25
IndiGo,Kolkata,Banglore,non-stop,155.0,3,6,2019,15,10,3,6,2019,17,45
IndiGo,Delhi,Cochin,1 stop,750.0,6,6,2019,8,30,6,6,2019,21,0
Multiple carriers,Delhi,Cochin,1 stop,900.0,27,5,2019,6,0,27,5,2019,21,0
Multiple carriers,Delhi,Cochin,3 stops,565.0,6,9,2019,11,35,6,9,2019,21,0
Multiple carriers,Delhi,Cochin,1 stop,750.0,6,12,2019,13,0,13,6,2019,1,30
Jet Airways,Kolkata,Banglore,1 stop,705.0,5,12,2019,6,30,5,12,2019,18,15
Jet Airways,Delhi,Cochin,2 stops,900.0,6,9,2019,21,35,6,10,2019,12,35
IndiGo,Mumbai,Hyderabad,non-stop,90.0,5,6,2019,2,35,5,6,2019,4,5
Multiple carriers,Delhi,Cochin,2 stops,695.0,3,6,2019,9,45,3,6,2019,21,20
Air Asia,Banglore,Delhi,non-stop,170.0,15,4,2019,23,55,16,4,2019,2,45
Jet Airways,Banglore,Delhi,non-stop,185.0,27,6,2019,18,55,27,6,2019,22,0
Multiple carriers,Delhi,Cochin,1 stop,630.0,24,6,2019,8,45,24,6,2019,19,15
Air India,Delhi,Cochin,2 stops,500.0,24,6,2019,10,55,24,6,2019,19,15
Jet Airways,Delhi,Cochin,1 stop,660.0,15,6,2019,8,0,15,6,2019,19,0
SpiceJet,Kolkata,Banglore,non-stop,145.0,21,6,2019,9,0,21,6,2019,11,25
Jet Airways,Delhi,Cochin,1 stop,535.0,27,3,2019,9,55,27,3,2019,18,50
SpiceJet,Banglore,Delhi,non-stop,170.0,21,5,2019,9,30,21,5,2019,12,20
Jet Airways,Delhi,Cochin,2 stops,1320.0,24,6,2019,14,35,25,6,2019,12,35
Multiple carriers,Delhi,Cochin,1 stop,660.0,6,3,2019,10,0,6,3,2019,21,0
Jet Airways,Banglore,Delhi,1 stop,365.0,18,3,2019,18,40,19,3,2019,0,45
Jet Airways,Banglore,Delhi,1 stop,1035.0,3,6,2019,5,45,3,6,2019,23,0
Air India,Delhi,Cochin,2 stops,1305.0,3,6,2019,21,30,3,7,2019,19,15
IndiGo,Banglore,Delhi,non-stop,165.0,5,12,2019,6,5,5,12,2019,8,50
Jet Airways,Kolkata,Banglore,1 stop,1220.0,18,5,2019,20,0,19,5,2019,16,20
IndiGo,Kolkata,Banglore,1 stop,290.0,5,1,2019,8,10,5,1,2019,13,0
Air India,Delhi,Cochin,2 stops,2170.0,3,3,2019,7,5,3,4,2019,19,15
Air India,Delhi,Cochin,1 stop,555.0,27,3,2019,10,0,27,3,2019,19,15
Air India,Kolkata,Banglore,non-stop,155.0,4,9,2019,20,45,4,9,2019,23,20
Jet Airways,Banglore,Delhi,1 stop,780.0,18,3,2019,18,40,19,3,2019,7,40
Vistara,Kolkata,Banglore,1 stop,865.0,21,5,2019,20,20,22,5,2019,10,45
Jet Airways,Kolkata,Banglore,1 stop,520.0,6,6,2019,20,0,6,7,2019,4,40
IndiGo,Delhi,Cochin,1 stop,310.0,27,5,2019,17,5,27,5,2019,22,15
Jet Airways,Delhi,Cochin,1 stop,655.0,27,5,2019,17,30,28,5,2019,4,25
Jet Airways,Kolkata,Banglore,1 stop,875.0,5,9,2019,14,5,5,10,2019,4,40
SpiceJet,Delhi,Cochin,1 stop,375.0,3,6,2019,16,35,3,6,2019,22,50
Air India,Kolkata,Banglore,non-stop,150.0,27,5,2019,14,15,27,5,2019,16,45
Air India,Kolkata,Banglore,2 stops,1840.0,6,9,2019,5,50,6,10,2019,12,30
Jet Airways,Banglore,Delhi,non-stop,175.0,6,12,2019,15,15,6,12,2019,18,10
Vistara,Chennai,Kolkata,non-stop,135.0,15,3,2019,7,5,15,3,2019,9,20
Air India,Delhi,Cochin,1 stop,1255.0,6,1,2019,12,30,6,2,2019,9,25
Jet Airways,Mumbai,Hyderabad,non-stop,85.0,6,1,2019,2,55,6,1,2019,4,20
Jet Airways,Delhi,Cochin,1 stop,350.0,21,3,2019,13,0,21,3,2019,18,50
Jet Airways,Kolkata,Banglore,1 stop,1430.0,5,12,2019,8,25,13,5,2019,8,15
Jet Airways,Kolkata,Banglore,1 stop,1435.0,24,3,2019,19,45,25,3,2019,19,40
Jet Airways,Kolkata,Banglore,1 stop,1520.0,5,9,2019,9,35,5,10,2019,10,55
Multiple carriers,Delhi,Cochin,1 stop,720.0,6,3,2019,9,0,6,3,2019,21,0
Multiple carriers,Delhi,Cochin,1 stop,755.0,21,3,2019,13,0,22,3,2019,1,35
Vistara,Banglore,Delhi,non-stop,170.0,6,12,2019,11,30,6,12,2019,14,20
Air India,Kolkata,Banglore,1 stop,1350.0,5,1,2019,9,25,5,2,2019,7,55
Jet Airways,Delhi,Cochin,1 stop,610.0,21,3,2019,18,15,22,3,2019,4,25
Jet Airways,Mumbai,Hyderabad,1 stop,1430.0,3,6,2019,17,0,3,7,2019,16,50
Jet Airways,Banglore,Delhi,1 stop,340.0,3,12,2019,5,45,3,12,2019,11,25
Jet Airways,Kolkata,Banglore,1 stop,425.0,4,1,2019,16,30,4,1,2019,23,35
Jet Airways,Banglore,Delhi,non-stop,165.0,4,3,2019,6,0,4,3,2019,8,45
Jet Airways,Kolkata,Banglore,1 stop,875.0,6,9,2019,14,5,6,10,2019,4,40
SpiceJet,Kolkata,Banglore,non-stop,150.0,15,4,2019,17,10,15,4,2019,19,40
Jet Airways,Mumbai,Hyderabad,non-stop,90.0,4,3,2019,10,20,4,3,2019,11,50
SpiceJet,Kolkata,Banglore,non-stop,140.0,6,12,2019,22,20,13,6,2019,0,40
Multiple carriers,Delhi,Cochin,1 stop,675.0,6,1,2019,8,0,6,1,2019,19,15
IndiGo,Chennai,Kolkata,non-stop,145.0,5,12,2019,11,35,5,12,2019,14,0
Air India,Kolkata,Banglore,1 stop,545.0,6,6,2019,9,25,6,6,2019,18,30
IndiGo,Delhi,Cochin,1 stop,310.0,24,6,2019,17,5,24,6,2019,22,15
IndiGo,Delhi,Cochin,1 stop,635.0,27,5,2019,11,55,27,5,2019,22,30
SpiceJet,Kolkata,Banglore,non-stop,150.0,18,5,2019,14,55,18,5,2019,17,25
Air India,Delhi,Cochin,2 stops,1560.0,18,5,2019,17,15,19,5,2019,19,15
Jet Airways,Delhi,Cochin,1 stop,1145.0,4,9,2019,17,30,4,10,2019,12,35
IndiGo,Delhi,Cochin,1 stop,975.0,27,5,2019,9,15,28,5,2019,1,30
Air India,Kolkata,Banglore,2 stops,1700.0,6,12,2019,9,25,13,6,2019,13,45
Air India,Kolkata,Banglore,2 stops,970.0,15,5,2019,16,45,16,5,2019,8,55
IndiGo,Kolkata,Banglore,non-stop,155.0,24,4,2019,15,30,24,4,2019,18,5
IndiGo,Banglore,Delhi,non-stop,170.0,21,6,2019,23,30,22,6,2019,2,20
SpiceJet,Delhi,Cochin,1 stop,270.0,24,4,2019,8,45,24,4,2019,13,15
IndiGo,Kolkata,Banglore,non-stop,155.0,5,12,2019,20,20,5,12,2019,22,55
Multiple carriers,Delhi,Cochin,1 stop,920.0,18,5,2019,7,10,18,5,2019,22,30
IndiGo,Banglore,Delhi,non-stop,180.0,3,3,2019,8,30,3,3,2019,11,30
Jet Airways,Delhi,Cochin,1 stop,300.0,27,6,2019,14,0,27,6,2019,19,0
IndiGo,Chennai,Kolkata,non-stop,145.0,5,1,2019,5,15,5,1,2019,7,40
Air India,Delhi,Cochin,1 stop,1590.0,21,4,2019,20,30,22,4,2019,23,0
SpiceJet,Banglore,Delhi,non-stop,175.0,18,6,2019,21,10,19,6,2019,0,5
Air Asia,Kolkata,Banglore,non-stop,155.0,21,4,2019,10,20,21,4,2019,12,55
Air India,Delhi,Cochin,1 stop,1255.0,15,6,2019,12,30,16,6,2019,9,25
Jet Airways,Delhi,Cochin,2 stops,1630.0,6,9,2019,9,25,6,10,2019,12,35
Jet Airways,Mumbai,Hyderabad,non-stop,90.0,6,12,2019,10,20,6,12,2019,11,50
GoAir,Delhi,Cochin,1 stop,370.0,5,1,2019,7,25,5,1,2019,13,35
Jet Airways,Kolkata,Banglore,1 stop,1325.0,24,3,2019,13,55,25,3,2019,12,0
Jet Airways,Delhi,Cochin,1 stop,885.0,18,5,2019,21,50,19,5,2019,12,35
Air Asia,Delhi,Cochin,1 stop,625.0,6,12,2019,20,45,13,6,2019,7,10
Air India,Delhi,Cochin,2 stops,1115.0,4,9,2019,13,5,4,10,2019,7,40
Jet Airways,Delhi,Cochin,1 stop,1225.0,27,5,2019,8,0,28,5,2019,4,25
Air India,Delhi,Cochin,2 stops,1275.0,24,6,2019,22,0,25,6,2019,19,15
IndiGo,Delhi,Cochin,1 stop,300.0,27,3,2019,16,0,27,3,2019,21,0
Jet Airways,Kolkata,Banglore,1 stop,1160.0,24,3,2019,13,55,25,3,2019,9,15
Air India,Mumbai,Hyderabad,non-stop,90.0,5,6,2019,13,55,5,6,2019,15,25
IndiGo,Banglore,Delhi,1 stop,300.0,21,3,2019,14,25,21,3,2019,19,25
Multiple carriers,Delhi,Cochin,1 stop,665.0,21,5,2019,7,5,21,5,2019,18,10
IndiGo,Banglore,Delhi,non-stop,170.0,5,1,2019,8,30,5,1,2019,11,20
Air India,Delhi,Cochin,2 stops,1180.0,24,6,2019,12,0,25,6,2019,7,40
Jet Airways,Kolkata,Banglore,1 stop,800.0,5,12,2019,6,30,5,12,2019,19,50
Air India,Mumbai,Hyderabad,non-stop,75.0,3,12,2019,19,30,3,12,2019,20,45
SpiceJet,Delhi,Cochin,1 stop,380.0,6,6,2019,15,45,6,6,2019,22,5
Jet Airways,Kolkata,Banglore,1 stop,1200.0,21,5,2019,14,5,22,5,2019,10,5
Jet Airways,Banglore,Delhi,non-stop,180.0,18,5,2019,7,10,18,5,2019,10,10
Jet Airways,Delhi,Cochin,1 stop,1570.0,21,3,2019,2,15,22,3,2019,4,25
IndiGo,Delhi,Cochin,1 stop,570.0,5,9,2019,16,0,5,10,2019,1,30
Air India,Banglore,Delhi,2 stops,1655.0,3,12,2019,7,30,13,3,2019,11,5
Multiple carriers,Delhi,Cochin,1 stop,480.0,15,5,2019,13,0,15,5,2019,21,0
Jet Airways,Kolkata,Banglore,1 stop,735.0,21,5,2019,20,0,22,5,2019,8,15
Jet Airways,Banglore,Delhi,1 stop,625.0,15,3,2019,5,45,15,3,2019,16,10
GoAir,Banglore,Delhi,non-stop,175.0,18,6,2019,7,45,18,6,2019,10,40
Jet Airways,Kolkata,Banglore,1 stop,1430.0,4,1,2019,16,30,4,2,2019,16,20
Air Asia,Kolkata,Banglore,1 stop,920.0,24,3,2019,7,35,24,3,2019,22,55
Air India,Delhi,Cochin,2 stops,1245.0,24,6,2019,10,55,25,6,2019,7,40
Jet Airways,Kolkata,Banglore,1 stop,1365.0,5,6,2019,20,25,5,7,2019,19,10
Jet Airways,Kolkata,Banglore,1 stop,1285.0,5,6,2019,18,55,5,7,2019,16,20
Vistara,Chennai,Kolkata,non-stop,135.0,24,6,2019,7,45,24,6,2019,10,0
Jet Airways,Kolkata,Banglore,1 stop,1010.0,5,9,2019,16,30,5,10,2019,9,20
IndiGo,Banglore,Delhi,non-stop,175.0,6,1,2019,18,55,6,1,2019,21,50
Jet Airways,Kolkata,Banglore,1 stop,1090.0,18,5,2019,14,5,19,5,2019,8,15
SpiceJet,Chennai,Kolkata,non-stop,140.0,18,6,2019,17,45,18,6,2019,20,5
Jet Airways,Kolkata,Banglore,1 stop,520.0,5,6,2019,20,0,5,7,2019,4,40
Multiple carriers,Delhi,Cochin,1 stop,900.0,18,5,2019,6,0,18,5,2019,21,0
Multiple carriers,Delhi,Cochin,1 stop,395.0,27,5,2019,6,0,27,5,2019,12,35
IndiGo,Kolkata,Banglore,non-stop,155.0,27,6,2019,9,35,27,6,2019,12,10
IndiGo,Delhi,Cochin,1 stop,425.0,15,4,2019,5,5,15,4,2019,12,10
Multiple carriers,Delhi,Cochin,1 stop,780.0,24,6,2019,8,0,24,6,2019,21,0
Jet Airways,Delhi,Cochin,1 stop,865.0,15,6,2019,14,0,16,6,2019,4,25
IndiGo,Banglore,Delhi,non-stop,180.0,18,4,2019,16,55,18,4,2019,19,55
Jet Airways,Delhi,Cochin,2 stops,2300.0,3,6,2019,5,25,3,7,2019,19,45
IndiGo,Mumbai,Hyderabad,non-stop,95.0,5,12,2019,20,5,5,12,2019,21,40
IndiGo,Chennai,Kolkata,non-stop,140.0,3,9,2019,22,5,3,10,2019,0,25
Jet Airways,Delhi,Cochin,2 stops,910.0,6,6,2019,21,25,6,7,2019,12,35
IndiGo,Mumbai,Hyderabad,non-stop,90.0,18,6,2019,19,5,18,6,2019,20,35
Jet Airways,Delhi,Cochin,2 stops,870.0,3,9,2019,13,55,3,10,2019,4,25
Jet Airways,Delhi,Cochin,1 stop,1530.0,6,12,2019,17,30,13,6,2019,19,0
IndiGo,Delhi,Cochin,1 stop,480.0,15,5,2019,17,30,16,5,2019,1,30
Jet Airways,Banglore,Delhi,1 stop,710.0,3,12,2019,22,55,13,3,2019,10,45
Jet Airways,Delhi,Cochin,1 stop,335.0,6,6,2019,22,50,6,7,2019,4,25
IndiGo,Chennai,Kolkata,non-stop,135.0,15,3,2019,13,20,15,3,2019,15,35
IndiGo,Delhi,Cochin,1 stop,575.0,27,5,2019,11,25,27,5,2019,21,0
Jet Airways,Banglore,Delhi,1 stop,570.0,18,3,2019,5,45,18,3,2019,15,15
Jet Airways,Kolkata,Banglore,1 stop,690.0,5,9,2019,9,35,5,9,2019,21,5
SpiceJet,Delhi,Cochin,1 stop,360.0,3,3,2019,15,55,3,3,2019,21,55
Multiple carriers,Delhi,Cochin,1 stop,835.0,21,3,2019,7,5,21,3,2019,21,0
Jet Airways,Delhi,Cochin,2 stops,1125.0,5,9,2019,9,40,5,10,2019,4,25
Air India,Banglore,Delhi,1 stop,1490.0,21,3,2019,10,30,22,3,2019,11,20
Jet Airways,Mumbai,Hyderabad,non-stop,90.0,18,3,2019,2,55,18,3,2019,4,25
Air India,Delhi,Cochin,2 stops,1275.0,15,6,2019,22,0,16,6,2019,19,15
IndiGo,Banglore,Delhi,non-stop,170.0,4,12,2019,23,30,13,4,2019,2,20
Jet Airways,Kolkata,Banglore,1 stop,1495.0,6,12,2019,18,55,13,6,2019,19,50
Jet Airways,Banglore,Delhi,non-stop,175.0,4,12,2019,11,10,4,12,2019,14,5
IndiGo,Chennai,Kolkata,non-stop,140.0,21,5,2019,19,35,21,5,2019,21,55
SpiceJet,Kolkata,Banglore,1 stop,435.0,24,5,2019,11,35,24,5,2019,18,50
SpiceJet,Kolkata,Banglore,non-stop,150.0,4,12,2019,17,10,4,12,2019,19,40
Multiple carriers,Delhi,Cochin,2 stops,850.0,21,3,2019,7,10,21,3,2019,21,20
Jet Airways,Banglore,Delhi,1 stop,890.0,3,1,2019,20,35,3,2,2019,11,25
Multiple carriers,Delhi,Cochin,1 stop,660.0,27,6,2019,10,0,27,6,2019,21,0
Jet Airways,Kolkata,Banglore,1 stop,400.0,5,12,2019,14,5,5,12,2019,20,45
Air India,Delhi,Cochin,non-stop,170.0,27,5,2019,5,10,27,5,2019,8,0
Jet Airways,Delhi,Cochin,1 stop,715.0,27,6,2019,7,5,27,6,2019,19,0
IndiGo,Delhi,Cochin,1 stop,515.0,6,6,2019,7,35,6,6,2019,16,10
Air India,Kolkata,Banglore,1 stop,1440.0,5,9,2019,14,35,5,10,2019,14,35
GoAir,Kolkata,Banglore,1 stop,495.0,6,6,2019,23,30,6,7,2019,7,45
Jet Airways,Kolkata,Banglore,1 stop,1550.0,4,1,2019,18,55,4,2,2019,20,45
Vistara,Kolkata,Banglore,1 stop,790.0,5,9,2019,7,10,5,9,2019,20,20
Jet Airways,Delhi,Cochin,2 stops,425.0,27,5,2019,5,30,27,5,2019,12,35
IndiGo,Delhi,Cochin,1 stop,380.0,6,9,2019,16,10,6,9,2019,22,30
Multiple carriers,Delhi,Cochin,1 stop,485.0,3,3,2019,17,30,3,4,2019,1,35
Multiple carriers,Delhi,Cochin,1 stop,720.0,27,6,2019,9,0,27,6,2019,21,0
SpiceJet,Kolkata,Banglore,non-stop,140.0,6,3,2019,22,20,6,4,2019,0,40
SpiceJet,Kolkata,Banglore,non-stop,150.0,4,6,2019,14,55,4,6,2019,17,25
Air India,Delhi,Cochin,1 stop,795.0,21,3,2019,9,45,21,3,2019,23,0
IndiGo,Delhi,Cochin,1 stop,515.0,3,9,2019,7,35,3,9,2019,16,10
SpiceJet,Delhi,Cochin,1 stop,270.0,21,4,2019,8,45,21,4,2019,13,15
IndiGo,Kolkata,Banglore,1 stop,315.0,4,6,2019,15,15,4,6,2019,20,30
IndiGo,Banglore,Delhi,non-stop,165.0,21,6,2019,6,5,21,6,2019,8,50
Air India,Delhi,Cochin,non-stop,180.0,15,5,2019,14,10,15,5,2019,17,10
Jet Airways,Delhi,Cochin,2 stops,560.0,27,6,2019,9,40,27,6,2019,19,0
Jet Airways,Banglore,Delhi,non-stop,180.0,5,3,2019,17,45,5,3,2019,20,45
Multiple carriers,Delhi,Cochin,1 stop,910.0,15,6,2019,10,20,16,6,2019,1,30
Jet Airways,Kolkata,Banglore,1 stop,395.0,6,9,2019,17,0,6,9,2019,23,35
Air India,Delhi,Cochin,2 stops,1410.0,24,6,2019,19,45,25,6,2019,19,15
Jet Airways,Kolkata,Banglore,1 stop,585.0,21,5,2019,18,55,22,5,2019,4,40
IndiGo,Delhi,Cochin,1 stop,975.0,6,9,2019,9,15,6,10,2019,1,30
SpiceJet,Kolkata,Banglore,non-stop,155.0,5,3,2019,6,55,5,3,2019,9,30
Vistara,Banglore,Delhi,non-stop,160.0,24,5,2019,7,0,24,5,2019,9,40
Jet Airways,Delhi,Cochin,2 stops,900.0,5,9,2019,13,25,5,10,2019,4,25
IndiGo,Chennai,Kolkata,non-stop,140.0,21,6,2019,19,35,21,6,2019,21,55
Jet Airways,Kolkata,Banglore,1 stop,740.0,5,12,2019,8,25,5,12,2019,20,45
Jet Airways,Banglore,Delhi,non-stop,180.0,18,4,2019,7,10,18,4,2019,10,10
Vistara,Banglore,Delhi,non-stop,160.0,15,5,2019,7,0,15,5,2019,9,40
Jet Airways,Kolkata,Banglore,1 stop,730.0,15,5,2019,21,10,16,5,2019,9,20
IndiGo,Delhi,Cochin,1 stop,515.0,21,3,2019,4,45,21,3,2019,13,20
IndiGo,Banglore,Delhi,1 stop,295.0,3,9,2019,15,40,3,9,2019,20,35
Jet Airways,Delhi,Cochin,2 stops,810.0,27,5,2019,23,5,28,5,2019,12,35
Air Asia,Banglore,Delhi,non-stop,165.0,15,5,2019,11,10,15,5,2019,13,55
Air India,Kolkata,Banglore,2 stops,1415.0,5,9,2019,8,20,5,10,2019,7,55
IndiGo,Delhi,Cochin,1 stop,290.0,15,6,2019,15,10,15,6,2019,20,0
IndiGo,Mumbai,Hyderabad,non-stop,90.0,21,3,2019,16,55,21,3,2019,18,25
Jet Airways,Banglore,Delhi,non-stop,180.0,4,12,2019,8,20,4,12,2019,11,20
Jet Airways,Kolkata,Banglore,1 stop,800.0,6,9,2019,6,30,6,9,2019,19,50
IndiGo,Banglore,Delhi,non-stop,175.0,24,3,2019,18,25,24,3,2019,21,20
Jet Airways,Delhi,Cochin,2 stops,555.0,27,3,2019,19,10,28,3,2019,4,25
Jet Airways,Banglore,Delhi,1 stop,1210.0,3,1,2019,8,55,3,2,2019,5,5
GoAir,Delhi,Cochin,1 stop,370.0,5,6,2019,7,25,5,6,2019,13,35
Air India,Mumbai,Hyderabad,non-stop,90.0,15,6,2019,13,55,15,6,2019,15,25
IndiGo,Banglore,Delhi,non-stop,165.0,18,5,2019,1,30,18,5,2019,4,15
Air India,Mumbai,Hyderabad,non-stop,90.0,6,6,2019,13,55,6,6,2019,15,25
Air India,Delhi,Cochin,non-stop,185.0,5,9,2019,18,5,5,9,2019,21,10
Jet Airways,Kolkata,Banglore,1 stop,800.0,6,6,2019,20,0,6,7,2019,9,20
Jet Airways,Delhi,Cochin,1 stop,1395.0,18,5,2019,19,45,19,5,2019,19,0
Jet Airways,Delhi,Cochin,1 stop,940.0,27,5,2019,20,55,28,5,2019,12,35
Jet Airways,Delhi,Cochin,2 stops,1490.0,27,6,2019,11,45,28,6,2019,12,35
SpiceJet,Banglore,Delhi,non-stop,175.0,4,12,2019,21,10,13,4,2019,0,5
Jet Airways,Delhi,Cochin,1 stop,600.0,6,9,2019,9,0,6,9,2019,19,0
Jet Airways,Kolkata,Banglore,1 stop,775.0,24,3,2019,21,10,25,3,2019,10,5
Multiple carriers,Delhi,Cochin,1 stop,780.0,24,6,2019,8,0,24,6,2019,21,0
IndiGo,Chennai,Kolkata,non-stop,145.0,6,3,2019,5,15,6,3,2019,7,40
Jet Airways,Delhi,Cochin,2 stops,830.0,24,6,2019,14,35,25,6,2019,4,25
IndiGo,Kolkata,Banglore,non-stop,155.0,3,12,2019,15,10,3,12,2019,17,45
Jet Airways,Kolkata,Banglore,1 stop,1595.0,18,5,2019,20,0,19,5,2019,22,35
Air India,Kolkata,Banglore,2 stops,875.0,21,5,2019,5,50,21,5,2019,20,25
IndiGo,Delhi,Cochin,1 stop,835.0,6,1,2019,8,35,6,1,2019,22,30
Multiple carriers,Delhi,Cochin,1 stop,440.0,27,3,2019,18,15,28,3,2019,1,35
SpiceJet,Delhi,Cochin,1 stop,315.0,15,4,2019,6,5,15,4,2019,11,20
Jet Airways,Delhi,Cochin,1 stop,450.0,15,4,2019,11,30,15,4,2019,19,0
IndiGo,Delhi,Cochin,non-stop,195.0,4,3,2019,14,20,4,3,2019,17,35
IndiGo,Mumbai,Hyderabad,non-stop,90.0,21,6,2019,9,10,21,6,2019,10,40
IndiGo,Banglore,Delhi,1 stop,310.0,3,9,2019,19,30,13,3,2019,0,40
Jet Airways,Kolkata,Banglore,1 stop,800.0,6,6,2019,20,25,6,7,2019,9,45
Multiple carriers,Delhi,Cochin,1 stop,650.0,27,3,2019,8,25,27,3,2019,19,15
Air India,Kolkata,Banglore,non-stop,150.0,3,1,2019,14,15,3,1,2019,16,45
Jet Airways,Delhi,Cochin,1 stop,360.0,6,3,2019,13,0,6,3,2019,19,0
Multiple carriers,Delhi,Cochin,1 stop,840.0,15,5,2019,7,0,15,5,2019,21,0
IndiGo,Banglore,Delhi,non-stop,170.0,18,6,2019,8,30,18,6,2019,11,20
IndiGo,Mumbai,Hyderabad,non-stop,90.0,6,12,2019,9,10,6,12,2019,10,40
Jet Airways,Delhi,Cochin,2 stops,970.0,6,12,2019,12,15,13,6,2019,4,25
SpiceJet,Banglore,Delhi,non-stop,170.0,3,9,2019,5,45,3,9,2019,8,35
IndiGo,Kolkata,Banglore,non-stop,150.0,24,6,2019,14,25,24,6,2019,16,55
Multiple carriers,Delhi,Cochin,1 stop,570.0,27,5,2019,16,0,28,5,2019,1,30
Jet Airways,Banglore,Delhi,1 stop,1200.0,3,1,2019,11,40,3,2,2019,7,40
Air India,Banglore,Delhi,non-stop,170.0,27,5,2019,13,20,27,5,2019,16,10
Air India,Delhi,Cochin,2 stops,1475.0,5,9,2019,7,5,5,10,2019,7,40
IndiGo,Delhi,Cochin,1 stop,320.0,15,5,2019,6,50,15,5,2019,12,10
Air Asia,Delhi,Cochin,1 stop,870.0,27,6,2019,7,55,27,6,2019,22,25
Vistara,Kolkata,Banglore,1 stop,900.0,24,3,2019,7,10,24,3,2019,22,10
Multiple carriers,Delhi,Cochin,1 stop,645.0,6,1,2019,8,30,6,1,2019,19,15
Jet Airways,Delhi,Cochin,1 stop,1210.0,15,6,2019,22,50,16,6,2019,19,0
Multiple carriers,Delhi,Cochin,1 stop,575.0,3,9,2019,16,0,3,10,2019,1,35
Jet Airways,Banglore,Delhi,1 stop,280.0,15,3,2019,5,45,15,3,2019,10,25
Vistara,Banglore,Delhi,1 stop,1665.0,15,3,2019,6,40,16,3,2019,10,25
Air India,Kolkata,Banglore,non-stop,155.0,5,12,2019,20,45,5,12,2019,23,20
Air India,Delhi,Cochin,2 stops,1730.0,5,9,2019,14,25,5,10,2019,19,15
Multiple carriers,Delhi,Cochin,1 stop,540.0,24,6,2019,7,10,24,6,2019,16,10
Jet Airways,Banglore,Delhi,non-stop,175.0,24,5,2019,11,10,24,5,2019,14,5
Jet Airways,Delhi,Cochin,1 stop,660.0,6,6,2019,8,0,6,6,2019,19,0
SpiceJet,Banglore,Delhi,non-stop,170.0,21,6,2019,9,30,21,6,2019,12,20
IndiGo,Delhi,Cochin,1 stop,415.0,4,9,2019,18,35,4,10,2019,1,30
Air India,Kolkata,Banglore,3 stops,1470.0,24,5,2019,10,0,25,5,2019,10,30
SpiceJet,Banglore,Delhi,non-stop,175.0,24,3,2019,9,35,24,3,2019,12,30
IndiGo,Banglore,Delhi,non-stop,170.0,3,9,2019,23,30,3,10,2019,2,20
IndiGo,Mumbai,Hyderabad,non-stop,85.0,18,3,2019,21,20,18,3,2019,22,45
IndiGo,Chennai,Kolkata,non-stop,140.0,27,6,2019,22,5,28,6,2019,0,25
IndiGo,Banglore,Delhi,non-stop,175.0,27,5,2019,7,10,27,5,2019,10,5
Jet Airways,Banglore,Delhi,non-stop,175.0,4,9,2019,11,10,4,9,2019,14,5
Air India,Delhi,Cochin,3 stops,2280.0,27,6,2019,5,15,28,6,2019,19,15
Jet Airways,Banglore,Delhi,2 stops,420.0,18,3,2019,8,55,18,3,2019,15,55
SpiceJet,Kolkata,Banglore,non-stop,150.0,24,6,2019,17,10,24,6,2019,19,40
Jet Airways,Delhi,Cochin,1 stop,1280.0,15,6,2019,7,5,16,6,2019,4,25
Jet Airways,Delhi,Cochin,1 stop,330.0,5,9,2019,7,5,5,9,2019,12,35
GoAir,Delhi,Cochin,1 stop,350.0,3,3,2019,7,0,3,3,2019,12,50
Jet Airways,Kolkata,Banglore,1 stop,1335.0,5,9,2019,20,0,5,10,2019,18,15
Jet Airways,Mumbai,Hyderabad,non-stop,90.0,5,6,2019,10,20,5,6,2019,11,50
Jet Airways,Banglore,Delhi,1 stop,1265.0,3,1,2019,8,0,3,2,2019,5,5
Jet Airways,Banglore,Delhi,non-stop,180.0,5,6,2019,19,50,5,6,2019,22,50
Vistara,Kolkata,Banglore,1 stop,1640.0,4,1,2019,17,0,4,2,2019,20,20
Jet Airways,Kolkata,Banglore,1 stop,1500.0,6,6,2019,17,0,6,7,2019,18,0
Air India,Kolkata,Banglore,2 stops,1185.0,5,12,2019,16,45,13,5,2019,12,30
SpiceJet,Mumbai,Hyderabad,non-stop,85.0,18,3,2019,22,45,19,3,2019,0,10
Jet Airways,Delhi,Cochin,1 stop,885.0,27,5,2019,21,50,28,5,2019,12,35
Jet Airways,Delhi,Cochin,1 stop,1355.0,27,6,2019,14,0,28,6,2019,12,35
Air India,Kolkata,Banglore,1 stop,745.0,24,3,2019,20,30,25,3,2019,8,55
Air India,Delhi,Cochin,2 stops,865.0,5,9,2019,17,15,5,10,2019,7,40
IndiGo,Kolkata,Banglore,non-stop,165.0,21,3,2019,22,10,22,3,2019,0,55
Jet Airways,Delhi,Cochin,1 stop,655.0,6,9,2019,17,30,6,10,2019,4,25
Jet Airways,Delhi,Cochin,1 stop,745.0,6,3,2019,16,0,6,4,2019,4,25
GoAir,Banglore,Delhi,non-stop,165.0,15,4,2019,20,55,15,4,2019,23,40
Jet Airways,Delhi,Cochin,2 stops,1475.0,27,3,2019,19,10,28,3,2019,19,45
Air India,Kolkata,Banglore,non-stop,150.0,4,1,2019,14,15,4,1,2019,16,45
Jet Airways,Kolkata,Banglore,1 stop,870.0,5,12,2019,20,25,13,5,2019,10,55
Jet Airways,Banglore,Delhi,non-stop,185.0,15,4,2019,18,55,15,4,2019,22,0
Jet Airways,Kolkata,Banglore,1 stop,845.0,15,5,2019,20,0,16,5,2019,10,5
IndiGo,Banglore,Delhi,non-stop,170.0,15,3,2019,10,10,15,3,2019,13,0
Multiple carriers,Delhi,Cochin,1 stop,580.0,21,3,2019,9,10,21,3,2019,18,50
Jet Airways,Delhi,Cochin,1 stop,610.0,6,1,2019,18,15,6,2,2019,4,25
Jet Airways,Banglore,Delhi,non-stop,165.0,4,12,2019,6,0,4,12,2019,8,45
Jet Airways,Kolkata,Banglore,1 stop,590.0,15,5,2019,6,30,15,5,2019,16,20
Jet Airways,Kolkata,Banglore,1 stop,665.0,5,9,2019,21,10,5,10,2019,8,15
Air India,Delhi,Cochin,1 stop,795.0,18,5,2019,9,45,18,5,2019,23,0
SpiceJet,Banglore,Delhi,non-stop,160.0,21,4,2019,5,55,21,4,2019,8,35
Jet Airways,Kolkata,Banglore,1 stop,1365.0,6,6,2019,20,25,6,7,2019,19,10
SpiceJet,Banglore,Delhi,non-stop,175.0,5,1,2019,21,10,5,2,2019,0,5
Air India,Kolkata,Banglore,2 stops,955.0,6,9,2019,9,25,6,10,2019,1,20
SpiceJet,Mumbai,Hyderabad,non-stop,90.0,18,6,2019,5,45,18,6,2019,7,15
Multiple carriers,Delhi,Cochin,1 stop,525.0,6,1,2019,3,50,6,1,2019,12,35
Jet Airways,Kolkata,Banglore,1 stop,510.0,5,1,2019,14,5,5,1,2019,22,35
Air Asia,Kolkata,Banglore,non-stop,150.0,15,6,2019,19,55,15,6,2019,22,25
Jet Airways,Banglore,Delhi,non-stop,180.0,6,3,2019,19,50,6,3,2019,22,50
Jet Airways,Delhi,Cochin,2 stops,1320.0,6,12,2019,14,35,13,6,2019,12,35
IndiGo,Banglore,Delhi,non-stop,170.0,4,1,2019,20,0,4,1,2019,22,50
IndiGo,Delhi,Cochin,1 stop,505.0,3,6,2019,17,10,3,7,2019,1,35
Air India,Delhi,Cochin,2 stops,865.0,21,5,2019,17,15,22,5,2019,7,40
Jet Airways,Kolkata,Banglore,1 stop,395.0,5,9,2019,17,0,5,9,2019,23,35
SpiceJet,Kolkata,Banglore,1 stop,435.0,24,3,2019,11,35,24,3,2019,18,50
Jet Airways,Delhi,Cochin,1 stop,1005.0,27,5,2019,2,15,27,5,2019,19,0
IndiGo,Delhi,Cochin,1 stop,885.0,3,6,2019,7,35,3,6,2019,22,20
Jet Airways,Kolkata,Banglore,1 stop,1430.0,21,5,2019,8,25,22,5,2019,8,15
SpiceJet,Kolkata,Banglore,non-stop,145.0,4,9,2019,9,0,4,9,2019,11,25
Multiple carriers,Delhi,Cochin,1 stop,510.0,27,3,2019,10,20,27,3,2019,18,50
Air Asia,Kolkata,Banglore,1 stop,220.0,5,12,2019,6,50,5,12,2019,10,30
Air India,Banglore,Delhi,non-stop,165.0,3,3,2019,21,10,3,3,2019,23,55
Jet Airways,Delhi,Cochin,1 stop,1355.0,18,5,2019,14,0,19,5,2019,12,35
Multiple carriers,Delhi,Cochin,1 stop,690.0,27,5,2019,14,0,28,5,2019,1,30
Air India,Mumbai,Hyderabad,2 stops,1775.0,3,6,2019,9,40,3,7,2019,15,15
Jet Airways,Delhi,Cochin,1 stop,940.0,6,12,2019,20,55,13,6,2019,12,35
Air India,Delhi,Cochin,3 stops,2280.0,6,6,2019,5,15,6,7,2019,19,15
IndiGo,Chennai,Kolkata,non-stop,135.0,27,3,2019,13,20,27,3,2019,15,35
Air India,Kolkata,Banglore,2 stops,1165.0,24,5,2019,10,0,25,5,2019,5,25
Jet Airways,Kolkata,Banglore,1 stop,665.0,6,12,2019,21,10,13,6,2019,8,15
Multiple carriers,Delhi,Cochin,1 stop,710.0,3,6,2019,7,0,3,6,2019,18,50
Air India,Kolkata,Banglore,1 stop,1440.0,6,12,2019,14,35,13,6,2019,14,35
IndiGo,Mumbai,Hyderabad,non-stop,90.0,6,1,2019,2,35,6,1,2019,4,5
IndiGo,Banglore,Delhi,non-stop,170.0,18,6,2019,10,10,18,6,2019,13,0
Jet Airways,Kolkata,Banglore,1 stop,735.0,5,6,2019,20,0,5,7,2019,8,15
Air India,Banglore,Delhi,non-stop,165.0,15,5,2019,10,0,15,5,2019,12,45
Jet Airways,Kolkata,Banglore,1 stop,1430.0,21,5,2019,8,25,22,5,2019,8,15
Jet Airways,Kolkata,Banglore,1 stop,1400.0,5,12,2019,18,55,13,5,2019,18,15
Vistara,Banglore,Delhi,non-stop,155.0,15,4,2019,17,0,15,4,2019,19,35
IndiGo,Kolkata,Banglore,1 stop,235.0,21,5,2019,19,55,21,5,2019,23,50
Multiple carriers,Delhi,Cochin,1 stop,385.0,27,6,2019,9,45,27,6,2019,16,10
Jet Airways,Delhi,Cochin,2 stops,1375.0,18,5,2019,5,30,19,5,2019,4,25
Jet Airways,Banglore,Delhi,non-stop,175.0,5,1,2019,11,10,5,1,2019,14,5
IndiGo,Mumbai,Hyderabad,non-stop,90.0,6,1,2019,6,25,6,1,2019,7,55
Jet Airways,Kolkata,Banglore,1 stop,1295.0,4,1,2019,20,25,4,2,2019,18,0
Jet Airways,Delhi,Cochin,2 stops,1000.0,27,6,2019,11,45,28,6,2019,4,25
Jet Airways,Delhi,Cochin,1 stop,1610.0,21,3,2019,16,0,22,3,2019,18,50
Jet Airways,Delhi,Cochin,1 stop,590.0,3,3,2019,9,0,3,3,2019,18,50
Jet Airways,Kolkata,Banglore,1 stop,435.0,4,1,2019,10,20,4,1,2019,17,35
Air India,Kolkata,Banglore,non-stop,155.0,6,6,2019,20,45,6,6,2019,23,20
Jet Airways,Delhi,Cochin,2 stops,1125.0,6,1,2019,9,40,6,2,2019,4,25
Multiple carriers,Delhi,Cochin,1 stop,910.0,27,6,2019,10,20,28,6,2019,1,30
IndiGo,Kolkata,Banglore,non-stop,155.0,27,5,2019,11,30,27,5,2019,14,5
Air India,Banglore,Delhi,2 stops,1525.0,3,12,2019,8,50,13,3,2019,10,15
Multiple carriers,Delhi,Cochin,1 stop,490.0,24,6,2019,12,50,24,6,2019,21,0
Air India,Banglore,Delhi,non-stop,165.0,5,1,2019,10,0,5,1,2019,12,45
Jet Airways,Banglore,Delhi,non-stop,185.0,6,3,2019,18,55,6,3,2019,22,0
Air India,Delhi,Cochin,non-stop,185.0,15,5,2019,18,5,15,5,2019,21,10
Multiple carriers,Delhi,Cochin,1 stop,740.0,6,3,2019,6,40,6,3,2019,19,0
Air India,Kolkata,Banglore,1 stop,580.0,4,1,2019,19,0,4,2,2019,4,40
Jet Airways,Kolkata,Banglore,1 stop,1295.0,5,12,2019,20,25,13,5,2019,18,0
IndiGo,Delhi,Cochin,1 stop,455.0,18,5,2019,8,35,18,5,2019,16,10
IndiGo,Kolkata,Banglore,non-stop,155.0,5,6,2019,17,15,5,6,2019,19,50
IndiGo,Delhi,Cochin,1 stop,310.0,24,4,2019,17,5,24,4,2019,22,15
Jet Airways,Delhi,Cochin,2 stops,1620.0,6,9,2019,9,35,6,10,2019,12,35
Air India,Kolkata,Banglore,1 stop,1515.0,6,9,2019,12,0,6,10,2019,13,15
Jet Airways,Kolkata,Banglore,1 stop,800.0,24,5,2019,20,25,25,5,2019,9,45
Multiple carriers,Delhi,Cochin,1 stop,720.0,21,5,2019,9,0,21,5,2019,21,0
IndiGo,Delhi,Cochin,1 stop,275.0,6,6,2019,7,35,6,6,2019,12,10
Jet Airways,Delhi,Cochin,1 stop,300.0,6,12,2019,14,0,6,12,2019,19,0
Air India,Delhi,Cochin,1 stop,1575.0,6,1,2019,17,0,6,2,2019,19,15
IndiGo,Delhi,Cochin,1 stop,625.0,21,5,2019,10,35,21,5,2019,21,0
SpiceJet,Delhi,Cochin,1 stop,270.0,6,3,2019,8,45,6,3,2019,13,15
IndiGo,Mumbai,Hyderabad,non-stop,85.0,3,1,2019,6,20,3,1,2019,7,45
Jet Airways,Kolkata,Banglore,1 stop,400.0,21,5,2019,14,5,21,5,2019,20,45
IndiGo,Delhi,Cochin,1 stop,480.0,27,6,2019,17,30,28,6,2019,1,30
IndiGo,Delhi,Cochin,1 stop,355.0,27,3,2019,7,45,27,3,2019,13,40
Jet Airways,Banglore,Delhi,non-stop,175.0,21,5,2019,15,50,21,5,2019,18,45
IndiGo,Chennai,Kolkata,non-stop,145.0,24,3,2019,11,35,24,3,2019,14,0
Multiple carriers,Delhi,Cochin,1 stop,735.0,3,9,2019,7,30,3,9,2019,19,45
GoAir,Delhi,Cochin,1 stop,440.0,3,6,2019,6,0,3,6,2019,13,20
Multiple carriers,Delhi,Cochin,1 stop,460.0,6,1,2019,4,55,6,1,2019,12,35
IndiGo,Delhi,Cochin,2 stops,825.0,21,3,2019,7,35,21,3,2019,21,20
Air India,Delhi,Cochin,2 stops,1275.0,6,6,2019,22,0,6,7,2019,19,15
Jet Airways,Delhi,Cochin,non-stop,195.0,24,6,2019,11,0,24,6,2019,14,15
Jet Airways,Banglore,Delhi,1 stop,1365.0,18,3,2019,11,40,19,3,2019,10,25
Jet Airways,Delhi,Cochin,1 stop,1415.0,3,9,2019,19,15,3,10,2019,18,50
IndiGo,Kolkata,Banglore,non-stop,155.0,15,5,2019,22,15,16,5,2019,0,50
Jet Airways,Banglore,Delhi,1 stop,1090.0,3,1,2019,14,5,3,2,2019,8,15
Jet Airways,Banglore,Delhi,non-stop,180.0,6,12,2019,17,45,6,12,2019,20,45
GoAir,Delhi,Cochin,1 stop,460.0,21,4,2019,5,55,21,4,2019,13,35
IndiGo,Kolkata,Banglore,non-stop,165.0,4,3,2019,9,35,4,3,2019,12,20
Multiple carriers,Delhi,Cochin,1 stop,910.0,21,5,2019,9,45,22,5,2019,0,55
Jet Airways,Delhi,Cochin,1 stop,335.0,21,3,2019,22,50,22,3,2019,4,25
Multiple carriers,Delhi,Cochin,1 stop,780.0,18,5,2019,8,0,18,5,2019,21,0
GoAir,Delhi,Cochin,1 stop,310.0,6,3,2019,14,25,6,3,2019,19,35
IndiGo,Delhi,Cochin,1 stop,890.0,3,3,2019,10,45,3,4,2019,1,35
IndiGo,Kolkata,Banglore,non-stop,155.0,5,9,2019,4,40,5,9,2019,7,15
Jet Airways,Banglore,Delhi,non-stop,180.0,6,6,2019,8,20,6,6,2019,11,20
Air Asia,Kolkata,Banglore,1 stop,720.0,21,5,2019,22,40,22,5,2019,10,40
Jet Airways,Delhi,Cochin,2 stops,1095.0,15,6,2019,18,20,16,6,2019,12,35
Air India,Kolkata,Banglore,2 stops,1390.0,6,9,2019,12,0,6,10,2019,11,10
Jet Airways,Delhi,Cochin,1 stop,1015.0,27,5,2019,11,30,28,5,2019,4,25
IndiGo,Delhi,Cochin,1 stop,965.0,6,9,2019,4,55,6,9,2019,21,0
Jet Airways,Banglore,Delhi,1 stop,725.0,18,3,2019,21,25,19,3,2019,9,30
Air India,Mumbai,Hyderabad,non-stop,80.0,5,1,2019,6,20,5,1,2019,7,40
Jet Airways,Delhi,Cochin,1 stop,450.0,6,9,2019,20,55,6,10,2019,4,25
IndiGo,Kolkata,Banglore,non-stop,165.0,3,9,2019,22,10,3,10,2019,0,55
Multiple carriers,Delhi,Cochin,1 stop,480.0,15,6,2019,13,0,15,6,2019,21,0
Vistara,Banglore,Delhi,non-stop,165.0,5,6,2019,19,30,5,6,2019,22,15
Jet Airways,Kolkata,Banglore,1 stop,1330.0,6,12,2019,6,30,13,6,2019,4,40
Air India,Kolkata,Banglore,1 stop,905.0,5,1,2019,16,50,5,2,2019,7,55
Jet Airways,Kolkata,Banglore,1 stop,1495.0,4,1,2019,18,55,4,2,2019,19,50
IndiGo,Delhi,Cochin,1 stop,345.0,6,6,2019,21,50,6,7,2019,3,35
Air India,Kolkata,Banglore,non-stop,150.0,21,5,2019,14,15,21,5,2019,16,45
Vistara,Banglore,Delhi,non-stop,160.0,24,3,2019,11,30,24,3,2019,14,10
Jet Airways,Mumbai,Hyderabad,non-stop,90.0,3,12,2019,19,40,3,12,2019,21,10
Jet Airways,Delhi,Cochin,1 stop,1105.0,6,12,2019,10,0,13,6,2019,4,25
SpiceJet,Kolkata,Banglore,non-stop,145.0,24,5,2019,9,0,24,5,2019,11,25
Air India,Kolkata,Banglore,non-stop,150.0,24,4,2019,14,15,24,4,2019,16,45
Jet Airways,Kolkata,Banglore,1 stop,510.0,15,5,2019,14,5,15,5,2019,22,35
Jet Airways,Banglore,Delhi,non-stop,185.0,5,12,2019,18,55,5,12,2019,22,0
Air India,Delhi,Cochin,1 stop,1420.0,3,3,2019,9,45,3,4,2019,9,25
Vistara,Kolkata,Banglore,1 stop,765.0,21,5,2019,20,20,22,5,2019,9,5
Multiple carriers,Delhi,Cochin,1 stop,470.0,27,6,2019,11,25,27,6,2019,19,15
Jet Airways,Banglore,Delhi,1 stop,800.0,3,9,2019,8,0,3,9,2019,21,20
Jet Airways,Kolkata,Banglore,1 stop,590.0,5,12,2019,6,30,5,12,2019,16,20
Jet Airways,Banglore,Delhi,non-stop,160.0,3,9,2019,19,55,3,9,2019,22,35
IndiGo,Banglore,Delhi,non-stop,170.0,24,3,2019,10,10,24,3,2019,13,0
Jet Airways,Kolkata,Banglore,1 stop,1150.0,24,3,2019,21,10,25,3,2019,16,20
SpiceJet,Banglore,Delhi,1 stop,475.0,3,9,2019,10,20,3,9,2019,18,15
Air India,Kolkata,Banglore,2 stops,1345.0,6,9,2019,7,0,6,10,2019,5,25
Jet Airways,Kolkata,Banglore,1 stop,575.0,18,5,2019,9,35,18,5,2019,19,10
IndiGo,Banglore,Delhi,non-stop,175.0,3,9,2019,10,5,3,9,2019,13,0
Jet Airways,Banglore,Delhi,non-stop,175.0,21,6,2019,15,15,21,6,2019,18,10
Jet Airways,Banglore,Delhi,non-stop,180.0,5,1,2019,17,45,5,1,2019,20,45
Multiple carriers,Delhi,Cochin,1 stop,780.0,3,3,2019,8,0,3,3,2019,21,0
Air India,Delhi,Cochin,1 stop,520.0,18,5,2019,23,0,19,5,2019,7,40
Jet Airways,Delhi,Cochin,2 stops,560.0,18,5,2019,9,40,18,5,2019,19,0
Multiple carriers,Delhi,Cochin,1 stop,470.0,21,5,2019,11,25,21,5,2019,19,15
SpiceJet,Kolkata,Banglore,non-stop,145.0,4,6,2019,9,0,4,6,2019,11,25
Vistara,Kolkata,Banglore,1 stop,865.0,6,9,2019,20,20,6,10,2019,10,45
Jet Airways,Delhi,Cochin,2 stops,2245.0,3,3,2019,5,25,3,4,2019,18,50
Air India,Delhi,Cochin,2 stops,1600.0,15,6,2019,5,0,16,6,2019,7,40
Jet Airways,Delhi,Cochin,1 stop,1395.0,27,5,2019,19,45,28,5,2019,19,0
Jet Airways,Delhi,Cochin,1 stop,450.0,6,9,2019,11,30,6,9,2019,19,0
Jet Airways,Delhi,Cochin,2 stops,1420.0,21,3,2019,19,10,22,3,2019,18,50
IndiGo,Chennai,Kolkata,non-stop,135.0,18,3,2019,13,20,18,3,2019,15,35
Multiple carriers,Delhi,Cochin,1 stop,440.0,15,5,2019,11,40,15,5,2019,19,0
Jet Airways,Kolkata,Banglore,1 stop,1155.0,24,5,2019,14,5,25,5,2019,9,20
IndiGo,Banglore,Delhi,non-stop,170.0,4,12,2019,4,0,4,12,2019,6,50
IndiGo,Kolkata,Banglore,non-stop,155.0,5,9,2019,20,20,5,9,2019,22,55
Air India,Kolkata,Banglore,1 stop,1350.0,6,9,2019,9,25,6,10,2019,7,55
Air Asia,Banglore,Delhi,non-stop,170.0,18,3,2019,5,50,18,3,2019,8,40
SpiceJet,Kolkata,Banglore,non-stop,145.0,24,5,2019,9,0,24,5,2019,11,25
Vistara,Banglore,Delhi,non-stop,160.0,24,3,2019,11,30,24,3,2019,14,10
Jet Airways,Banglore,Delhi,non-stop,175.0,5,6,2019,15,15,5,6,2019,18,10
GoAir,Kolkata,Banglore,1 stop,455.0,5,9,2019,16,40,5,10,2019,0,15
Jet Airways,Banglore,Delhi,non-stop,185.0,18,5,2019,18,55,18,5,2019,22,0
Jet Airways,Kolkata,Banglore,1 stop,735.0,5,9,2019,20,0,5,10,2019,8,15
SpiceJet,Banglore,Delhi,non-stop,170.0,4,9,2019,9,30,4,9,2019,12,20
SpiceJet,Banglore,Delhi,non-stop,170.0,24,3,2019,5,45,24,3,2019,8,35
Air India,Kolkata,Banglore,2 stops,2065.0,5,1,2019,5,50,5,2,2019,16,15
Jet Airways,Kolkata,Banglore,1 stop,575.0,5,6,2019,9,35,5,6,2019,19,10
Air India,Banglore,Delhi,2 stops,1030.0,18,3,2019,17,25,19,3,2019,10,35
SpiceJet,Banglore,Delhi,non-stop,160.0,5,12,2019,5,55,5,12,2019,8,35
Jet Airways,Kolkata,Banglore,1 stop,690.0,4,1,2019,9,35,4,1,2019,21,5
Air India,Kolkata,Banglore,1 stop,965.0,18,5,2019,19,0,19,5,2019,11,5
IndiGo,Mumbai,Hyderabad,non-stop,95.0,5,1,2019,20,5,5,1,2019,21,40
Jet Airways,Banglore,Delhi,non-stop,180.0,6,6,2019,7,10,6,6,2019,10,10
Jet Airways,Kolkata,Banglore,1 stop,795.0,24,3,2019,18,55,25,3,2019,8,10
SpiceJet,Mumbai,Hyderabad,non-stop,80.0,3,1,2019,5,45,3,1,2019,7,5
Air Asia,Banglore,Delhi,non-stop,165.0,6,3,2019,11,10,6,3,2019,13,55
Jet Airways,Kolkata,Banglore,1 stop,340.0,24,3,2019,16,55,24,3,2019,22,35
Jet Airways,Kolkata,Banglore,1 stop,585.0,15,5,2019,18,55,16,5,2019,4,40
Jet Airways,Banglore,Delhi,non-stop,175.0,6,12,2019,11,10,6,12,2019,14,5
Air India,Kolkata,Banglore,3 stops,1040.0,24,3,2019,5,55,24,3,2019,23,15
Multiple carriers,Delhi,Cochin,1 stop,510.0,5,9,2019,17,0,5,10,2019,1,30
Jet Airways,Delhi,Cochin,2 stops,1615.0,15,6,2019,9,40,16,6,2019,12,35
Jet Airways,Kolkata,Banglore,1 stop,865.0,24,5,2019,18,55,25,5,2019,9,20
Air India,Kolkata,Banglore,2 stops,1170.0,15,5,2019,9,10,16,5,2019,4,40
IndiGo,Banglore,Delhi,non-stop,180.0,4,1,2019,16,55,4,1,2019,19,55
Jet Airways,Delhi,Cochin,2 stops,440.0,6,3,2019,11,40,6,3,2019,19,0
Air India,Delhi,Cochin,1 stop,735.0,6,6,2019,7,0,6,6,2019,19,15
Air India,Kolkata,Banglore,non-stop,155.0,18,3,2019,20,45,18,3,2019,23,20
IndiGo,Banglore,Delhi,non-stop,175.0,5,9,2019,18,55,5,9,2019,21,50
IndiGo,Banglore,Delhi,non-stop,170.0,4,3,2019,4,0,4,3,2019,6,50
Multiple carriers,Delhi,Cochin,1 stop,910.0,24,6,2019,3,50,24,6,2019,19,0
SpiceJet,Kolkata,Banglore,non-stop,150.0,6,6,2019,17,10,6,6,2019,19,40
SpiceJet,Kolkata,Banglore,non-stop,150.0,21,4,2019,17,10,21,4,2019,19,40
Jet Airways,Banglore,Delhi,1 stop,380.0,18,3,2019,8,55,18,3,2019,15,15
IndiGo,Banglore,Delhi,non-stop,165.0,5,3,2019,1,30,5,3,2019,4,15
Air India,Banglore,Delhi,1 stop,980.0,3,9,2019,6,50,3,9,2019,23,10
SpiceJet,Banglore,Delhi,non-stop,160.0,18,4,2019,5,55,18,4,2019,8,35
Vistara,Kolkata,Banglore,1 stop,790.0,4,1,2019,7,10,4,1,2019,20,20
Jet Airways,Delhi,Cochin,2 stops,1125.0,4,9,2019,9,40,4,10,2019,4,25
Air India,Kolkata,Banglore,2 stops,1165.0,6,12,2019,10,0,13,6,2019,5,25
Vistara,Kolkata,Banglore,1 stop,790.0,5,1,2019,7,10,5,1,2019,20,20
IndiGo,Banglore,Delhi,non-stop,170.0,24,3,2019,13,0,24,3,2019,15,50
IndiGo,Banglore,Delhi,non-stop,165.0,3,3,2019,6,0,3,3,2019,8,45
Air India,Delhi,Cochin,2 stops,1305.0,27,3,2019,21,30,28,3,2019,19,15
IndiGo,Delhi,Cochin,1 stop,305.0,21,3,2019,20,30,22,3,2019,1,35
Multiple carriers,Delhi,Cochin,1 stop,600.0,18,5,2019,9,15,18,5,2019,19,15
GoAir,Kolkata,Banglore,1 stop,475.0,6,9,2019,6,40,6,9,2019,14,35
IndiGo,Delhi,Cochin,1 stop,975.0,6,12,2019,9,15,13,6,2019,1,30
Multiple carriers,Delhi,Cochin,1 stop,570.0,27,5,2019,16,0,28,5,2019,1,30
Jet Airways,Kolkata,Banglore,1 stop,850.0,4,1,2019,8,25,4,1,2019,22,35
Jet Airways,Delhi,Cochin,1 stop,715.0,6,9,2019,7,5,6,9,2019,19,0
IndiGo,Delhi,Cochin,1 stop,345.0,6,9,2019,2,0,6,9,2019,7,45
IndiGo,Kolkata,Banglore,non-stop,150.0,4,3,2019,15,15,4,3,2019,17,45
IndiGo,Banglore,Delhi,non-stop,170.0,27,4,2019,13,0,27,4,2019,15,50
Jet Airways,Banglore,Delhi,1 stop,525.0,3,12,2019,22,55,13,3,2019,7,40
IndiGo,Kolkata,Banglore,non-stop,155.0,6,3,2019,22,15,6,4,2019,0,50
GoAir,Delhi,Cochin,1 stop,370.0,6,12,2019,7,25,6,12,2019,13,35
IndiGo,Kolkata,Banglore,non-stop,155.0,21,3,2019,14,20,21,3,2019,16,55
IndiGo,Banglore,Delhi,non-stop,170.0,15,6,2019,10,30,15,6,2019,13,20
Jet Airways,Delhi,Cochin,2 stops,1615.0,24,6,2019,9,40,25,6,2019,12,35
Jet Airways,Banglore,Delhi,non-stop,185.0,6,12,2019,18,55,6,12,2019,22,0
Air India,Banglore,Delhi,3 stops,715.0,3,3,2019,12,0,3,3,2019,23,55
Jet Airways,Delhi,Cochin,1 stop,800.0,3,9,2019,15,5,3,10,2019,4,25
Jet Airways,Delhi,Cochin,non-stop,195.0,6,12,2019,11,0,6,12,2019,14,15
Vistara,Chennai,Kolkata,non-stop,140.0,5,3,2019,17,45,5,3,2019,20,5
SpiceJet,Delhi,Cochin,1 stop,315.0,21,4,2019,6,5,21,4,2019,11,20
Jet Airways,Delhi,Cochin,2 stops,1395.0,27,3,2019,5,10,28,3,2019,4,25
SpiceJet,Delhi,Cochin,1 stop,310.0,3,3,2019,6,10,3,3,2019,11,20
Air Asia,Kolkata,Banglore,non-stop,155.0,4,3,2019,10,20,4,3,2019,12,55
IndiGo,Delhi,Cochin,1 stop,810.0,21,3,2019,7,30,21,3,2019,21,0
Jet Airways,Delhi,Cochin,non-stop,195.0,6,3,2019,11,0,6,3,2019,14,15
Air India,Kolkata,Banglore,1 stop,905.0,5,9,2019,16,50,5,10,2019,7,55
Multiple carriers,Delhi,Cochin,1 stop,510.0,21,3,2019,10,20,21,3,2019,18,50
Multiple carriers,Delhi,Cochin,1 stop,705.0,24,6,2019,7,30,24,6,2019,19,15
IndiGo,Delhi,Cochin,1 stop,810.0,21,5,2019,7,30,21,5,2019,21,0
Multiple carriers,Delhi,Cochin,1 stop,930.0,15,5,2019,10,0,16,5,2019,1,30
Air India,Mumbai,Hyderabad,1 stop,1440.0,3,12,2019,9,15,13,3,2019,9,15
IndiGo,Delhi,Cochin,non-stop,195.0,21,6,2019,5,35,21,6,2019,8,50
Jet Airways,Banglore,Delhi,non-stop,180.0,24,5,2019,17,45,24,5,2019,20,45
Jet Airways,Banglore,Delhi,non-stop,185.0,15,5,2019,18,55,15,5,2019,22,0
SpiceJet,Delhi,Cochin,1 stop,270.0,27,3,2019,8,45,27,3,2019,13,15
Air India,Delhi,Cochin,1 stop,735.0,3,9,2019,7,0,3,9,2019,19,15
Jet Airways,Banglore,Delhi,1 stop,435.0,3,1,2019,8,55,3,1,2019,16,10
Vistara,Delhi,Cochin,non-stop,190.0,21,6,2019,6,0,21,6,2019,9,10
Jet Airways,Delhi,Cochin,2 stops,1300.0,15,6,2019,6,45,16,6,2019,4,25
IndiGo,Delhi,Cochin,1 stop,305.0,27,3,2019,20,30,28,3,2019,1,35
Air India,Kolkata,Banglore,1 stop,805.0,6,6,2019,7,0,6,6,2019,20,25
IndiGo,Kolkata,Banglore,non-stop,155.0,15,4,2019,17,15,15,4,2019,19,50
Vistara,Kolkata,Banglore,1 stop,385.0,21,5,2019,17,0,21,5,2019,23,25
Jet Airways,Kolkata,Banglore,1 stop,705.0,4,1,2019,6,30,4,1,2019,18,15
Air India,Delhi,Cochin,1 stop,1535.0,15,5,2019,5,15,16,5,2019,6,50
IndiGo,Kolkata,Banglore,non-stop,150.0,27,4,2019,15,15,27,4,2019,17,45
Air India,Delhi,Cochin,1 stop,1255.0,4,3,2019,12,30,4,4,2019,9,25
Jet Airways,Banglore,Delhi,1 stop,1050.0,3,12,2019,18,55,13,3,2019,12,25
Jet Airways,Banglore,Delhi,1 stop,570.0,15,3,2019,5,45,15,3,2019,15,15
SpiceJet,Kolkata,Banglore,1 stop,435.0,5,12,2019,11,35,5,12,2019,18,50
IndiGo,Banglore,Delhi,non-stop,170.0,5,1,2019,10,10,5,1,2019,13,0
Air India,Delhi,Cochin,2 stops,2170.0,3,6,2019,7,5,3,7,2019,19,15
Air India,Delhi,Cochin,2 stops,1420.0,27,3,2019,9,45,28,3,2019,9,25
Air India,Delhi,Cochin,1 stop,875.0,3,6,2019,17,40,3,7,2019,8,15
Multiple carriers,Delhi,Cochin,1 stop,455.0,3,6,2019,18,0,3,7,2019,1,35
IndiGo,Kolkata,Banglore,non-stop,155.0,24,6,2019,11,30,24,6,2019,14,5
Air India,Kolkata,Banglore,2 stops,590.0,5,1,2019,12,0,5,1,2019,21,50
Multiple carriers,Delhi,Cochin,1 stop,600.0,27,6,2019,9,15,27,6,2019,19,15
Jet Airways,Kolkata,Banglore,1 stop,1495.0,6,6,2019,18,55,6,7,2019,19,50
IndiGo,Delhi,Cochin,1 stop,965.0,6,3,2019,4,55,6,3,2019,21,0
Jet Airways,Delhi,Cochin,1 stop,1145.0,15,6,2019,17,30,16,6,2019,12,35
SpiceJet,Chennai,Kolkata,non-stop,140.0,6,3,2019,17,45,6,3,2019,20,5
SpiceJet,Delhi,Cochin,1 stop,295.0,6,6,2019,17,55,6,6,2019,22,50
Vistara,Mumbai,Hyderabad,1 stop,1560.0,3,6,2019,20,55,3,7,2019,22,55
GoAir,Banglore,Delhi,non-stop,175.0,24,3,2019,11,40,24,3,2019,14,35
Vistara,Kolkata,Banglore,1 stop,385.0,24,5,2019,17,0,24,5,2019,23,25
IndiGo,Kolkata,Banglore,1 stop,220.0,5,6,2019,19,35,5,6,2019,23,15
IndiGo,Kolkata,Banglore,non-stop,170.0,27,3,2019,5,30,27,3,2019,8,20
IndiGo,Chennai,Kolkata,non-stop,140.0,6,1,2019,22,5,6,2,2019,0,25
Jet Airways,Mumbai,Hyderabad,non-stop,90.0,15,3,2019,15,50,15,3,2019,17,20
SpiceJet,Kolkata,Banglore,non-stop,155.0,4,3,2019,6,55,4,3,2019,9,30
Air India,Banglore,Delhi,non-stop,165.0,3,9,2019,10,0,3,9,2019,12,45
Jet Airways,Delhi,Cochin,2 stops,810.0,6,3,2019,5,30,6,3,2019,19,0
Air India,Banglore,Delhi,non-stop,165.0,15,6,2019,17,0,15,6,2019,19,45
Air India,Delhi,Cochin,2 stops,865.0,18,5,2019,17,15,19,5,2019,7,40
Air India,Delhi,Cochin,1 stop,735.0,15,5,2019,7,0,15,5,2019,19,15
Jet Airways,Banglore,Delhi,non-stop,185.0,27,5,2019,18,55,27,5,2019,22,0
SpiceJet,Delhi,Cochin,1 stop,270.0,15,4,2019,8,45,15,4,2019,13,15
Jet Airways,Delhi,Cochin,1 stop,865.0,6,6,2019,14,0,6,7,2019,4,25
Jet Airways,Banglore,Delhi,2 stops,420.0,18,3,2019,8,55,18,3,2019,15,55
Multiple carriers,Delhi,Cochin,1 stop,580.0,3,6,2019,9,10,3,6,2019,18,50
Jet Airways,Banglore,Delhi,non-stop,180.0,5,6,2019,8,20,5,6,2019,11,20
SpiceJet,Banglore,Delhi,non-stop,170.0,3,3,2019,20,30,3,3,2019,23,20
IndiGo,Delhi,Cochin,1 stop,320.0,27,3,2019,2,5,27,3,2019,7,25
Air India,Banglore,Delhi,non-stop,165.0,18,5,2019,10,0,18,5,2019,12,45
Jet Airways,Banglore,Delhi,1 stop,1590.0,3,12,2019,5,45,13,3,2019,8,15
IndiGo,Delhi,Cochin,1 stop,320.0,6,6,2019,17,5,6,6,2019,22,25
Air India,Kolkata,Banglore,2 stops,1170.0,6,12,2019,9,10,13,6,2019,4,40
Jet Airways,Delhi,Cochin,2 stops,830.0,6,12,2019,14,35,13,6,2019,4,25
Jet Airways,Delhi,Cochin,2 stops,1090.0,6,9,2019,18,25,6,10,2019,12,35
SpiceJet,Chennai,Kolkata,non-stop,155.0,24,3,2019,9,30,24,3,2019,12,5
IndiGo,Banglore,Delhi,non-stop,170.0,27,4,2019,10,30,27,4,2019,13,20
Air India,Kolkata,Banglore,2 stops,955.0,6,6,2019,9,25,6,7,2019,1,20
Jet Airways,Delhi,Cochin,2 stops,1195.0,27,6,2019,23,5,28,6,2019,19,0
IndiGo,Delhi,Cochin,1 stop,560.0,5,9,2019,6,50,5,9,2019,16,10
IndiGo,Delhi,Cochin,1 stop,665.0,27,4,2019,5,5,27,4,2019,16,10
Multiple carriers,Delhi,Cochin,1 stop,375.0,21,5,2019,13,0,21,5,2019,19,15
Jet Airways,Kolkata,Banglore,1 stop,475.0,21,5,2019,8,25,21,5,2019,16,20
IndiGo,Delhi,Cochin,1 stop,350.0,3,6,2019,7,30,3,6,2019,13,20
Jet Airways,Kolkata,Banglore,1 stop,330.0,15,5,2019,6,30,15,5,2019,12,0
IndiGo,Delhi,Cochin,1 stop,350.0,21,3,2019,7,30,21,3,2019,13,20
Multiple carriers,Delhi,Cochin,1 stop,640.0,24,6,2019,10,20,24,6,2019,21,0
Vistara,Kolkata,Banglore,1 stop,965.0,6,6,2019,17,0,6,7,2019,9,5
Jet Airways,Delhi,Cochin,1 stop,925.0,6,6,2019,13,0,6,7,2019,4,25
IndiGo,Delhi,Cochin,1 stop,415.0,6,3,2019,18,35,6,4,2019,1,30
IndiGo,Kolkata,Banglore,non-stop,160.0,15,4,2019,21,25,16,4,2019,0,5
Air India,Mumbai,Hyderabad,non-stop,75.0,3,3,2019,19,30,3,3,2019,20,45
Multiple carriers,Delhi,Cochin,1 stop,660.0,6,6,2019,8,0,6,6,2019,19,0
Air India,Delhi,Cochin,2 stops,435.0,27,6,2019,12,0,27,6,2019,19,15
IndiGo,Delhi,Cochin,non-stop,195.0,6,12,2019,5,35,6,12,2019,8,50
SpiceJet,Kolkata,Banglore,1 stop,330.0,18,5,2019,15,55,18,5,2019,21,25
Jet Airways,Delhi,Cochin,1 stop,745.0,6,3,2019,16,0,6,4,2019,4,25
Jet Airways,Delhi,Cochin,2 stops,1195.0,21,5,2019,23,5,22,5,2019,19,0
IndiGo,Banglore,Delhi,non-stop,170.0,5,12,2019,8,30,5,12,2019,11,20
SpiceJet,Chennai,Kolkata,non-stop,135.0,18,5,2019,8,20,18,5,2019,10,35
IndiGo,Banglore,Delhi,non-stop,170.0,24,3,2019,4,0,24,3,2019,6,50
Jet Airways,Delhi,Cochin,2 stops,1430.0,21,5,2019,19,10,22,5,2019,19,0
Jet Airways,Kolkata,Banglore,1 stop,800.0,6,12,2019,20,0,13,6,2019,9,20
Jet Airways,Delhi,Cochin,1 stop,1470.0,27,3,2019,19,15,28,3,2019,19,45
SpiceJet,Chennai,Kolkata,non-stop,140.0,5,3,2019,17,45,5,3,2019,20,5
Jet Airways,Kolkata,Banglore,1 stop,1025.0,6,9,2019,18,55,6,10,2019,12,0
IndiGo,Banglore,Delhi,1 stop,295.0,15,3,2019,13,40,15,3,2019,18,35
Air India,Delhi,Cochin,1 stop,320.0,5,9,2019,17,40,5,9,2019,23,0
GoAir,Banglore,Delhi,non-stop,165.0,21,6,2019,20,55,21,6,2019,23,40
Jet Airways,Banglore,Delhi,non-stop,175.0,5,6,2019,15,15,5,6,2019,18,10
GoAir,Banglore,Delhi,1 stop,270.0,3,3,2019,15,45,3,3,2019,20,15
IndiGo,Kolkata,Banglore,1 stop,265.0,6,12,2019,19,20,6,12,2019,23,45
Multiple carriers,Delhi,Cochin,1 stop,540.0,27,6,2019,10,0,27,6,2019,19,0
Jet Airways,Kolkata,Banglore,1 stop,910.0,5,12,2019,18,55,13,5,2019,10,5
Air India,Kolkata,Banglore,non-stop,150.0,15,3,2019,14,15,15,3,2019,16,45
Multiple carriers,Delhi,Cochin,1 stop,375.0,27,5,2019,13,0,27,5,2019,19,15
Jet Airways,Banglore,Delhi,1 stop,1350.0,3,1,2019,22,50,3,2,2019,21,20
Jet Airways,Delhi,Cochin,2 stops,1060.0,21,3,2019,10,45,22,3,2019,4,25
Jet Airways,Banglore,Delhi,1 stop,860.0,3,6,2019,7,0,3,6,2019,21,20
Jet Airways,Kolkata,Banglore,1 stop,1430.0,15,5,2019,16,30,16,5,2019,16,20
Air Asia,Banglore,Delhi,non-stop,165.0,24,6,2019,11,10,24,6,2019,13,55
Jet Airways,Mumbai,Hyderabad,non-stop,85.0,18,5,2019,2,55,18,5,2019,4,20
IndiGo,Banglore,Delhi,non-stop,175.0,18,6,2019,18,25,18,6,2019,21,20
Vistara,Banglore,Delhi,non-stop,170.0,4,1,2019,9,45,4,1,2019,12,35
Vistara,Banglore,Delhi,non-stop,160.0,3,1,2019,7,0,3,1,2019,9,40
Vistara,Delhi,Cochin,non-stop,190.0,27,6,2019,14,40,27,6,2019,17,50
Air Asia,Banglore,Delhi,non-stop,170.0,4,9,2019,4,55,4,9,2019,7,45
Jet Airways,Delhi,Cochin,1 stop,1005.0,6,3,2019,2,15,6,3,2019,19,0
Multiple carriers,Delhi,Cochin,1 stop,900.0,6,12,2019,6,0,6,12,2019,21,0
Air India,Kolkata,Banglore,2 stops,535.0,15,5,2019,9,25,15,5,2019,18,20
IndiGo,Delhi,Cochin,1 stop,300.0,4,6,2019,16,0,4,6,2019,21,0
IndiGo,Delhi,Cochin,1 stop,645.0,3,3,2019,4,45,3,3,2019,15,30
Vistara,Banglore,Delhi,non-stop,165.0,24,4,2019,19,30,24,4,2019,22,15
Air India,Kolkata,Banglore,non-stop,155.0,6,12,2019,20,45,6,12,2019,23,20
Jet Airways,Delhi,Cochin,1 stop,550.0,3,9,2019,19,15,3,10,2019,4,25
Multiple carriers,Delhi,Cochin,1 stop,440.0,6,9,2019,11,40,6,9,2019,19,0
IndiGo,Chennai,Kolkata,non-stop,140.0,18,5,2019,19,35,18,5,2019,21,55
IndiGo,Delhi,Cochin,1 stop,320.0,6,1,2019,6,50,6,1,2019,12,10
Multiple carriers,Delhi,Cochin,1 stop,615.0,21,3,2019,9,0,21,3,2019,19,15
IndiGo,Delhi,Cochin,1 stop,630.0,5,9,2019,15,0,5,10,2019,1,30
SpiceJet,Chennai,Kolkata,non-stop,140.0,27,3,2019,17,45,27,3,2019,20,5
IndiGo,Banglore,Delhi,non-stop,180.0,24,6,2019,16,55,24,6,2019,19,55
SpiceJet,Mumbai,Hyderabad,non-stop,90.0,6,9,2019,22,45,6,10,2019,0,15
IndiGo,Banglore,Delhi,non-stop,175.0,27,6,2019,18,55,27,6,2019,21,50
IndiGo,Kolkata,Banglore,1 stop,285.0,24,3,2019,8,15,24,3,2019,13,0
Jet Airways,Kolkata,Banglore,1 stop,505.0,6,9,2019,9,35,6,9,2019,18,0
Multiple carriers,Delhi,Cochin,2 stops,460.0,6,9,2019,17,50,6,10,2019,1,30
Jet Airways,Kolkata,Banglore,1 stop,965.0,4,1,2019,6,30,4,1,2019,22,35
Jet Airways,Kolkata,Banglore,1 stop,435.0,5,6,2019,10,20,5,6,2019,17,35
Jet Airways,Banglore,Delhi,1 stop,435.0,3,6,2019,8,0,3,6,2019,15,15
Jet Airways,Banglore,Delhi,non-stop,180.0,4,1,2019,17,45,4,1,2019,20,45
Air Asia,Kolkata,Banglore,non-stop,150.0,27,4,2019,19,55,27,4,2019,22,25
Jet Airways,Mumbai,Hyderabad,non-stop,90.0,3,1,2019,10,20,3,1,2019,11,50
Jet Airways,Delhi,Cochin,1 stop,450.0,6,6,2019,11,30,6,6,2019,19,0
Jet Airways,Banglore,Delhi,1 stop,435.0,3,6,2019,14,5,3,6,2019,21,20
Jet Airways,Delhi,Cochin,2 stops,1375.0,5,1,2019,5,30,5,2,2019,4,25
Jet Airways,Delhi,Cochin,2 stops,1380.0,27,3,2019,5,25,28,3,2019,4,25
Multiple carriers,Delhi,Cochin,1 stop,555.0,6,1,2019,10,0,6,1,2019,19,15
SpiceJet,Kolkata,Banglore,non-stop,150.0,21,5,2019,17,10,21,5,2019,19,40
Multiple carriers,Delhi,Cochin,1 stop,840.0,6,6,2019,7,0,6,6,2019,21,0
Multiple carriers,Delhi,Cochin,1 stop,720.0,3,6,2019,9,0,3,6,2019,21,0
Jet Airways,Delhi,Cochin,1 stop,1295.0,15,6,2019,15,0,16,6,2019,12,35
IndiGo,Chennai,Kolkata,non-stop,140.0,24,3,2019,19,35,24,3,2019,21,55
Jet Airways,Delhi,Cochin,1 stop,1680.0,27,5,2019,15,0,28,5,2019,19,0
Jet Airways,Kolkata,Banglore,1 stop,475.0,18,5,2019,8,25,18,5,2019,16,20
Vistara,Banglore,Delhi,non-stop,165.0,3,9,2019,9,50,3,9,2019,12,35
Air India,Kolkata,Banglore,2 stops,920.0,5,12,2019,10,0,13,5,2019,1,20
SpiceJet,Chennai,Kolkata,non-stop,135.0,15,6,2019,9,45,15,6,2019,12,0
SpiceJet,Kolkata,Banglore,non-stop,140.0,5,1,2019,22,20,5,2,2019,0,40
SpiceJet,Banglore,Delhi,non-stop,160.0,15,5,2019,5,55,15,5,2019,8,35
Jet Airways,Kolkata,Banglore,1 stop,1330.0,5,12,2019,6,30,13,5,2019,4,40
IndiGo,Banglore,Delhi,non-stop,165.0,24,3,2019,6,0,24,3,2019,8,45
SpiceJet,Kolkata,Banglore,non-stop,160.0,3,1,2019,6,55,3,1,2019,9,35
Jet Airways,Kolkata,Banglore,1 stop,1655.0,5,9,2019,6,30,5,10,2019,10,5
Vistara,Banglore,Delhi,1 stop,355.0,15,3,2019,6,40,15,3,2019,12,35
Air India,Delhi,Cochin,2 stops,1580.0,6,3,2019,16,55,6,4,2019,19,15
Jet Airways,Delhi,Cochin,2 stops,1375.0,5,9,2019,5,30,5,10,2019,4,25
Multiple carriers,Delhi,Cochin,1 stop,420.0,15,5,2019,14,0,15,5,2019,21,0
Multiple carriers,Delhi,Cochin,2 stops,630.0,3,9,2019,15,5,3,10,2019,1,35
Air India,Delhi,Cochin,2 stops,2240.0,3,9,2019,5,55,3,10,2019,19,15
Jet Airways,Delhi,Cochin,non-stop,195.0,27,5,2019,11,0,27,5,2019,14,15
SpiceJet,Delhi,Cochin,1 stop,315.0,18,5,2019,6,5,18,5,2019,11,20
Air India,Delhi,Cochin,non-stop,180.0,18,5,2019,14,10,18,5,2019,17,10
IndiGo,Delhi,Cochin,1 stop,895.0,15,6,2019,7,35,15,6,2019,22,30
Air India,Delhi,Cochin,2 stops,1470.0,6,1,2019,18,45,6,2,2019,19,15
Jet Airways,Kolkata,Banglore,1 stop,1155.0,5,1,2019,14,5,5,2,2019,9,20
SpiceJet,Chennai,Kolkata,non-stop,140.0,15,3,2019,17,45,15,3,2019,20,5
SpiceJet,Kolkata,Banglore,non-stop,150.0,4,1,2019,17,10,4,1,2019,19,40
Jet Airways,Delhi,Cochin,non-stop,195.0,18,4,2019,11,0,18,4,2019,14,15
Jet Airways,Banglore,Delhi,non-stop,180.0,15,6,2019,19,50,15,6,2019,22,50
Multiple carriers,Delhi,Cochin,1 stop,920.0,24,6,2019,7,10,24,6,2019,22,30
Jet Airways,Delhi,Cochin,2 stops,1430.0,5,9,2019,19,10,5,10,2019,19,0
Air India,Delhi,Cochin,1 stop,1255.0,27,6,2019,12,30,28,6,2019,9,25
Air India,Delhi,Cochin,1 stop,965.0,21,3,2019,17,20,22,3,2019,9,25
Vistara,Kolkata,Banglore,1 stop,975.0,5,12,2019,7,10,5,12,2019,23,25
Air India,Banglore,Delhi,non-stop,170.0,4,12,2019,13,20,4,12,2019,16,10
IndiGo,Kolkata,Banglore,non-stop,160.0,21,3,2019,20,25,21,3,2019,23,5
IndiGo,Delhi,Cochin,1 stop,635.0,24,6,2019,11,55,24,6,2019,22,30
Multiple carriers,Delhi,Cochin,1 stop,560.0,27,3,2019,11,40,27,3,2019,21,0
Jet Airways,Banglore,Delhi,non-stop,175.0,4,12,2019,11,10,4,12,2019,14,5
SpiceJet,Mumbai,Hyderabad,non-stop,90.0,6,9,2019,5,45,6,9,2019,7,15
Jet Airways,Kolkata,Banglore,1 stop,520.0,6,12,2019,20,0,13,6,2019,4,40
IndiGo,Delhi,Cochin,1 stop,290.0,24,6,2019,15,10,24,6,2019,20,0
Multiple carriers,Delhi,Cochin,1 stop,480.0,27,5,2019,17,30,28,5,2019,1,30
SpiceJet,Kolkata,Banglore,1 stop,315.0,24,4,2019,15,5,24,4,2019,20,20
Multiple carriers,Delhi,Cochin,1 stop,755.0,3,6,2019,13,0,3,7,2019,1,35
Jet Airways,Kolkata,Banglore,1 stop,1315.0,5,6,2019,14,5,5,7,2019,12,0
Jet Airways,Mumbai,Hyderabad,non-stop,90.0,27,3,2019,15,50,27,3,2019,17,20
Air India,Banglore,Delhi,non-stop,165.0,15,4,2019,6,10,15,4,2019,8,55
Jet Airways,Delhi,Cochin,2 stops,1295.0,6,6,2019,21,25,6,7,2019,19,0
Jet Airways,Delhi,Cochin,1 stop,1530.0,3,6,2019,18,15,3,7,2019,19,45
Jet Airways,Kolkata,Banglore,1 stop,475.0,5,9,2019,8,25,5,9,2019,16,20
Air India,Delhi,Cochin,2 stops,1820.0,21,3,2019,12,55,22,3,2019,19,15
Jet Airways,Delhi,Cochin,1 stop,1680.0,5,9,2019,15,0,5,10,2019,19,0
Jet Airways,Delhi,Cochin,1 stop,600.0,6,9,2019,9,0,6,9,2019,19,0
Air Asia,Kolkata,Banglore,1 stop,720.0,6,6,2019,22,40,6,7,2019,10,40
Air India,Delhi,Cochin,2 stops,435.0,5,9,2019,12,0,5,9,2019,19,15
Jet Airways,Delhi,Cochin,2 stops,1375.0,5,9,2019,5,30,5,10,2019,4,25
Jet Airways,Delhi,Cochin,1 stop,1010.0,18,5,2019,19,45,19,5,2019,12,35
Air India,Delhi,Cochin,2 stops,1180.0,27,6,2019,12,0,28,6,2019,7,40
IndiGo,Kolkata,Banglore,non-stop,155.0,6,3,2019,11,30,6,3,2019,14,5
Jet Airways,Banglore,Delhi,1 stop,1420.0,3,1,2019,8,0,3,2,2019,7,40
Air India,Delhi,Cochin,1 stop,520.0,3,6,2019,23,0,3,7,2019,7,40
Jet Airways,Banglore,Delhi,1 stop,435.0,18,3,2019,8,55,18,3,2019,16,10
SpiceJet,Banglore,Delhi,non-stop,175.0,4,9,2019,21,10,4,10,2019,0,5
IndiGo,Delhi,Cochin,1 stop,845.0,6,3,2019,11,25,6,4,2019,1,30
Jet Airways,Kolkata,Banglore,1 stop,1285.0,21,5,2019,17,0,22,5,2019,14,25
IndiGo,Mumbai,Hyderabad,non-stop,90.0,18,6,2019,9,15,18,6,2019,10,45
IndiGo,Delhi,Cochin,1 stop,275.0,3,9,2019,5,35,3,9,2019,10,10
IndiGo,Banglore,Delhi,non-stop,175.0,24,5,2019,18,25,24,5,2019,21,20
Jet Airways,Mumbai,Hyderabad,non-stop,85.0,24,5,2019,2,55,24,5,2019,4,20
Air India,Mumbai,Hyderabad,1 stop,1465.0,3,6,2019,12,0,3,7,2019,12,25
Air India,Delhi,Cochin,1 stop,320.0,4,6,2019,17,40,4,6,2019,23,0
IndiGo,Delhi,Cochin,1 stop,290.0,6,3,2019,15,10,6,3,2019,20,0
IndiGo,Delhi,Cochin,1 stop,630.0,21,5,2019,15,0,22,5,2019,1,30
Air India,Delhi,Cochin,2 stops,500.0,21,5,2019,10,55,21,5,2019,19,15
IndiGo,Kolkata,Banglore,non-stop,155.0,15,6,2019,4,40,15,6,2019,7,15
Jet Airways,Delhi,Cochin,1 stop,1485.0,6,12,2019,18,15,13,6,2019,19,0
SpiceJet,Banglore,Delhi,non-stop,175.0,15,6,2019,21,10,16,6,2019,0,5
Air Asia,Kolkata,Banglore,1 stop,220.0,5,9,2019,6,50,5,9,2019,10,30
Air India,Delhi,Cochin,2 stops,2295.0,3,6,2019,5,0,3,7,2019,19,15
Jet Airways,Kolkata,Banglore,1 stop,1215.0,5,9,2019,8,25,5,10,2019,4,40
SpiceJet,Kolkata,Banglore,non-stop,140.0,27,5,2019,22,20,28,5,2019,0,40
Air India,Kolkata,Banglore,2 stops,1165.0,5,1,2019,10,0,5,2,2019,5,25
IndiGo,Delhi,Cochin,1 stop,500.0,15,5,2019,17,10,16,5,2019,1,30
Multiple carriers,Delhi,Cochin,1 stop,440.0,24,6,2019,11,40,24,6,2019,19,0
Jet Airways,Delhi,Cochin,2 stops,1025.0,6,1,2019,19,30,6,2,2019,12,35
SpiceJet,Banglore,Delhi,non-stop,175.0,5,12,2019,21,10,13,5,2019,0,5
Jet Airways,Kolkata,Banglore,1 stop,590.0,24,5,2019,6,30,24,5,2019,16,20
Air Asia,Banglore,Delhi,non-stop,170.0,15,3,2019,5,50,15,3,2019,8,40
Jet Airways,Kolkata,Banglore,1 stop,590.0,24,3,2019,18,55,25,3,2019,4,45
Jet Airways,Delhi,Cochin,2 stops,1430.0,24,5,2019,19,10,25,5,2019,19,0
Jet Airways,Kolkata,Banglore,2 stops,860.0,6,6,2019,6,30,6,6,2019,20,50
Air Asia,Delhi,Cochin,1 stop,625.0,5,9,2019,20,45,5,10,2019,7,10
Air India,Banglore,Delhi,non-stop,170.0,6,6,2019,21,5,6,6,2019,23,55
Vistara,Kolkata,Banglore,1 stop,1655.0,6,12,2019,7,10,13,6,2019,10,45
Jet Airways,Delhi,Cochin,1 stop,1270.0,27,6,2019,21,50,28,6,2019,19,0
Air India,Mumbai,Hyderabad,non-stop,80.0,6,6,2019,21,5,6,6,2019,22,25
Jet Airways,Kolkata,Banglore,1 stop,425.0,5,9,2019,16,30,5,9,2019,23,35
Multiple carriers,Delhi,Cochin,1 stop,635.0,21,3,2019,15,0,22,3,2019,1,35
Jet Airways,Mumbai,Hyderabad,non-stop,85.0,15,5,2019,2,55,15,5,2019,4,20
IndiGo,Delhi,Cochin,1 stop,895.0,15,5,2019,7,35,15,5,2019,22,30
Vistara,Banglore,Delhi,non-stop,160.0,5,9,2019,7,0,5,9,2019,9,40
IndiGo,Kolkata,Banglore,non-stop,155.0,3,3,2019,15,10,3,3,2019,17,45
IndiGo,Banglore,Delhi,non-stop,170.0,4,9,2019,8,30,4,9,2019,11,20
Jet Airways,Kolkata,Banglore,1 stop,1295.0,15,5,2019,20,25,16,5,2019,18,0
Air India,Banglore,Delhi,1 stop,725.0,3,6,2019,11,50,3,6,2019,23,55
Air India,Banglore,Delhi,1 stop,1155.0,3,1,2019,17,0,3,2,2019,12,15
Jet Airways,Kolkata,Banglore,1 stop,475.0,6,9,2019,8,25,6,9,2019,16,20
Jet Airways,Delhi,Cochin,2 stops,810.0,18,5,2019,23,5,19,5,2019,12,35
SpiceJet,Kolkata,Banglore,1 stop,520.0,24,5,2019,8,35,24,5,2019,17,15
Air India,Kolkata,Banglore,2 stops,725.0,5,9,2019,8,20,5,9,2019,20,25
SpiceJet,Mumbai,Hyderabad,non-stop,80.0,27,3,2019,13,10,27,3,2019,14,30
Multiple carriers,Delhi,Cochin,1 stop,375.0,27,6,2019,13,0,27,6,2019,19,15
Air India,Kolkata,Banglore,3 stops,2115.0,24,3,2019,12,0,25,3,2019,23,15
Multiple carriers,Delhi,Cochin,1 stop,545.0,15,5,2019,7,5,15,5,2019,16,10
Jet Airways,Banglore,Delhi,non-stop,175.0,5,3,2019,15,15,5,3,2019,18,10
Jet Airways,Delhi,Cochin,1 stop,1505.0,5,9,2019,11,30,5,10,2019,12,35
Vistara,Kolkata,Banglore,1 stop,790.0,15,5,2019,7,10,15,5,2019,20,20
Jet Airways,Delhi,Cochin,2 stops,1125.0,6,9,2019,9,40,6,10,2019,4,25
Jet Airways,Kolkata,Banglore,1 stop,705.0,6,12,2019,6,30,6,12,2019,18,15
Air Asia,Kolkata,Banglore,1 stop,955.0,21,5,2019,7,35,21,5,2019,23,30
IndiGo,Kolkata,Banglore,non-stop,155.0,24,6,2019,15,30,24,6,2019,18,5
Vistara,Delhi,Cochin,non-stop,175.0,21,3,2019,14,55,21,3,2019,17,50
IndiGo,Delhi,Cochin,1 stop,480.0,21,3,2019,7,30,21,3,2019,15,30
Multiple carriers,Delhi,Cochin,1 stop,780.0,6,12,2019,8,0,6,12,2019,21,0
Jet Airways,Mumbai,Hyderabad,non-stop,90.0,18,3,2019,15,50,18,3,2019,17,20
IndiGo,Banglore,Delhi,1 stop,300.0,15,3,2019,19,35,16,3,2019,0,35
Jet Airways,Delhi,Cochin,1 stop,1485.0,6,1,2019,18,15,6,2,2019,19,0
GoAir,Delhi,Cochin,1 stop,355.0,24,6,2019,7,0,24,6,2019,12,55
Vistara,Kolkata,Banglore,1 stop,1445.0,24,3,2019,20,20,25,3,2019,20,25
Multiple carriers,Delhi,Cochin,1 stop,720.0,6,1,2019,9,0,6,1,2019,21,0
Air India,Delhi,Cochin,1 stop,965.0,24,6,2019,17,20,25,6,2019,9,25
Jet Airways,Delhi,Cochin,1 stop,1280.0,27,3,2019,7,5,28,3,2019,4,25
Air India,Mumbai,Hyderabad,1 stop,880.0,3,12,2019,5,55,3,12,2019,20,35
IndiGo,Delhi,Cochin,1 stop,490.0,24,5,2019,14,20,24,5,2019,22,30
SpiceJet,Kolkata,Banglore,1 stop,520.0,6,6,2019,8,35,6,6,2019,17,15
Jet Airways,Mumbai,Hyderabad,non-stop,85.0,21,6,2019,2,55,21,6,2019,4,20
Jet Airways,Delhi,Cochin,1 stop,1280.0,21,3,2019,7,5,22,3,2019,4,25
Jet Airways,Kolkata,Banglore,1 stop,685.0,5,6,2019,8,25,5,6,2019,19,50
Jet Airways,Delhi,Cochin,2 stops,810.0,6,6,2019,5,30,6,6,2019,19,0
IndiGo,Delhi,Cochin,non-stop,195.0,4,1,2019,14,20,4,1,2019,17,35
Vistara,Banglore,Delhi,non-stop,170.0,5,12,2019,11,30,5,12,2019,14,20
Air India,Delhi,Cochin,2 stops,800.0,15,6,2019,5,55,15,6,2019,19,15
Jet Airways,Delhi,Cochin,1 stop,1485.0,6,3,2019,18,15,6,4,2019,19,0
Jet Airways,Delhi,Cochin,2 stops,1630.0,6,12,2019,9,25,13,6,2019,12,35
Multiple carriers,Delhi,Cochin,1 stop,465.0,27,3,2019,11,30,27,3,2019,19,15
Vistara,Kolkata,Banglore,1 stop,355.0,4,1,2019,17,0,4,1,2019,22,55
Jet Airways,Kolkata,Banglore,1 stop,980.0,24,3,2019,16,55,25,3,2019,9,15
Multiple carriers,Delhi,Cochin,1 stop,605.0,21,3,2019,9,10,21,3,2019,19,15
Jet Airways,Kolkata,Banglore,1 stop,840.0,5,9,2019,9,35,5,9,2019,23,35
IndiGo,Banglore,Delhi,non-stop,170.0,6,9,2019,0,25,6,9,2019,3,15
Air India,Kolkata,Banglore,non-stop,155.0,15,4,2019,20,45,15,4,2019,23,20
IndiGo,Kolkata,Banglore,non-stop,155.0,27,6,2019,17,15,27,6,2019,19,50
Air Asia,Banglore,Delhi,non-stop,170.0,15,5,2019,4,55,15,5,2019,7,45
Jet Airways,Kolkata,Banglore,1 stop,845.0,5,1,2019,20,0,5,2,2019,10,5
Multiple carriers,Delhi,Cochin,1 stop,690.0,6,3,2019,7,30,6,3,2019,19,0
Jet Airways,Kolkata,Banglore,1 stop,450.0,15,5,2019,21,10,16,5,2019,4,40
Air India,Kolkata,Banglore,1 stop,925.0,4,1,2019,17,30,4,2,2019,8,55
Jet Airways,Delhi,Cochin,2 stops,1375.0,15,6,2019,5,30,16,6,2019,4,25
SpiceJet,Kolkata,Banglore,non-stop,145.0,18,5,2019,9,0,18,5,2019,11,25
Multiple carriers,Delhi,Cochin,1 stop,570.0,6,12,2019,16,0,13,6,2019,1,30
Multiple carriers,Delhi,Cochin,1 stop,480.0,4,9,2019,17,30,4,10,2019,1,30
Jet Airways,Banglore,Delhi,non-stop,175.0,21,5,2019,11,10,21,5,2019,14,5
Jet Airways,Delhi,Cochin,1 stop,1530.0,21,5,2019,17,30,22,5,2019,19,0
Multiple carriers,Delhi,Cochin,1 stop,720.0,6,3,2019,9,0,6,3,2019,21,0
SpiceJet,Delhi,Cochin,1 stop,315.0,27,5,2019,6,5,27,5,2019,11,20
IndiGo,Kolkata,Banglore,non-stop,160.0,5,3,2019,21,25,5,4,2019,0,5
Air India,Delhi,Cochin,2 stops,1545.0,21,5,2019,5,55,22,5,2019,7,40
Jet Airways,Delhi,Cochin,1 stop,550.0,18,5,2019,19,15,19,5,2019,4,25
Jet Airways,Delhi,Cochin,1 stop,450.0,18,5,2019,11,30,18,5,2019,19,0
IndiGo,Banglore,Delhi,1 stop,285.0,3,1,2019,5,15,3,1,2019,10,0
Air India,Kolkata,Banglore,2 stops,535.0,5,1,2019,9,25,5,1,2019,18,20
Multiple carriers,Delhi,Cochin,1 stop,465.0,5,9,2019,17,45,5,10,2019,1,30
Jet Airways,Delhi,Cochin,1 stop,1210.0,6,9,2019,22,50,6,10,2019,19,0
IndiGo,Kolkata,Banglore,non-stop,155.0,18,4,2019,20,20,18,4,2019,22,55
Multiple carriers,Delhi,Cochin,2 stops,855.0,27,3,2019,7,5,27,3,2019,21,20
Jet Airways,Kolkata,Banglore,1 stop,1655.0,5,1,2019,8,25,5,2,2019,12,0
IndiGo,Delhi,Cochin,1 stop,500.0,24,6,2019,17,10,25,6,2019,1,30
Multiple carriers,Delhi,Cochin,1 stop,690.0,21,5,2019,7,30,21,5,2019,19,0
IndiGo,Delhi,Cochin,1 stop,630.0,27,5,2019,15,0,28,5,2019,1,30
Jet Airways,Banglore,Delhi,1 stop,365.0,3,12,2019,16,55,3,12,2019,23,0
Air Asia,Delhi,Cochin,1 stop,625.0,27,6,2019,20,45,28,6,2019,7,10
Air India,Delhi,Cochin,2 stops,500.0,6,6,2019,10,55,6,6,2019,19,15
Vistara,Banglore,Delhi,non-stop,160.0,6,3,2019,7,0,6,3,2019,9,40
Air India,Delhi,Cochin,2 stops,1855.0,6,3,2019,12,20,6,4,2019,19,15
Multiple carriers,Delhi,Cochin,1 stop,755.0,3,9,2019,6,40,3,9,2019,19,15
Jet Airways,Kolkata,Banglore,1 stop,750.0,6,9,2019,9,35,6,9,2019,22,5
IndiGo,Banglore,Delhi,non-stop,175.0,21,5,2019,7,10,21,5,2019,10,5
Jet Airways,Delhi,Cochin,2 stops,535.0,6,6,2019,19,30,6,7,2019,4,25
Air India,Delhi,Cochin,2 stops,1410.0,3,3,2019,19,45,3,4,2019,19,15
IndiGo,Delhi,Cochin,1 stop,380.0,6,6,2019,16,10,6,6,2019,22,30
IndiGo,Chennai,Kolkata,non-stop,145.0,15,5,2019,11,35,15,5,2019,14,0
IndiGo,Delhi,Cochin,1 stop,425.0,6,6,2019,5,5,6,6,2019,12,10
Jet Airways,Delhi,Cochin,1 stop,600.0,6,6,2019,9,0,6,6,2019,19,0
Multiple carriers,Delhi,Cochin,1 stop,510.0,27,3,2019,7,0,27,3,2019,15,30
Air India,Mumbai,Hyderabad,non-stop,90.0,27,5,2019,13,55,27,5,2019,15,25
GoAir,Delhi,Cochin,1 stop,440.0,3,9,2019,6,0,3,9,2019,13,20
Air India,Kolkata,Banglore,non-stop,150.0,18,4,2019,14,15,18,4,2019,16,45
IndiGo,Delhi,Cochin,1 stop,420.0,21,3,2019,18,35,22,3,2019,1,35
Air India,Kolkata,Banglore,2 stops,1255.0,6,12,2019,16,50,13,6,2019,13,45
SpiceJet,Banglore,Delhi,non-stop,170.0,18,5,2019,9,30,18,5,2019,12,20
Multiple carriers,Delhi,Cochin,1 stop,455.0,27,3,2019,18,0,28,3,2019,1,35
Jet Airways,Delhi,Cochin,2 stops,830.0,6,9,2019,14,35,6,10,2019,4,25
Air India,Kolkata,Banglore,2 stops,1200.0,6,6,2019,9,25,6,7,2019,5,25
Air India,Chennai,Kolkata,non-stop,135.0,5,6,2019,11,40,5,6,2019,13,55
IndiGo,Chennai,Kolkata,non-stop,140.0,6,1,2019,13,15,6,1,2019,15,35
GoAir,Banglore,Delhi,non-stop,175.0,4,3,2019,7,45,4,3,2019,10,40
Multiple carriers,Delhi,Cochin,1 stop,730.0,6,1,2019,7,5,6,1,2019,19,15
Jet Airways,Delhi,Cochin,2 stops,1775.0,27,6,2019,13,25,28,6,2019,19,0
Multiple carriers,Delhi,Cochin,1 stop,730.0,18,5,2019,7,5,18,5,2019,19,15
IndiGo,Delhi,Cochin,1 stop,505.0,27,3,2019,17,10,28,3,2019,1,35
Air India,Kolkata,Banglore,1 stop,675.0,6,9,2019,9,50,6,9,2019,21,5
Jet Airways,Delhi,Cochin,1 stop,1295.0,27,6,2019,15,0,28,6,2019,12,35
Jet Airways,Banglore,Delhi,non-stop,185.0,27,4,2019,18,55,27,4,2019,22,0
IndiGo,Kolkata,Banglore,non-stop,160.0,24,3,2019,20,25,24,3,2019,23,5
Air India,Kolkata,Banglore,2 stops,590.0,24,5,2019,12,0,24,5,2019,21,50
Jet Airways,Delhi,Cochin,1 stop,360.0,5,9,2019,13,0,5,9,2019,19,0
IndiGo,Chennai,Kolkata,non-stop,145.0,24,5,2019,11,35,24,5,2019,14,0
Jet Airways,Delhi,Cochin,1 stop,1595.0,21,5,2019,10,0,22,5,2019,12,35
IndiGo,Mumbai,Hyderabad,non-stop,90.0,3,6,2019,16,55,3,6,2019,18,25
Air India,Mumbai,Hyderabad,non-stop,90.0,27,3,2019,13,55,27,3,2019,15,25
IndiGo,Delhi,Cochin,1 stop,635.0,21,3,2019,15,0,22,3,2019,1,35
IndiGo,Banglore,Delhi,non-stop,170.0,15,5,2019,13,0,15,5,2019,15,50
Air India,Chennai,Kolkata,non-stop,135.0,21,6,2019,11,40,21,6,2019,13,55
IndiGo,Chennai,Kolkata,non-stop,140.0,27,3,2019,19,35,27,3,2019,21,55
SpiceJet,Banglore,Delhi,non-stop,175.0,24,4,2019,21,10,25,4,2019,0,5
IndiGo,Kolkata,Banglore,1 stop,290.0,4,9,2019,15,15,4,9,2019,20,5
Air India,Mumbai,Hyderabad,non-stop,80.0,18,3,2019,6,20,18,3,2019,7,40
Jet Airways,Kolkata,Banglore,1 stop,730.0,6,12,2019,21,10,13,6,2019,9,20
Jet Airways,Mumbai,Hyderabad,non-stop,85.0,24,6,2019,2,55,24,6,2019,4,20
SpiceJet,Kolkata,Banglore,1 stop,435.0,6,6,2019,11,15,6,6,2019,18,30
SpiceJet,Banglore,Delhi,non-stop,160.0,15,6,2019,5,55,15,6,2019,8,35
Air Asia,Banglore,Delhi,non-stop,170.0,5,6,2019,4,55,5,6,2019,7,45
Jet Airways,Kolkata,Banglore,1 stop,1480.0,5,1,2019,20,25,5,2,2019,21,5
IndiGo,Chennai,Kolkata,non-stop,140.0,3,9,2019,19,35,3,9,2019,21,55
IndiGo,Delhi,Cochin,1 stop,975.0,24,6,2019,9,15,25,6,2019,1,30
Air India,Mumbai,Hyderabad,non-stop,80.0,18,3,2019,21,5,18,3,2019,22,25
Jet Airways,Banglore,Delhi,1 stop,1445.0,3,6,2019,8,55,3,7,2019,9,0
Air India,Delhi,Cochin,2 stops,435.0,6,6,2019,12,0,6,6,2019,19,15
IndiGo,Kolkata,Banglore,non-stop,165.0,3,3,2019,17,15,3,3,2019,20,0
IndiGo,Banglore,Delhi,non-stop,170.0,18,6,2019,20,0,18,6,2019,22,50
Air Asia,Delhi,Cochin,1 stop,865.0,3,3,2019,16,45,3,4,2019,7,10
Jet Airways,Banglore,Delhi,non-stop,175.0,5,9,2019,15,15,5,9,2019,18,10
Jet Airways,Banglore,Delhi,1 stop,340.0,3,6,2019,5,45,3,6,2019,11,25
SpiceJet,Banglore,Delhi,non-stop,175.0,24,3,2019,9,35,24,3,2019,12,30
IndiGo,Kolkata,Banglore,1 stop,265.0,24,4,2019,19,20,24,4,2019,23,45
Jet Airways,Delhi,Cochin,2 stops,1620.0,27,5,2019,9,35,28,5,2019,12,35
Air India,Banglore,Delhi,non-stop,170.0,18,3,2019,21,5,18,3,2019,23,55
Jet Airways,Delhi,Cochin,1 stop,1010.0,6,3,2019,19,45,6,4,2019,12,35
Jet Airways,Kolkata,Banglore,1 stop,1450.0,6,12,2019,9,35,13,6,2019,9,45
Jet Airways,Delhi,Cochin,2 stops,1025.0,15,6,2019,19,30,16,6,2019,12,35
Jet Airways,Kolkata,Banglore,1 stop,345.0,24,5,2019,14,5,24,5,2019,19,50
Air India,Delhi,Cochin,non-stop,180.0,3,6,2019,14,10,3,6,2019,17,10
IndiGo,Banglore,Delhi,non-stop,170.0,5,12,2019,10,10,5,12,2019,13,0
Jet Airways,Delhi,Cochin,1 stop,1575.0,3,6,2019,17,30,3,7,2019,19,45
Jet Airways,Banglore,Delhi,1 stop,435.0,18,3,2019,14,5,18,3,2019,21,20
Multiple carriers,Delhi,Cochin,1 stop,600.0,6,1,2019,9,15,6,1,2019,19,15
Air India,Banglore,Delhi,non-stop,170.0,4,3,2019,21,5,4,3,2019,23,55
SpiceJet,Banglore,Delhi,non-stop,160.0,5,12,2019,5,55,5,12,2019,8,35
Air India,Delhi,Cochin,non-stop,170.0,21,6,2019,5,10,21,6,2019,8,0
Multiple carriers,Delhi,Cochin,1 stop,630.0,27,3,2019,15,5,28,3,2019,1,35
IndiGo,Delhi,Cochin,1 stop,480.0,27,5,2019,17,30,28,5,2019,1,30
Air India,Delhi,Cochin,1 stop,1640.0,3,3,2019,6,5,3,4,2019,9,25
IndiGo,Banglore,Delhi,non-stop,170.0,18,6,2019,23,30,19,6,2019,2,20
Jet Airways,Delhi,Cochin,2 stops,1470.0,3,3,2019,18,20,3,4,2019,18,50
Multiple carriers,Delhi,Cochin,1 stop,705.0,27,6,2019,7,30,27,6,2019,19,15
Jet Airways,Delhi,Cochin,1 stop,745.0,6,6,2019,16,0,6,7,2019,4,25
Vistara,Chennai,Kolkata,non-stop,135.0,27,3,2019,7,5,27,3,2019,9,20
Multiple carriers,Delhi,Cochin,1 stop,390.0,5,1,2019,19,0,5,2,2019,1,30
Vistara,Banglore,Delhi,non-stop,155.0,6,12,2019,17,0,6,12,2019,19,35
Multiple carriers,Delhi,Cochin,1 stop,930.0,24,6,2019,10,0,25,6,2019,1,30
Jet Airways,Delhi,Cochin,2 stops,1125.0,5,9,2019,9,40,5,10,2019,4,25
IndiGo,Chennai,Kolkata,non-stop,140.0,24,6,2019,7,55,24,6,2019,10,15
SpiceJet,Kolkata,Banglore,non-stop,155.0,5,9,2019,6,55,5,9,2019,9,30
IndiGo,Banglore,Delhi,non-stop,175.0,18,5,2019,7,10,18,5,2019,10,5
Multiple carriers,Delhi,Cochin,1 stop,460.0,27,6,2019,4,55,27,6,2019,12,35
IndiGo,Delhi,Cochin,1 stop,630.0,6,9,2019,15,0,6,10,2019,1,30
Jet Airways,Delhi,Cochin,2 stops,505.0,24,6,2019,20,0,25,6,2019,4,25
SpiceJet,Kolkata,Banglore,non-stop,155.0,15,4,2019,6,55,15,4,2019,9,30
IndiGo,Banglore,Delhi,non-stop,175.0,24,3,2019,7,10,24,3,2019,10,5
IndiGo,Delhi,Cochin,1 stop,860.0,21,5,2019,6,40,21,5,2019,21,0
Air India,Banglore,Delhi,non-stop,165.0,3,9,2019,21,10,3,9,2019,23,55
Air Asia,Banglore,Delhi,non-stop,165.0,5,12,2019,11,10,5,12,2019,13,55
Jet Airways,Kolkata,Banglore,1 stop,1215.0,5,1,2019,8,25,5,2,2019,4,40
Jet Airways,Delhi,Cochin,1 stop,805.0,6,6,2019,15,0,6,7,2019,4,25
Jet Airways,Kolkata,Banglore,1 stop,865.0,18,5,2019,18,55,19,5,2019,9,20
IndiGo,Delhi,Cochin,1 stop,300.0,6,6,2019,16,0,6,6,2019,21,0
IndiGo,Chennai,Kolkata,non-stop,140.0,15,3,2019,7,55,15,3,2019,10,15
Multiple carriers,Delhi,Cochin,1 stop,455.0,18,5,2019,14,55,18,5,2019,22,30
Jet Airways,Banglore,Delhi,1 stop,900.0,3,6,2019,14,5,3,7,2019,5,5
Jet Airways,Kolkata,Banglore,1 stop,450.0,18,5,2019,21,10,19,5,2019,4,40
IndiGo,Delhi,Cochin,1 stop,305.0,6,1,2019,23,30,6,2,2019,4,35
Multiple carriers,Delhi,Cochin,1 stop,650.0,27,3,2019,8,0,27,3,2019,18,50
Jet Airways,Kolkata,Banglore,1 stop,1495.0,15,5,2019,18,55,16,5,2019,19,50
Jet Airways,Delhi,Cochin,2 stops,1325.0,27,3,2019,6,20,28,3,2019,4,25
Jet Airways,Kolkata,Banglore,1 stop,1265.0,6,9,2019,21,10,6,10,2019,18,15
IndiGo,Delhi,Cochin,1 stop,415.0,27,5,2019,18,35,28,5,2019,1,30
Jet Airways,Delhi,Cochin,1 stop,1595.0,27,5,2019,10,0,28,5,2019,12,35
GoAir,Banglore,Delhi,non-stop,175.0,5,1,2019,7,45,5,1,2019,10,40
SpiceJet,Banglore,Delhi,non-stop,170.0,24,3,2019,20,30,24,3,2019,23,20
Jet Airways,Delhi,Cochin,1 stop,395.0,24,6,2019,21,50,25,6,2019,4,25
Jet Airways,Kolkata,Banglore,1 stop,1330.0,4,1,2019,6,30,4,2,2019,4,40
Air India,Delhi,Cochin,3 stops,2280.0,21,3,2019,5,15,22,3,2019,19,15
Multiple carriers,Delhi,Cochin,1 stop,910.0,15,6,2019,3,50,15,6,2019,19,0
SpiceJet,Kolkata,Banglore,non-stop,155.0,5,9,2019,6,55,5,9,2019,9,30
Jet Airways,Banglore,Delhi,non-stop,175.0,21,5,2019,11,10,21,5,2019,14,5
Jet Airways,Delhi,Cochin,1 stop,300.0,6,6,2019,14,0,6,6,2019,19,0
Jet Airways,Kolkata,Banglore,1 stop,730.0,5,9,2019,21,10,5,10,2019,9,20
Jet Airways,Kolkata,Banglore,1 stop,1335.0,4,1,2019,20,0,4,2,2019,18,15
Jet Airways,Kolkata,Banglore,1 stop,910.0,6,12,2019,18,55,13,6,2019,10,5
Vistara,Banglore,Delhi,non-stop,170.0,4,12,2019,9,45,4,12,2019,12,35
Air India,Delhi,Cochin,2 stops,1275.0,6,6,2019,22,0,6,7,2019,19,15
IndiGo,Mumbai,Hyderabad,non-stop,90.0,6,3,2019,19,5,6,3,2019,20,35
SpiceJet,Kolkata,Banglore,1 stop,520.0,21,5,2019,8,35,21,5,2019,17,15
Air India,Delhi,Cochin,1 stop,1590.0,21,3,2019,20,30,22,3,2019,23,0
Air India,Kolkata,Banglore,2 stops,1625.0,5,1,2019,5,50,5,2,2019,8,55
Jet Airways,Delhi,Cochin,1 stop,1395.0,21,5,2019,19,45,22,5,2019,19,0
Air India,Kolkata,Banglore,1 stop,675.0,4,1,2019,9,50,4,1,2019,21,5
Jet Airways,Kolkata,Banglore,1 stop,365.0,5,12,2019,16,30,5,12,2019,22,35
IndiGo,Banglore,Delhi,non-stop,165.0,24,5,2019,1,30,24,5,2019,4,15
Air India,Delhi,Cochin,non-stop,170.0,24,4,2019,5,10,24,4,2019,8,0
Jet Airways,Delhi,Cochin,1 stop,1005.0,5,9,2019,2,15,5,9,2019,19,0
Air India,Delhi,Cochin,2 stops,1595.0,6,6,2019,16,40,6,7,2019,19,15
SpiceJet,Chennai,Kolkata,non-stop,135.0,27,3,2019,8,20,27,3,2019,10,35
Jet Airways,Delhi,Cochin,1 stop,660.0,6,9,2019,8,0,6,9,2019,19,0
Jet Airways,Delhi,Cochin,1 stop,450.0,6,12,2019,11,30,6,12,2019,19,0
Air India,Delhi,Cochin,1 stop,1335.0,21,3,2019,21,0,22,3,2019,19,15
Air India,Banglore,Delhi,2 stops,980.0,3,1,2019,5,50,3,1,2019,22,10
Air India,Delhi,Cochin,2 stops,1595.0,27,3,2019,16,40,28,3,2019,19,15
Jet Airways,Kolkata,Banglore,1 stop,1330.0,5,12,2019,6,30,13,5,2019,4,40
IndiGo,Banglore,Delhi,non-stop,175.0,3,9,2019,7,10,3,9,2019,10,5
SpiceJet,Kolkata,Banglore,non-stop,155.0,4,1,2019,6,55,4,1,2019,9,30
IndiGo,Delhi,Cochin,1 stop,480.0,21,5,2019,17,30,22,5,2019,1,30
Jet Airways,Delhi,Cochin,1 stop,455.0,21,3,2019,20,50,22,3,2019,4,25
Air India,Kolkata,Banglore,2 stops,1555.0,6,12,2019,9,10,13,6,2019,11,5
Jet Airways,Kolkata,Banglore,1 stop,1545.0,5,12,2019,16,30,13,5,2019,18,15
Multiple carriers,Delhi,Cochin,1 stop,735.0,21,5,2019,8,45,21,5,2019,21,0
IndiGo,Kolkata,Banglore,non-stop,160.0,15,6,2019,21,25,16,6,2019,0,5
Jet Airways,Kolkata,Banglore,1 stop,1170.0,15,5,2019,16,30,16,5,2019,12,0
IndiGo,Kolkata,Banglore,non-stop,155.0,18,4,2019,4,40,18,4,2019,7,15
Jet Airways,Mumbai,Hyderabad,non-stop,90.0,6,9,2019,19,35,6,9,2019,21,5
IndiGo,Mumbai,Hyderabad,non-stop,85.0,3,3,2019,6,20,3,3,2019,7,45
Multiple carriers,Delhi,Cochin,1 stop,705.0,27,5,2019,7,30,27,5,2019,19,15
Air India,Mumbai,Hyderabad,non-stop,80.0,24,6,2019,6,20,24,6,2019,7,40
Jet Airways,Delhi,Cochin,1 stop,395.0,27,3,2019,21,50,28,3,2019,4,25
Air Asia,Banglore,Delhi,non-stop,170.0,4,9,2019,23,55,4,10,2019,2,45
Multiple carriers,Delhi,Cochin,1 stop,755.0,27,5,2019,6,40,27,5,2019,19,15
Air India,Delhi,Cochin,2 stops,1545.0,3,3,2019,5,55,3,4,2019,7,40
Jet Airways,Banglore,Delhi,1 stop,435.0,15,3,2019,8,0,15,3,2019,15,15
Multiple carriers,Delhi,Cochin,1 stop,535.0,21,3,2019,10,20,21,3,2019,19,15
SpiceJet,Banglore,Delhi,non-stop,175.0,4,6,2019,21,10,4,7,2019,0,5
Jet Airways,Delhi,Cochin,1 stop,590.0,3,6,2019,9,0,3,6,2019,18,50
SpiceJet,Banglore,Delhi,non-stop,175.0,15,5,2019,21,10,16,5,2019,0,5
Air India,Kolkata,Banglore,2 stops,1845.0,24,3,2019,7,0,25,3,2019,13,45
SpiceJet,Chennai,Kolkata,non-stop,140.0,5,1,2019,17,45,5,1,2019,20,5
Jet Airways,Banglore,Delhi,1 stop,890.0,21,3,2019,20,35,22,3,2019,11,25
Multiple carriers,Delhi,Cochin,1 stop,660.0,6,12,2019,8,0,6,12,2019,19,0
Vistara,Delhi,Cochin,non-stop,190.0,21,3,2019,6,0,21,3,2019,9,10
Jet Airways,Delhi,Cochin,1 stop,520.0,6,6,2019,19,45,6,7,2019,4,25
IndiGo,Delhi,Cochin,1 stop,560.0,15,4,2019,6,50,15,4,2019,16,10
IndiGo,Chennai,Kolkata,non-stop,140.0,3,6,2019,19,35,3,6,2019,21,55
Jet Airways,Delhi,Cochin,1 stop,715.0,6,12,2019,7,5,6,12,2019,19,0
IndiGo,Delhi,Cochin,1 stop,515.0,6,12,2019,7,35,6,12,2019,16,10
Air India,Delhi,Cochin,2 stops,1210.0,27,6,2019,13,15,28,6,2019,9,25
Air Asia,Kolkata,Banglore,1 stop,220.0,15,5,2019,6,50,15,5,2019,10,30
Air India,Delhi,Cochin,2 stops,1410.0,27,6,2019,19,45,28,6,2019,19,15
Air India,Banglore,Delhi,1 stop,920.0,21,3,2019,22,0,22,3,2019,13,20
Jet Airways,Kolkata,Banglore,1 stop,1220.0,6,9,2019,20,0,6,10,2019,16,20
Vistara,Banglore,Delhi,non-stop,155.0,27,6,2019,17,0,27,6,2019,19,35
IndiGo,Kolkata,Banglore,1 stop,315.0,18,5,2019,21,0,19,5,2019,2,15
Jet Airways,Delhi,Cochin,1 stop,940.0,18,5,2019,20,55,19,5,2019,12,35
Air India,Chennai,Kolkata,non-stop,135.0,3,9,2019,11,40,3,9,2019,13,55
Jet Airways,Kolkata,Banglore,1 stop,1330.0,6,6,2019,6,30,6,7,2019,4,40
Jet Airways,Kolkata,Banglore,1 stop,870.0,15,5,2019,20,25,16,5,2019,10,55
IndiGo,Delhi,Cochin,1 stop,895.0,5,9,2019,10,35,5,10,2019,1,30
Jet Airways,Banglore,Delhi,1 stop,495.0,21,3,2019,7,0,21,3,2019,15,15
Vistara,Chennai,Kolkata,non-stop,135.0,21,3,2019,7,5,21,3,2019,9,20
Jet Airways,Kolkata,Banglore,1 stop,510.0,5,9,2019,14,5,5,9,2019,22,35
SpiceJet,Banglore,Delhi,non-stop,175.0,24,3,2019,9,35,24,3,2019,12,30
SpiceJet,Mumbai,Hyderabad,non-stop,80.0,18,3,2019,13,10,18,3,2019,14,30
Jet Airways,Kolkata,Banglore,1 stop,570.0,6,9,2019,14,5,6,9,2019,23,35
Vistara,Banglore,Delhi,non-stop,170.0,5,3,2019,21,0,5,3,2019,23,50
Air India,Mumbai,Hyderabad,2 stops,1795.0,3,12,2019,6,0,13,3,2019,11,55
IndiGo,Delhi,Cochin,non-stop,195.0,18,5,2019,14,25,18,5,2019,17,40
Air India,Banglore,Delhi,1 stop,410.0,3,3,2019,9,30,3,3,2019,16,20
Jet Airways,Kolkata,Banglore,1 stop,510.0,24,5,2019,14,5,24,5,2019,22,35
Jet Airways,Kolkata,Banglore,1 stop,1520.0,5,9,2019,9,35,5,10,2019,10,55
Jet Airways,Delhi,Cochin,1 stop,360.0,6,6,2019,13,0,6,6,2019,19,0
Jet Airways,Delhi,Cochin,2 stops,535.0,18,5,2019,19,30,19,5,2019,4,25
Jet Airways,Banglore,Delhi,non-stop,160.0,21,3,2019,19,55,21,3,2019,22,35
Jet Airways,Kolkata,Banglore,1 stop,450.0,15,5,2019,21,10,16,5,2019,4,40
Jet Airways,Kolkata,Banglore,1 stop,1080.0,24,5,2019,20,25,25,5,2019,14,25
Multiple carriers,Delhi,Cochin,1 stop,925.0,6,6,2019,7,5,6,6,2019,22,30
Multiple carriers,Delhi,Cochin,1 stop,490.0,27,3,2019,12,50,27,3,2019,21,0
Multiple carriers,Delhi,Cochin,1 stop,510.0,6,12,2019,17,0,13,6,2019,1,30
Air India,Mumbai,Hyderabad,non-stop,85.0,15,3,2019,15,0,15,3,2019,16,25
IndiGo,Kolkata,Banglore,non-stop,150.0,27,6,2019,14,25,27,6,2019,16,55
SpiceJet,Delhi,Cochin,1 stop,270.0,21,4,2019,8,45,21,4,2019,13,15
IndiGo,Kolkata,Banglore,1 stop,295.0,5,9,2019,9,20,5,9,2019,14,15
Air India,Kolkata,Banglore,2 stops,445.0,5,1,2019,5,50,5,1,2019,13,15
Jet Airways,Kolkata,Banglore,1 stop,1630.0,6,6,2019,20,25,6,7,2019,23,35
Air India,Kolkata,Banglore,2 stops,1385.0,15,5,2019,9,50,16,5,2019,8,55
IndiGo,Chennai,Kolkata,non-stop,140.0,15,5,2019,22,5,16,5,2019,0,25
Jet Airways,Delhi,Cochin,2 stops,1325.0,21,3,2019,6,20,22,3,2019,4,25
SpiceJet,Mumbai,Hyderabad,non-stop,90.0,5,9,2019,13,15,5,9,2019,14,45
SpiceJet,Delhi,Cochin,1 stop,310.0,27,3,2019,6,10,27,3,2019,11,20
Multiple carriers,Delhi,Cochin,1 stop,630.0,4,9,2019,8,45,4,9,2019,19,15
IndiGo,Banglore,Delhi,non-stop,175.0,3,9,2019,10,5,3,9,2019,13,0
Multiple carriers,Delhi,Cochin,1 stop,630.0,3,9,2019,15,5,3,10,2019,1,35
Multiple carriers,Delhi,Cochin,1 stop,645.0,6,3,2019,8,30,6,3,2019,19,15
Jet Airways,Kolkata,Banglore,1 stop,1720.0,24,5,2019,18,55,25,5,2019,23,35
SpiceJet,Banglore,Delhi,non-stop,160.0,6,9,2019,5,55,6,9,2019,8,35
Vistara,Delhi,Cochin,non-stop,190.0,24,6,2019,6,0,24,6,2019,9,10
Jet Airways,Kolkata,Banglore,1 stop,395.0,6,9,2019,17,0,6,9,2019,23,35
Air India,Kolkata,Banglore,1 stop,580.0,24,5,2019,19,0,25,5,2019,4,40
Multiple carriers,Delhi,Cochin,1 stop,390.0,5,9,2019,19,0,5,10,2019,1,30
Vistara,Banglore,Delhi,non-stop,170.0,4,3,2019,11,30,4,3,2019,14,20
IndiGo,Banglore,Delhi,non-stop,165.0,24,6,2019,1,30,24,6,2019,4,15
SpiceJet,Banglore,Delhi,non-stop,160.0,18,6,2019,5,55,18,6,2019,8,35
Jet Airways,Delhi,Cochin,non-stop,195.0,6,9,2019,11,0,6,9,2019,14,15
IndiGo,Delhi,Cochin,1 stop,645.0,3,6,2019,4,45,3,6,2019,15,30
Vistara,Banglore,Delhi,non-stop,170.0,21,4,2019,11,30,21,4,2019,14,20
Multiple carriers,Delhi,Cochin,1 stop,890.0,3,3,2019,4,0,3,3,2019,18,50
Multiple carriers,Delhi,Cochin,1 stop,780.0,18,5,2019,6,0,18,5,2019,19,0
Jet Airways,Banglore,Delhi,non-stop,175.0,5,12,2019,15,15,5,12,2019,18,10
Jet Airways,Delhi,Cochin,2 stops,440.0,5,9,2019,11,40,5,9,2019,19,0
Air India,Delhi,Cochin,1 stop,965.0,3,6,2019,17,20,3,7,2019,9,25
IndiGo,Delhi,Cochin,1 stop,825.0,3,6,2019,8,35,3,6,2019,22,20
Air India,Banglore,Delhi,1 stop,950.0,3,1,2019,17,0,3,2,2019,8,50
Jet Airways,Delhi,Cochin,1 stop,1475.0,3,9,2019,18,15,3,10,2019,18,50
Jet Airways,Kolkata,Banglore,1 stop,400.0,6,12,2019,14,5,6,12,2019,20,45
Multiple carriers,Delhi,Cochin,1 stop,750.0,6,12,2019,13,0,13,6,2019,1,30
SpiceJet,Kolkata,Banglore,non-stop,150.0,21,6,2019,17,10,21,6,2019,19,40
Jet Airways,Delhi,Cochin,1 stop,1595.0,18,5,2019,10,0,19,5,2019,12,35
Multiple carriers,Delhi,Cochin,1 stop,505.0,6,1,2019,10,35,6,1,2019,19,0
Jet Airways,Delhi,Cochin,1 stop,1655.0,27,5,2019,9,0,28,5,2019,12,35
Vistara,Banglore,Delhi,non-stop,160.0,4,1,2019,7,0,4,1,2019,9,40
Multiple carriers,Delhi,Cochin,1 stop,465.0,6,3,2019,11,30,6,3,2019,19,15
IndiGo,Delhi,Cochin,1 stop,300.0,3,3,2019,5,5,3,3,2019,10,5
IndiGo,Delhi,Cochin,1 stop,345.0,6,3,2019,2,0,6,3,2019,7,45
IndiGo,Banglore,Delhi,1 stop,245.0,3,9,2019,11,20,3,9,2019,15,25
SpiceJet,Chennai,Kolkata,non-stop,135.0,5,1,2019,8,20,5,1,2019,10,35
Jet Airways,Banglore,Delhi,1 stop,785.0,3,1,2019,11,40,3,2,2019,0,45
IndiGo,Delhi,Cochin,1 stop,985.0,3,3,2019,9,10,3,4,2019,1,35
Jet Airways,Kolkata,Banglore,1 stop,1210.0,24,3,2019,13,55,25,3,2019,10,5
Multiple carriers,Delhi,Cochin,1 stop,520.0,24,6,2019,10,35,24,6,2019,19,15
Vistara,Banglore,Delhi,non-stop,170.0,15,6,2019,9,45,15,6,2019,12,35
IndiGo,Banglore,Delhi,non-stop,170.0,21,6,2019,13,0,21,6,2019,15,50
Jet Airways,Banglore,Delhi,1 stop,375.0,18,3,2019,14,5,18,3,2019,20,20
SpiceJet,Kolkata,Banglore,non-stop,150.0,3,1,2019,17,15,3,1,2019,19,45
Air India,Delhi,Cochin,non-stop,170.0,6,1,2019,5,10,6,1,2019,8,0
Vistara,Kolkata,Banglore,1 stop,865.0,6,12,2019,20,20,13,6,2019,10,45
Air India,Kolkata,Banglore,1 stop,245.0,5,6,2019,9,10,5,6,2019,13,15
IndiGo,Kolkata,Banglore,non-stop,155.0,4,12,2019,11,30,4,12,2019,14,5
Multiple carriers,Delhi,Cochin,1 stop,480.0,27,3,2019,13,0,27,3,2019,21,0
Jet Airways,Banglore,Delhi,non-stop,180.0,24,6,2019,7,10,24,6,2019,10,10
IndiGo,Banglore,Delhi,non-stop,170.0,4,9,2019,4,0,4,9,2019,6,50
IndiGo,Banglore,Delhi,non-stop,170.0,5,6,2019,23,30,5,7,2019,2,20
Jet Airways,Banglore,Delhi,non-stop,180.0,27,4,2019,8,20,27,4,2019,11,20
Jet Airways,Banglore,Delhi,non-stop,180.0,6,6,2019,19,50,6,6,2019,22,50
Jet Airways,Banglore,Delhi,1 stop,400.0,15,3,2019,5,45,15,3,2019,12,25
Jet Airways,Kolkata,Banglore,1 stop,475.0,4,1,2019,8,25,4,1,2019,16,20
Vistara,Kolkata,Banglore,1 stop,1555.0,6,9,2019,7,10,6,10,2019,9,5
IndiGo,Banglore,Delhi,non-stop,175.0,15,3,2019,20,0,15,3,2019,22,55
Air India,Banglore,Delhi,1 stop,1015.0,3,9,2019,5,50,3,9,2019,22,45
Air India,Banglore,Delhi,1 stop,1730.0,3,1,2019,13,50,3,2,2019,18,40
IndiGo,Kolkata,Banglore,1 stop,265.0,5,1,2019,19,20,5,1,2019,23,45
Jet Airways,Delhi,Cochin,2 stops,830.0,6,12,2019,14,35,13,6,2019,4,25
Multiple carriers,Delhi,Cochin,1 stop,615.0,6,1,2019,8,45,6,1,2019,19,0
Jet Airways,Kolkata,Banglore,1 stop,960.0,21,5,2019,20,0,22,5,2019,12,0
Air India,Mumbai,Hyderabad,1 stop,965.0,3,6,2019,5,55,3,6,2019,22,0
IndiGo,Delhi,Cochin,1 stop,570.0,27,5,2019,16,0,28,5,2019,1,30
Jet Airways,Mumbai,Hyderabad,non-stop,85.0,21,6,2019,7,5,21,6,2019,8,30
Jet Airways,Kolkata,Banglore,1 stop,790.0,24,3,2019,6,30,24,3,2019,19,40
IndiGo,Delhi,Cochin,1 stop,895.0,4,9,2019,10,35,4,10,2019,1,30
Air India,Delhi,Cochin,1 stop,875.0,27,3,2019,17,40,28,3,2019,8,15
IndiGo,Kolkata,Banglore,non-stop,155.0,4,12,2019,15,30,4,12,2019,18,5
Jet Airways,Kolkata,Banglore,1 stop,740.0,5,9,2019,8,25,5,9,2019,20,45
Jet Airways,Delhi,Cochin,1 stop,610.0,3,9,2019,18,15,3,10,2019,4,25
Jet Airways,Kolkata,Banglore,1 stop,590.0,5,12,2019,8,25,5,12,2019,18,15
SpiceJet,Kolkata,Banglore,non-stop,145.0,21,4,2019,9,0,21,4,2019,11,25
Multiple carriers,Delhi,Cochin,1 stop,925.0,6,3,2019,7,5,6,3,2019,22,30
Jet Airways,Delhi,Cochin,1 stop,825.0,18,5,2019,22,50,19,5,2019,12,35
Jet Airways,Banglore,Delhi,1 stop,375.0,3,6,2019,7,0,3,6,2019,13,15
Jet Airways,Kolkata,Banglore,1 stop,570.0,18,5,2019,14,5,18,5,2019,23,35
Jet Airways,Delhi,Cochin,2 stops,505.0,27,5,2019,20,0,28,5,2019,4,25
SpiceJet,Chennai,Kolkata,non-stop,135.0,6,6,2019,8,20,6,6,2019,10,35
Multiple carriers,Delhi,Cochin,1 stop,435.0,5,9,2019,18,15,5,10,2019,1,30
Jet Airways,Banglore,Delhi,non-stop,180.0,24,6,2019,8,20,24,6,2019,11,20
Jet Airways,Delhi,Cochin,2 stops,1375.0,6,1,2019,5,30,6,2,2019,4,25
Jet Airways,Kolkata,Banglore,1 stop,570.0,4,1,2019,14,5,4,1,2019,23,35
SpiceJet,Chennai,Kolkata,non-stop,135.0,5,12,2019,9,45,5,12,2019,12,0
IndiGo,Mumbai,Hyderabad,non-stop,90.0,15,6,2019,9,10,15,6,2019,10,40
Jet Airways,Delhi,Cochin,2 stops,805.0,27,3,2019,5,25,27,3,2019,18,50
Multiple carriers,Delhi,Cochin,1 stop,465.0,3,6,2019,11,30,3,6,2019,19,15
SpiceJet,Banglore,Delhi,non-stop,175.0,27,5,2019,21,10,28,5,2019,0,5
IndiGo,Banglore,Delhi,1 stop,295.0,18,3,2019,16,55,18,3,2019,21,50
Jet Airways,Banglore,Delhi,1 stop,370.0,15,3,2019,9,45,15,3,2019,15,55
IndiGo,Chennai,Kolkata,non-stop,140.0,15,3,2019,5,15,15,3,2019,7,35
Vistara,Delhi,Cochin,non-stop,175.0,18,3,2019,14,55,18,3,2019,17,50
IndiGo,Chennai,Kolkata,non-stop,140.0,5,6,2019,13,15,5,6,2019,15,35
Jet Airways,Banglore,Delhi,1 stop,1110.0,21,3,2019,16,55,22,3,2019,11,25
IndiGo,Delhi,Cochin,1 stop,345.0,3,3,2019,2,0,3,3,2019,7,45
Jet Airways,Kolkata,Banglore,1 stop,1745.0,15,5,2019,17,0,16,5,2019,22,5
Multiple carriers,Delhi,Cochin,1 stop,490.0,15,6,2019,12,50,15,6,2019,21,0
Jet Airways,Kolkata,Banglore,1 stop,1315.0,18,5,2019,14,5,19,5,2019,12,0
SpiceJet,Kolkata,Banglore,non-stop,150.0,18,5,2019,17,10,18,5,2019,19,40
IndiGo,Delhi,Cochin,1 stop,305.0,6,6,2019,23,30,6,7,2019,4,35
Jet Airways,Delhi,Cochin,2 stops,1430.0,24,6,2019,19,10,25,6,2019,19,0
Air India,Banglore,Delhi,non-stop,170.0,3,3,2019,13,20,3,3,2019,16,10
Jet Airways,Delhi,Cochin,1 stop,1325.0,5,9,2019,20,55,5,10,2019,19,0
IndiGo,Delhi,Cochin,1 stop,860.0,24,6,2019,6,40,24,6,2019,21,0
Vistara,Kolkata,Banglore,1 stop,1440.0,24,5,2019,20,20,25,5,2019,20,20
SpiceJet,Kolkata,Banglore,1 stop,435.0,6,9,2019,11,15,6,9,2019,18,30
SpiceJet,Kolkata,Banglore,1 stop,330.0,6,12,2019,15,55,6,12,2019,21,25
Jet Airways,Banglore,Delhi,non-stop,180.0,6,6,2019,7,10,6,6,2019,10,10
Vistara,Kolkata,Banglore,1 stop,1655.0,5,1,2019,7,10,5,2,2019,10,45
SpiceJet,Delhi,Cochin,1 stop,295.0,4,6,2019,17,55,4,6,2019,22,50
Multiple carriers,Delhi,Cochin,1 stop,545.0,3,9,2019,7,5,3,9,2019,16,10
Air India,Mumbai,Hyderabad,non-stop,80.0,6,1,2019,6,20,6,1,2019,7,40
Air India,Banglore,Delhi,3 stops,685.0,3,6,2019,12,0,3,6,2019,23,25
Jet Airways,Banglore,Delhi,non-stop,180.0,24,6,2019,7,10,24,6,2019,10,10
Jet Airways,Kolkata,Banglore,1 stop,660.0,24,3,2019,21,10,25,3,2019,8,10
Jet Airways,Banglore,Delhi,non-stop,180.0,27,6,2019,19,50,27,6,2019,22,50
IndiGo,Delhi,Cochin,1 stop,480.0,27,3,2019,7,30,27,3,2019,15,30
Multiple carriers,Delhi,Cochin,1 stop,840.0,27,3,2019,7,0,27,3,2019,21,0
SpiceJet,Banglore,Delhi,non-stop,175.0,27,4,2019,21,10,28,4,2019,0,5
IndiGo,Kolkata,Banglore,non-stop,160.0,18,5,2019,21,25,19,5,2019,0,5
Air India,Kolkata,Banglore,2 stops,765.0,18,5,2019,16,50,19,5,2019,5,35
Air India,Kolkata,Banglore,1 stop,580.0,5,6,2019,19,0,5,7,2019,4,40
Multiple carriers,Delhi,Cochin,1 stop,455.0,3,3,2019,18,0,3,4,2019,1,35
IndiGo,Kolkata,Banglore,non-stop,155.0,21,4,2019,22,15,22,4,2019,0,50
Jet Airways,Banglore,Delhi,1 stop,1310.0,3,12,2019,20,35,13,3,2019,18,25
Air India,Delhi,Cochin,1 stop,675.0,27,3,2019,8,0,27,3,2019,19,15
Air India,Delhi,Cochin,2 stops,1380.0,6,9,2019,20,15,6,10,2019,19,15
Jet Airways,Banglore,Delhi,1 stop,680.0,3,6,2019,11,40,3,6,2019,23,0
IndiGo,Mumbai,Hyderabad,non-stop,85.0,15,3,2019,6,20,15,3,2019,7,45
Jet Airways,Banglore,Delhi,non-stop,180.0,21,6,2019,19,50,21,6,2019,22,50
Vistara,Delhi,Cochin,non-stop,190.0,5,9,2019,14,40,5,9,2019,17,50
Vistara,Delhi,Cochin,non-stop,190.0,27,4,2019,14,40,27,4,2019,17,50
Jet Airways,Kolkata,Banglore,1 stop,570.0,6,6,2019,14,5,6,6,2019,23,35
Jet Airways,Delhi,Cochin,1 stop,1415.0,21,3,2019,19,15,22,3,2019,18,50
Vistara,Banglore,Delhi,non-stop,155.0,27,5,2019,17,0,27,5,2019,19,35
Air India,Delhi,Cochin,2 stops,1470.0,5,9,2019,18,45,5,10,2019,19,15
Jet Airways,Delhi,Cochin,2 stops,1615.0,18,5,2019,9,40,19,5,2019,12,35
Vistara,Banglore,Delhi,non-stop,170.0,27,6,2019,11,30,27,6,2019,14,20
Air India,Banglore,Delhi,1 stop,385.0,24,3,2019,6,55,24,3,2019,13,20
IndiGo,Banglore,Delhi,non-stop,175.0,3,9,2019,18,25,3,9,2019,21,20
Jet Airways,Banglore,Delhi,1 stop,760.0,18,3,2019,5,45,18,3,2019,18,25
GoAir,Kolkata,Banglore,1 stop,460.0,24,3,2019,16,25,25,3,2019,0,5
IndiGo,Delhi,Cochin,1 stop,275.0,5,9,2019,7,35,5,9,2019,12,10
IndiGo,Delhi,Cochin,1 stop,320.0,15,6,2019,6,50,15,6,2019,12,10
Air India,Delhi,Cochin,1 stop,1255.0,18,5,2019,12,30,19,5,2019,9,25
Jet Airways,Delhi,Cochin,2 stops,1790.0,6,9,2019,6,45,6,10,2019,12,35
IndiGo,Chennai,Kolkata,non-stop,135.0,3,1,2019,13,20,3,1,2019,15,35
Jet Airways,Kolkata,Banglore,1 stop,1315.0,5,6,2019,14,5,5,7,2019,12,0
Air India,Kolkata,Banglore,2 stops,1320.0,6,6,2019,14,30,6,7,2019,12,30
Jet Airways,Delhi,Cochin,2 stops,1615.0,6,3,2019,9,40,6,4,2019,12,35
Jet Airways,Delhi,Cochin,1 stop,450.0,21,5,2019,20,55,22,5,2019,4,25
Jet Airways,Delhi,Cochin,1 stop,395.0,21,5,2019,21,50,22,5,2019,4,25
Multiple carriers,Delhi,Cochin,1 stop,390.0,27,6,2019,19,0,28,6,2019,1,30
Multiple carriers,Delhi,Cochin,1 stop,675.0,21,5,2019,8,0,21,5,2019,19,15
Jet Airways,Kolkata,Banglore,1 stop,800.0,5,9,2019,20,25,5,10,2019,9,45
Vistara,Banglore,Delhi,non-stop,165.0,24,3,2019,9,50,24,3,2019,12,35
Air India,Kolkata,Banglore,2 stops,1620.0,4,1,2019,7,0,4,2,2019,10,0
Jet Airways,Delhi,Cochin,2 stops,1125.0,5,9,2019,9,40,5,10,2019,4,25
SpiceJet,Kolkata,Banglore,1 stop,320.0,24,3,2019,15,55,24,3,2019,21,15
Jet Airways,Delhi,Cochin,2 stops,1300.0,6,12,2019,6,45,13,6,2019,4,25
Jet Airways,Kolkata,Banglore,1 stop,1285.0,4,1,2019,18,55,4,2,2019,16,20
IndiGo,Banglore,Delhi,non-stop,165.0,27,5,2019,6,5,27,5,2019,8,50
Multiple carriers,Delhi,Cochin,1 stop,585.0,6,1,2019,9,15,6,1,2019,19,0
IndiGo,Banglore,Delhi,non-stop,170.0,18,4,2019,8,30,18,4,2019,11,20
Jet Airways,Delhi,Cochin,2 stops,910.0,6,3,2019,21,25,6,4,2019,12,35
SpiceJet,Mumbai,Hyderabad,non-stop,90.0,5,12,2019,5,45,5,12,2019,7,15
Vistara,Banglore,Delhi,non-stop,170.0,27,6,2019,21,0,27,6,2019,23,50
Jet Airways,Delhi,Cochin,1 stop,395.0,6,3,2019,21,50,6,4,2019,4,25
Air Asia,Delhi,Cochin,1 stop,330.0,27,6,2019,7,55,27,6,2019,13,25
SpiceJet,Banglore,Delhi,non-stop,175.0,24,6,2019,21,10,25,6,2019,0,5
Jet Airways,Delhi,Cochin,1 stop,1015.0,6,1,2019,11,30,6,2,2019,4,25
Air India,Kolkata,Banglore,2 stops,1830.0,4,1,2019,12,0,4,2,2019,18,30
IndiGo,Kolkata,Banglore,1 stop,240.0,5,1,2019,6,20,5,1,2019,10,20
IndiGo,Mumbai,Hyderabad,non-stop,90.0,5,12,2019,9,10,5,12,2019,10,40
Air India,Banglore,Delhi,non-stop,165.0,24,3,2019,10,0,24,3,2019,12,45
Air India,Kolkata,Banglore,2 stops,1195.0,15,5,2019,12,0,16,5,2019,7,55
Multiple carriers,Delhi,Cochin,1 stop,900.0,24,6,2019,6,0,24,6,2019,21,0
Jet Airways,Mumbai,Hyderabad,2 stops,1415.0,3,6,2019,17,15,3,7,2019,16,50
Air India,Delhi,Cochin,1 stop,965.0,3,9,2019,17,20,3,10,2019,9,25
IndiGo,Banglore,Delhi,non-stop,165.0,21,4,2019,6,5,21,4,2019,8,50
Jet Airways,Banglore,Delhi,non-stop,185.0,6,6,2019,18,55,6,6,2019,22,0
Air India,Delhi,Cochin,2 stops,1560.0,21,3,2019,17,15,22,3,2019,19,15
Air India,Kolkata,Banglore,2 stops,1830.0,24,5,2019,12,0,25,5,2019,18,30
Jet Airways,Mumbai,Hyderabad,non-stop,90.0,15,3,2019,10,20,15,3,2019,11,50
Jet Airways,Kolkata,Banglore,1 stop,800.0,5,12,2019,20,0,13,5,2019,9,20
Vistara,Chennai,Kolkata,non-stop,135.0,21,5,2019,7,5,21,5,2019,9,20
Multiple carriers,Delhi,Cochin,1 stop,615.0,15,5,2019,15,15,16,5,2019,1,30
Jet Airways,Kolkata,Banglore,1 stop,775.0,6,9,2019,21,10,6,10,2019,10,5
Air India,Banglore,Delhi,non-stop,165.0,6,3,2019,10,0,6,3,2019,12,45
GoAir,Delhi,Cochin,1 stop,310.0,6,1,2019,14,25,6,1,2019,19,35
Jet Airways,Delhi,Cochin,2 stops,535.0,27,5,2019,19,30,28,5,2019,4,25
Air India,Delhi,Cochin,1 stop,1125.0,6,12,2019,13,30,13,6,2019,8,15
IndiGo,Mumbai,Hyderabad,non-stop,90.0,24,5,2019,9,10,24,5,2019,10,40
Vistara,Delhi,Cochin,non-stop,175.0,3,9,2019,14,55,3,9,2019,17,50
Jet Airways,Delhi,Cochin,1 stop,1485.0,6,6,2019,18,15,6,7,2019,19,0
Jet Airways,Banglore,Delhi,1 stop,1220.0,3,1,2019,22,50,3,2,2019,19,10
IndiGo,Banglore,Delhi,non-stop,175.0,4,9,2019,7,10,4,9,2019,10,5
Air India,Delhi,Cochin,non-stop,185.0,3,3,2019,18,5,3,3,2019,21,10
Air India,Kolkata,Banglore,1 stop,965.0,5,12,2019,19,0,13,5,2019,11,5
Jet Airways,Delhi,Cochin,2 stops,560.0,5,9,2019,9,40,5,9,2019,19,0
Jet Airways,Delhi,Cochin,1 stop,330.0,27,6,2019,7,5,27,6,2019,12,35
Jet Airways,Banglore,Delhi,non-stop,180.0,6,6,2019,19,50,6,6,2019,22,50
IndiGo,Banglore,Delhi,non-stop,165.0,5,3,2019,6,5,5,3,2019,8,50
Multiple carriers,Delhi,Cochin,1 stop,900.0,6,6,2019,6,0,6,6,2019,21,0
Air India,Delhi,Cochin,2 stops,1490.0,21,3,2019,6,50,22,3,2019,7,40
Air India,Kolkata,Banglore,2 stops,1045.0,4,1,2019,5,50,4,1,2019,23,15
Air India,Kolkata,Banglore,1 stop,545.0,5,9,2019,9,25,5,9,2019,18,30
IndiGo,Banglore,Delhi,non-stop,170.0,27,6,2019,22,10,28,6,2019,1,0
Jet Airways,Kolkata,Banglore,1 stop,570.0,21,5,2019,14,5,21,5,2019,23,35
Multiple carriers,Delhi,Cochin,1 stop,720.0,21,5,2019,7,0,21,5,2019,19,0
Air India,Mumbai,Hyderabad,non-stop,75.0,4,3,2019,19,30,4,3,2019,20,45
SpiceJet,Kolkata,Banglore,non-stop,140.0,4,9,2019,22,20,4,10,2019,0,40
Jet Airways,Kolkata,Banglore,1 stop,690.0,6,9,2019,9,35,6,9,2019,21,5
Jet Airways,Delhi,Cochin,1 stop,1575.0,27,3,2019,17,30,28,3,2019,19,45
Multiple carriers,Delhi,Cochin,1 stop,835.0,24,6,2019,7,5,24,6,2019,21,0
IndiGo,Banglore,Delhi,non-stop,170.0,4,9,2019,22,10,4,10,2019,1,0
IndiGo,Delhi,Cochin,non-stop,195.0,27,5,2019,21,5,28,5,2019,0,20
SpiceJet,Kolkata,Banglore,non-stop,150.0,21,4,2019,17,10,21,4,2019,19,40
IndiGo,Delhi,Cochin,1 stop,560.0,6,9,2019,6,50,6,9,2019,16,10
Air India,Banglore,Delhi,2 stops,665.0,3,1,2019,11,5,3,1,2019,22,10
IndiGo,Kolkata,Banglore,non-stop,155.0,24,4,2019,20,20,24,4,2019,22,55
Jet Airways,Banglore,Delhi,non-stop,160.0,3,9,2019,18,20,3,9,2019,21,0
Jet Airways,Delhi,Cochin,1 stop,1665.0,27,3,2019,16,0,28,3,2019,19,45
Jet Airways,Kolkata,Banglore,1 stop,1655.0,21,5,2019,20,0,22,5,2019,23,35
Vistara,Banglore,Delhi,non-stop,165.0,18,5,2019,19,30,18,5,2019,22,15
Multiple carriers,Delhi,Cochin,1 stop,630.0,5,9,2019,8,45,5,9,2019,19,15
Air India,Banglore,Delhi,2 stops,875.0,3,12,2019,8,50,3,12,2019,23,25
Jet Airways,Mumbai,Hyderabad,non-stop,90.0,5,12,2019,19,35,5,12,2019,21,5
SpiceJet,Kolkata,Banglore,non-stop,155.0,27,5,2019,6,55,27,5,2019,9,30
Jet Airways,Kolkata,Banglore,1 stop,450.0,5,9,2019,21,10,5,10,2019,4,40
Air India,Kolkata,Banglore,1 stop,930.0,4,1,2019,20,30,4,2,2019,12,0
Vistara,Kolkata,Banglore,1 stop,385.0,5,9,2019,17,0,5,9,2019,23,25
IndiGo,Delhi,Cochin,1 stop,290.0,18,5,2019,15,10,18,5,2019,20,0
IndiGo,Delhi,Cochin,1 stop,515.0,15,5,2019,7,35,15,5,2019,16,10
IndiGo,Kolkata,Banglore,non-stop,155.0,27,5,2019,17,15,27,5,2019,19,50
Air India,Kolkata,Banglore,2 stops,875.0,5,6,2019,5,50,5,6,2019,20,25
Jet Airways,Kolkata,Banglore,1 stop,800.0,5,6,2019,6,30,5,6,2019,19,50
Air Asia,Delhi,Cochin,1 stop,865.0,6,6,2019,16,45,6,7,2019,7,10
Multiple carriers,Delhi,Cochin,1 stop,540.0,6,12,2019,7,10,6,12,2019,16,10
Air India,Delhi,Cochin,non-stop,170.0,15,6,2019,5,10,15,6,2019,8,0
Multiple carriers,Delhi,Cochin,1 stop,455.0,6,3,2019,14,55,6,3,2019,22,30
Jet Airways,Kolkata,Banglore,1 stop,1285.0,5,1,2019,17,0,5,2,2019,14,25
SpiceJet,Kolkata,Banglore,non-stop,155.0,4,12,2019,6,55,4,12,2019,9,30
Multiple carriers,Delhi,Cochin,1 stop,615.0,24,6,2019,15,15,25,6,2019,1,30
Jet Airways,Banglore,Delhi,1 stop,390.0,3,12,2019,5,50,3,12,2019,12,20
IndiGo,Mumbai,Hyderabad,non-stop,85.0,3,9,2019,6,20,3,9,2019,7,45
Jet Airways,Banglore,Delhi,non-stop,185.0,6,1,2019,18,55,6,1,2019,22,0
SpiceJet,Kolkata,Banglore,non-stop,150.0,21,3,2019,9,0,21,3,2019,11,30
Air India,Delhi,Cochin,2 stops,1560.0,6,6,2019,17,15,6,7,2019,19,15
Jet Airways,Delhi,Cochin,1 stop,610.0,6,3,2019,18,15,6,4,2019,4,25
SpiceJet,Delhi,Cochin,1 stop,270.0,6,12,2019,8,45,6,12,2019,13,15
Air India,Mumbai,Hyderabad,non-stop,80.0,3,3,2019,6,20,3,3,2019,7,40
Vistara,Chennai,Kolkata,non-stop,135.0,21,6,2019,7,5,21,6,2019,9,20
Air India,Kolkata,Banglore,1 stop,1515.0,5,9,2019,12,0,5,10,2019,13,15
Jet Airways,Banglore,Delhi,1 stop,1235.0,15,3,2019,11,40,16,3,2019,8,15
IndiGo,Delhi,Cochin,1 stop,860.0,6,9,2019,6,40,6,9,2019,21,0
Multiple carriers,Delhi,Cochin,1 stop,385.0,3,3,2019,9,45,3,3,2019,16,10
Jet Airways,Delhi,Cochin,1 stop,1655.0,6,9,2019,9,0,6,10,2019,12,35
Jet Airways,Kolkata,Banglore,1 stop,1595.0,4,1,2019,20,0,4,2,2019,22,35
Air India,Delhi,Cochin,1 stop,375.0,21,5,2019,13,0,21,5,2019,19,15
Air India,Banglore,Delhi,1 stop,480.0,21,3,2019,11,50,21,3,2019,19,50
IndiGo,Delhi,Cochin,1 stop,300.0,21,5,2019,16,0,21,5,2019,21,0
IndiGo,Kolkata,Banglore,non-stop,155.0,5,1,2019,20,20,5,1,2019,22,55
Multiple carriers,Delhi,Cochin,2 stops,485.0,3,9,2019,13,15,3,9,2019,21,20
IndiGo,Banglore,Delhi,non-stop,170.0,3,9,2019,4,0,3,9,2019,6,50
Air India,Delhi,Cochin,1 stop,735.0,27,6,2019,7,0,27,6,2019,19,15
Jet Airways,Delhi,Cochin,2 stops,1295.0,27,6,2019,21,25,28,6,2019,19,0
SpiceJet,Kolkata,Banglore,non-stop,150.0,4,6,2019,17,10,4,6,2019,19,40
Air India,Kolkata,Banglore,2 stops,1255.0,18,5,2019,16,50,19,5,2019,13,45
Jet Airways,Banglore,Delhi,1 stop,1310.0,3,1,2019,11,40,3,2,2019,9,30
Air India,Kolkata,Banglore,2 stops,1700.0,5,12,2019,9,25,13,5,2019,13,45
Multiple carriers,Delhi,Cochin,1 stop,465.0,21,5,2019,11,30,21,5,2019,19,15
Air India,Banglore,Delhi,2 stops,1745.0,3,12,2019,8,50,13,3,2019,13,55
GoAir,Banglore,Delhi,non-stop,170.0,15,5,2019,11,40,15,5,2019,14,30
SpiceJet,Mumbai,Hyderabad,non-stop,80.0,15,3,2019,5,45,15,3,2019,7,5
Vistara,Kolkata,Banglore,1 stop,975.0,6,6,2019,7,10,6,6,2019,23,25
Jet Airways,Banglore,Delhi,non-stop,180.0,4,3,2019,7,10,4,3,2019,10,10
Multiple carriers,Delhi,Cochin,1 stop,910.0,5,9,2019,10,20,5,10,2019,1,30
Jet Airways,Banglore,Delhi,1 stop,755.0,3,1,2019,22,50,3,2,2019,11,25
IndiGo,Delhi,Cochin,1 stop,975.0,3,6,2019,4,45,3,6,2019,21,0
Air India,Banglore,Delhi,1 stop,1595.0,3,1,2019,9,30,3,2,2019,12,5
Vistara,Kolkata,Banglore,1 stop,1640.0,24,5,2019,17,0,25,5,2019,20,20
Multiple carriers,Delhi,Cochin,1 stop,755.0,18,5,2019,6,40,18,5,2019,19,15
Jet Airways,Delhi,Cochin,2 stops,1760.0,27,6,2019,23,5,29,6,2019,4,25
Jet Airways,Delhi,Cochin,2 stops,505.0,5,9,2019,20,0,5,10,2019,4,25
Jet Airways,Delhi,Cochin,2 stops,1295.0,6,1,2019,21,25,6,2,2019,19,0
Air India,Mumbai,Hyderabad,non-stop,85.0,6,9,2019,15,0,6,9,2019,16,25
Air Asia,Banglore,Delhi,non-stop,170.0,5,1,2019,4,55,5,1,2019,7,45
Jet Airways,Delhi,Cochin,1 stop,540.0,21,5,2019,10,0,21,5,2019,19,0
Air India,Delhi,Cochin,2 stops,1560.0,21,5,2019,17,15,22,5,2019,19,15
Multiple carriers,Delhi,Cochin,1 stop,465.0,24,6,2019,17,45,25,6,2019,1,30
Jet Airways,Kolkata,Banglore,1 stop,1630.0,6,9,2019,20,25,6,10,2019,23,35
IndiGo,Chennai,Kolkata,non-stop,140.0,18,5,2019,14,45,18,5,2019,17,5
Jet Airways,Mumbai,Hyderabad,non-stop,85.0,27,6,2019,2,55,27,6,2019,4,20
Jet Airways,Kolkata,Banglore,1 stop,1660.0,24,3,2019,19,45,25,3,2019,23,25
Multiple carriers,Delhi,Cochin,1 stop,750.0,5,9,2019,13,0,5,10,2019,1,30
IndiGo,Banglore,Delhi,non-stop,170.0,15,3,2019,23,30,16,3,2019,2,20
Air India,Mumbai,Hyderabad,2 stops,1630.0,3,6,2019,6,0,3,7,2019,9,10
SpiceJet,Chennai,Kolkata,non-stop,135.0,18,6,2019,9,45,18,6,2019,12,0
Jet Airways,Banglore,Delhi,non-stop,180.0,6,12,2019,7,10,6,12,2019,10,10
GoAir,Delhi,Cochin,1 stop,310.0,3,3,2019,14,10,3,3,2019,19,20
Jet Airways,Banglore,Delhi,non-stop,180.0,21,6,2019,17,45,21,6,2019,20,45
Jet Airways,Delhi,Cochin,1 stop,520.0,18,5,2019,19,45,19,5,2019,4,25
Jet Airways,Kolkata,Banglore,1 stop,690.0,5,12,2019,9,35,5,12,2019,21,5
Jet Airways,Banglore,Delhi,non-stop,185.0,4,3,2019,18,55,4,3,2019,22,0
Jet Airways,Kolkata,Banglore,1 stop,665.0,24,5,2019,21,10,25,5,2019,8,15
Air India,Delhi,Cochin,non-stop,170.0,18,6,2019,5,10,18,6,2019,8,0
Jet Airways,Kolkata,Banglore,1 stop,1285.0,15,5,2019,18,55,16,5,2019,16,20
Multiple carriers,Delhi,Cochin,1 stop,395.0,3,1,2019,19,0,3,2,2019,1,35
IndiGo,Kolkata,Banglore,non-stop,170.0,3,6,2019,5,30,3,6,2019,8,20
IndiGo,Banglore,Delhi,1 stop,295.0,3,1,2019,13,40,3,1,2019,18,35
Multiple carriers,Delhi,Cochin,1 stop,510.0,15,5,2019,17,0,16,5,2019,1,30
SpiceJet,Kolkata,Banglore,1 stop,340.0,24,3,2019,15,5,24,3,2019,20,45
Air India,Delhi,Cochin,1 stop,1420.0,6,1,2019,9,45,6,2,2019,9,25
Jet Airways,Banglore,Delhi,non-stop,165.0,15,4,2019,6,0,15,4,2019,8,45
Air India,Delhi,Cochin,1 stop,555.0,15,6,2019,10,0,15,6,2019,19,15
Jet Airways,Delhi,Cochin,2 stops,1760.0,27,6,2019,23,5,29,6,2019,4,25
IndiGo,Delhi,Cochin,1 stop,750.0,15,5,2019,8,30,15,5,2019,21,0
Jet Airways,Delhi,Cochin,2 stops,1390.0,18,5,2019,13,25,19,5,2019,12,35
Air India,Kolkata,Banglore,1 stop,1350.0,24,5,2019,9,25,25,5,2019,7,55
SpiceJet,Banglore,Delhi,non-stop,175.0,3,1,2019,9,35,3,1,2019,12,30
SpiceJet,Mumbai,Hyderabad,non-stop,90.0,6,6,2019,22,45,6,7,2019,0,15
Air India,Delhi,Cochin,non-stop,185.0,27,5,2019,18,5,27,5,2019,21,10
Jet Airways,Banglore,Delhi,non-stop,185.0,21,4,2019,18,55,21,4,2019,22,0
SpiceJet,Kolkata,Banglore,non-stop,140.0,21,5,2019,22,20,22,5,2019,0,40
Multiple carriers,Delhi,Cochin,1 stop,570.0,27,3,2019,11,30,27,3,2019,21,0
Multiple carriers,Delhi,Cochin,1 stop,480.0,5,9,2019,13,0,5,9,2019,21,0
Jet Airways,Delhi,Cochin,2 stops,1760.0,18,5,2019,23,5,20,5,2019,4,25
Jet Airways,Banglore,Delhi,non-stop,180.0,6,9,2019,8,20,6,9,2019,11,20
Air India,Kolkata,Banglore,1 stop,745.0,6,6,2019,9,25,6,6,2019,21,50
SpiceJet,Banglore,Delhi,non-stop,160.0,24,4,2019,5,55,24,4,2019,8,35
Jet Airways,Delhi,Cochin,non-stop,195.0,3,9,2019,11,0,3,9,2019,14,15
Jet Airways,Kolkata,Banglore,1 stop,840.0,5,1,2019,9,35,5,1,2019,23,35
Air India,Delhi,Cochin,2 stops,1420.0,15,5,2019,9,45,16,5,2019,9,25
Jet Airways,Delhi,Cochin,1 stop,1425.0,6,1,2019,19,15,6,2,2019,19,0
IndiGo,Chennai,Kolkata,non-stop,140.0,24,5,2019,13,15,24,5,2019,15,35
Air India,Delhi,Cochin,2 stops,1580.0,15,6,2019,7,5,16,6,2019,9,25
Jet Airways,Kolkata,Banglore,1 stop,740.0,5,12,2019,8,25,5,12,2019,20,45
Multiple carriers,Delhi,Cochin,1 stop,420.0,18,5,2019,14,0,18,5,2019,21,0
Jet Airways,Kolkata,Banglore,1 stop,1330.0,6,6,2019,6,30,6,7,2019,4,40
Jet Airways,Kolkata,Banglore,1 stop,740.0,24,5,2019,8,25,24,5,2019,20,45
Air India,Kolkata,Banglore,2 stops,1700.0,15,5,2019,9,25,16,5,2019,13,45
Multiple carriers,Delhi,Cochin,1 stop,675.0,3,9,2019,8,0,3,9,2019,19,15
SpiceJet,Kolkata,Banglore,non-stop,150.0,4,6,2019,14,55,4,6,2019,17,25
Jet Airways,Kolkata,Banglore,1 stop,1575.0,24,3,2019,21,10,25,3,2019,23,25
IndiGo,Delhi,Cochin,1 stop,895.0,6,1,2019,7,35,6,1,2019,22,30
SpiceJet,Mumbai,Hyderabad,non-stop,90.0,27,6,2019,22,45,28,6,2019,0,15
Jet Airways,Delhi,Cochin,1 stop,1005.0,4,3,2019,2,15,4,3,2019,19,0
Jet Airways,Delhi,Cochin,2 stops,1430.0,27,6,2019,19,10,28,6,2019,19,0
Air India,Kolkata,Banglore,2 stops,1165.0,18,5,2019,10,0,19,5,2019,5,25
Air India,Delhi,Cochin,1 stop,1215.0,24,5,2019,23,0,25,5,2019,19,15
IndiGo,Delhi,Cochin,1 stop,455.0,15,4,2019,8,35,15,4,2019,16,10
Air India,Banglore,Delhi,non-stop,165.0,18,3,2019,17,0,18,3,2019,19,45
Air India,Kolkata,Banglore,non-stop,155.0,24,3,2019,20,45,24,3,2019,23,20
Jet Airways,Delhi,Cochin,1 stop,330.0,24,6,2019,7,5,24,6,2019,12,35
Vistara,Kolkata,Banglore,1 stop,1065.0,5,9,2019,17,0,5,10,2019,10,45
IndiGo,Kolkata,Banglore,non-stop,155.0,18,4,2019,15,30,18,4,2019,18,5
Air India,Delhi,Cochin,1 stop,1640.0,18,5,2019,6,5,19,5,2019,9,25
IndiGo,Delhi,Cochin,1 stop,310.0,21,3,2019,7,20,21,3,2019,12,30
Jet Airways,Delhi,Cochin,2 stops,495.0,3,9,2019,20,10,3,10,2019,4,25
Air India,Delhi,Cochin,non-stop,170.0,6,3,2019,5,10,6,3,2019,8,0
Air India,Mumbai,Hyderabad,non-stop,90.0,27,6,2019,13,55,27,6,2019,15,25
Jet Airways,Kolkata,Banglore,1 stop,450.0,6,12,2019,21,10,13,6,2019,4,40
Jet Airways,Kolkata,Banglore,1 stop,345.0,6,12,2019,14,5,6,12,2019,19,50
Air India,Kolkata,Banglore,non-stop,155.0,15,3,2019,20,45,15,3,2019,23,20
Air India,Delhi,Cochin,1 stop,1535.0,6,6,2019,5,15,6,7,2019,6,50
Air India,Mumbai,Hyderabad,2 stops,710.0,3,12,2019,5,5,3,12,2019,16,55
IndiGo,Chennai,Kolkata,non-stop,145.0,18,3,2019,11,35,18,3,2019,14,0
IndiGo,Chennai,Kolkata,non-stop,140.0,6,1,2019,19,35,6,1,2019,21,55
Jet Airways,Kolkata,Banglore,1 stop,450.0,6,6,2019,21,10,6,7,2019,4,40
Jet Airways,Kolkata,Banglore,1 stop,1480.0,5,12,2019,20,25,13,5,2019,21,5
Jet Airways,Kolkata,Banglore,1 stop,800.0,5,1,2019,18,55,5,2,2019,8,15
GoAir,Delhi,Cochin,1 stop,355.0,6,12,2019,7,0,6,12,2019,12,55
Jet Airways,Delhi,Cochin,1 stop,330.0,27,5,2019,7,5,27,5,2019,12,35
IndiGo,Chennai,Kolkata,non-stop,165.0,15,6,2019,15,40,15,6,2019,18,25
Jet Airways,Delhi,Cochin,1 stop,540.0,18,5,2019,10,0,18,5,2019,19,0
Jet Airways,Kolkata,Banglore,1 stop,1015.0,24,3,2019,6,30,24,3,2019,23,25
Multiple carriers,Delhi,Cochin,1 stop,840.0,27,5,2019,7,0,27,5,2019,21,0
IndiGo,Banglore,Delhi,non-stop,170.0,24,5,2019,20,0,24,5,2019,22,50
IndiGo,Banglore,Delhi,1 stop,295.0,18,3,2019,12,10,18,3,2019,17,5
Multiple carriers,Delhi,Cochin,1 stop,520.0,27,6,2019,10,35,27,6,2019,19,15
Multiple carriers,Delhi,Cochin,1 stop,465.0,27,5,2019,17,45,28,5,2019,1,30
Jet Airways,Delhi,Cochin,1 stop,1210.0,6,12,2019,22,50,13,6,2019,19,0
IndiGo,Banglore,Delhi,non-stop,170.0,24,4,2019,13,0,24,4,2019,15,50
SpiceJet,Banglore,Delhi,non-stop,170.0,15,5,2019,9,30,15,5,2019,12,20
Vistara,Kolkata,Banglore,1 stop,1640.0,5,6,2019,17,0,5,7,2019,20,20
Jet Airways,Delhi,Cochin,2 stops,1195.0,27,5,2019,23,5,28,5,2019,19,0
Multiple carriers,Delhi,Cochin,1 stop,835.0,6,9,2019,7,5,6,9,2019,21,0
Jet Airways,Delhi,Cochin,1 stop,330.0,21,3,2019,7,5,21,3,2019,12,35
Vistara,Chennai,Kolkata,non-stop,140.0,6,1,2019,17,45,6,1,2019,20,5
IndiGo,Delhi,Cochin,1 stop,300.0,21,3,2019,5,5,21,3,2019,10,5
SpiceJet,Kolkata,Banglore,non-stop,140.0,27,4,2019,22,20,28,4,2019,0,40
Jet Airways,Mumbai,Hyderabad,non-stop,90.0,18,6,2019,10,20,18,6,2019,11,50
Jet Airways,Kolkata,Banglore,1 stop,965.0,24,3,2019,6,30,24,3,2019,22,35
IndiGo,Banglore,Delhi,non-stop,170.0,15,4,2019,10,10,15,4,2019,13,0
Jet Airways,Mumbai,Hyderabad,non-stop,90.0,6,1,2019,10,20,6,1,2019,11,50
Air India,Mumbai,Hyderabad,non-stop,75.0,5,9,2019,19,30,5,9,2019,20,45
Air India,Kolkata,Banglore,2 stops,765.0,21,5,2019,16,50,22,5,2019,5,35
Jet Airways,Kolkata,Banglore,1 stop,1215.0,6,9,2019,8,25,6,10,2019,4,40
IndiGo,Kolkata,Banglore,non-stop,150.0,18,6,2019,14,25,18,6,2019,16,55
Jet Airways,Delhi,Cochin,1 stop,610.0,27,3,2019,18,15,28,3,2019,4,25
Air India,Delhi,Cochin,1 stop,1640.0,21,3,2019,6,5,22,3,2019,9,25
Multiple carriers,Delhi,Cochin,1 stop,690.0,15,5,2019,14,0,16,5,2019,1,30
Air India,Delhi,Cochin,1 stop,735.0,24,5,2019,7,0,24,5,2019,19,15
IndiGo,Mumbai,Hyderabad,non-stop,90.0,3,3,2019,2,30,3,3,2019,4,0
Air India,Delhi,Cochin,2 stops,1580.0,6,9,2019,7,5,6,10,2019,9,25
Multiple carriers,Delhi,Cochin,1 stop,455.0,6,1,2019,11,40,6,1,2019,19,15
Jet Airways,Delhi,Cochin,1 stop,1425.0,6,3,2019,19,15,6,4,2019,19,0
IndiGo,Banglore,Delhi,non-stop,170.0,6,12,2019,4,0,6,12,2019,6,50
Multiple carriers,Delhi,Cochin,1 stop,395.0,27,3,2019,19,0,28,3,2019,1,35
Jet Airways,Delhi,Cochin,1 stop,1295.0,5,9,2019,15,0,5,10,2019,12,35
GoAir,Delhi,Cochin,1 stop,370.0,4,3,2019,7,25,4,3,2019,13,35
Vistara,Banglore,Delhi,non-stop,160.0,3,9,2019,11,30,3,9,2019,14,10
Air India,Delhi,Cochin,2 stops,865.0,6,9,2019,17,15,6,10,2019,7,40
IndiGo,Banglore,Delhi,non-stop,170.0,6,6,2019,23,30,6,7,2019,2,20
Jet Airways,Kolkata,Banglore,1 stop,1595.0,6,6,2019,20,0,6,7,2019,22,35
Vistara,Banglore,Delhi,non-stop,160.0,3,3,2019,11,30,3,3,2019,14,10
Multiple carriers,Delhi,Cochin,1 stop,385.0,6,3,2019,12,50,6,3,2019,19,15
Jet Airways,Kolkata,Banglore,1 stop,1695.0,24,3,2019,13,55,25,3,2019,18,10
Vistara,Mumbai,Hyderabad,1 stop,1190.0,3,6,2019,20,55,3,7,2019,16,45
Jet Airways,Kolkata,Banglore,1 stop,540.0,24,3,2019,19,45,25,3,2019,4,45
Jet Airways,Delhi,Cochin,1 stop,1685.0,3,9,2019,0,20,3,10,2019,4,25
Air India,Delhi,Cochin,1 stop,1420.0,18,5,2019,9,45,19,5,2019,9,25
Jet Airways,Delhi,Cochin,1 stop,360.0,6,12,2019,13,0,6,12,2019,19,0
Jet Airways,Kolkata,Banglore,1 stop,450.0,6,9,2019,21,10,6,10,2019,4,40
Vistara,Banglore,Delhi,non-stop,155.0,18,5,2019,17,0,18,5,2019,19,35
Air India,Delhi,Cochin,1 stop,675.0,21,3,2019,8,0,21,3,2019,19,15
Multiple carriers,Delhi,Cochin,1 stop,630.0,15,5,2019,8,45,15,5,2019,19,15
Air Asia,Banglore,Delhi,non-stop,165.0,3,3,2019,23,25,3,7,2019,2,10
SpiceJet,Kolkata,Banglore,1 stop,520.0,15,5,2019,8,35,15,5,2019,17,15
IndiGo,Kolkata,Banglore,non-stop,150.0,6,6,2019,14,25,6,6,2019,16,55
Jet Airways,Mumbai,Hyderabad,non-stop,85.0,3,6,2019,7,10,3,6,2019,8,35
Air India,Delhi,Cochin,1 stop,375.0,27,5,2019,13,0,27,5,2019,19,15
Jet Airways,Delhi,Cochin,2 stops,1125.0,6,9,2019,9,40,6,10,2019,4,25
Jet Airways,Delhi,Cochin,2 stops,560.0,21,5,2019,9,40,21,5,2019,19,0
Jet Airways,Kolkata,Banglore,1 stop,395.0,5,6,2019,17,0,5,6,2019,23,35
Jet Airways,Delhi,Cochin,1 stop,1040.0,21,5,2019,19,15,22,5,2019,12,35
Jet Airways,Delhi,Cochin,2 stops,1760.0,5,9,2019,23,5,5,11,2019,4,25
Air Asia,Banglore,Delhi,non-stop,165.0,21,4,2019,11,10,21,4,2019,13,55
Jet Airways,Banglore,Delhi,non-stop,165.0,4,1,2019,6,0,4,1,2019,8,45
IndiGo,Delhi,Cochin,1 stop,300.0,3,6,2019,5,5,3,6,2019,10,5
SpiceJet,Kolkata,Banglore,1 stop,435.0,6,12,2019,11,35,6,12,2019,18,50
Jet Airways,Delhi,Cochin,1 stop,925.0,15,6,2019,13,0,16,6,2019,4,25
Air India,Delhi,Cochin,2 stops,1580.0,18,5,2019,7,5,19,5,2019,9,25
Air India,Kolkata,Banglore,2 stops,920.0,18,5,2019,10,0,19,5,2019,1,20
IndiGo,Kolkata,Banglore,non-stop,155.0,18,4,2019,11,30,18,4,2019,14,5
Multiple carriers,Delhi,Cochin,1 stop,390.0,15,6,2019,19,0,16,6,2019,1,30
IndiGo,Banglore,Delhi,non-stop,170.0,3,3,2019,16,55,3,3,2019,19,45
Air India,Banglore,Delhi,1 stop,615.0,21,3,2019,8,15,21,3,2019,18,30
Air India,Delhi,Cochin,1 stop,640.0,6,3,2019,21,0,6,4,2019,7,40
Jet Airways,Kolkata,Banglore,1 stop,330.0,6,12,2019,6,30,6,12,2019,12,0
Multiple carriers,Delhi,Cochin,1 stop,520.0,5,6,2019,10,20,5,6,2019,19,0
Jet Airways,Delhi,Cochin,1 stop,1655.0,18,5,2019,9,0,19,5,2019,12,35
Jet Airways,Banglore,Delhi,1 stop,1280.0,24,3,2019,11,40,25,3,2019,9,0
Air India,Delhi,Cochin,2 stops,1560.0,6,1,2019,17,15,6,2,2019,19,15
IndiGo,Mumbai,Hyderabad,non-stop,90.0,3,3,2019,9,10,3,3,2019,10,40
Jet Airways,Kolkata,Banglore,1 stop,520.0,6,9,2019,20,0,6,10,2019,4,40
IndiGo,Kolkata,Banglore,1 stop,265.0,15,4,2019,19,20,15,4,2019,23,45
Multiple carriers,Delhi,Cochin,1 stop,455.0,5,9,2019,11,25,5,9,2019,19,0
IndiGo,Banglore,Delhi,1 stop,300.0,3,9,2019,17,55,3,9,2019,22,55
Multiple carriers,Delhi,Cochin,1 stop,810.0,6,6,2019,7,30,6,6,2019,21,0
Air Asia,Banglore,Delhi,non-stop,170.0,4,3,2019,23,55,4,4,2019,2,45
Air India,Banglore,Delhi,non-stop,165.0,6,9,2019,6,10,6,9,2019,8,55
Air India,Delhi,Cochin,1 stop,735.0,6,12,2019,7,0,6,12,2019,19,15
Air India,Kolkata,Banglore,2 stops,1185.0,5,1,2019,16,45,5,2,2019,12,30
SpiceJet,Chennai,Kolkata,non-stop,155.0,21,3,2019,9,30,21,3,2019,12,5
IndiGo,Delhi,Cochin,1 stop,415.0,24,6,2019,18,35,25,6,2019,1,30
Jet Airways,Kolkata,Banglore,1 stop,1730.0,6,6,2019,9,35,6,7,2019,14,25
Air Asia,Kolkata,Banglore,non-stop,150.0,4,6,2019,19,55,4,6,2019,22,25
Jet Airways,Delhi,Cochin,2 stops,1620.0,5,9,2019,9,35,5,10,2019,12,35
Jet Airways,Delhi,Cochin,1 stop,1225.0,6,9,2019,8,0,6,10,2019,4,25
Jet Airways,Delhi,Cochin,1 stop,360.0,15,6,2019,13,0,15,6,2019,19,0
IndiGo,Delhi,Cochin,1 stop,515.0,15,6,2019,7,35,15,6,2019,16,10
Air India,Banglore,Delhi,1 stop,1475.0,3,3,2019,8,15,3,7,2019,8,50
Multiple carriers,Delhi,Cochin,1 stop,780.0,6,6,2019,8,0,6,6,2019,21,0
Jet Airways,Kolkata,Banglore,1 stop,395.0,24,5,2019,17,0,24,5,2019,23,35
Vistara,Kolkata,Banglore,1 stop,1625.0,6,6,2019,20,20,6,7,2019,23,25
Jet Airways,Banglore,Delhi,1 stop,615.0,3,9,2019,21,25,13,3,2019,7,40
Jet Airways,Banglore,Delhi,1 stop,920.0,18,3,2019,16,55,19,3,2019,8,15
IndiGo,Delhi,Cochin,1 stop,380.0,18,5,2019,16,10,18,5,2019,22,30
Air India,Mumbai,Hyderabad,2 stops,205.0,3,6,2019,13,30,3,6,2019,16,55
Air India,Delhi,Cochin,1 stop,875.0,6,9,2019,17,40,6,10,2019,8,15
SpiceJet,Banglore,Delhi,non-stop,175.0,4,1,2019,21,10,4,2,2019,0,5
Air India,Banglore,Delhi,1 stop,1200.0,3,1,2019,0,30,3,1,2019,20,30
IndiGo,Kolkata,Banglore,non-stop,155.0,4,9,2019,22,15,4,10,2019,0,50
IndiGo,Chennai,Kolkata,non-stop,140.0,6,6,2019,22,5,6,7,2019,0,25
IndiGo,Delhi,Cochin,1 stop,300.0,3,9,2019,5,5,3,9,2019,10,5
Multiple carriers,Delhi,Cochin,1 stop,845.0,5,9,2019,4,55,5,9,2019,19,0
Air India,Banglore,Delhi,4 stops,1770.0,3,1,2019,5,50,3,2,2019,11,20
Jet Airways,Delhi,Cochin,1 stop,455.0,3,9,2019,20,50,3,10,2019,4,25
Jet Airways,Kolkata,Banglore,1 stop,1330.0,5,6,2019,6,30,5,7,2019,4,40
Jet Airways,Banglore,Delhi,non-stop,180.0,6,3,2019,7,10,6,3,2019,10,10
Jet Airways,Banglore,Delhi,non-stop,175.0,15,5,2019,11,10,15,5,2019,14,5
IndiGo,Mumbai,Hyderabad,non-stop,90.0,3,9,2019,2,30,3,9,2019,4,0
IndiGo,Kolkata,Banglore,1 stop,290.0,6,6,2019,8,10,6,6,2019,13,0
Jet Airways,Kolkata,Banglore,1 stop,590.0,24,5,2019,8,25,24,5,2019,18,15
Air India,Chennai,Kolkata,non-stop,135.0,21,3,2019,11,40,21,3,2019,13,55
IndiGo,Banglore,Delhi,non-stop,170.0,4,3,2019,13,0,4,3,2019,15,50
Jet Airways,Delhi,Cochin,2 stops,1195.0,24,6,2019,23,5,25,6,2019,19,0
Air India,Delhi,Cochin,2 stops,2240.0,21,5,2019,5,55,22,5,2019,19,15
IndiGo,Mumbai,Hyderabad,non-stop,90.0,24,6,2019,21,20,24,6,2019,22,50
Jet Airways,Banglore,Delhi,non-stop,180.0,6,1,2019,8,20,6,1,2019,11,20
Vistara,Kolkata,Banglore,1 stop,790.0,5,6,2019,7,10,5,6,2019,20,20
Jet Airways,Kolkata,Banglore,1 stop,1485.0,18,5,2019,20,0,19,5,2019,20,45
Air India,Banglore,Delhi,2 stops,2345.0,3,1,2019,8,50,3,2,2019,23,55
Air India,Delhi,Cochin,1 stop,965.0,6,3,2019,17,20,6,4,2019,9,25
Air Asia,Kolkata,Banglore,non-stop,150.0,24,6,2019,22,50,25,6,2019,1,20
IndiGo,Banglore,Delhi,non-stop,170.0,21,5,2019,22,10,22,5,2019,1,0
IndiGo,Mumbai,Hyderabad,non-stop,90.0,24,5,2019,21,20,24,5,2019,22,50
Jet Airways,Banglore,Delhi,non-stop,175.0,27,4,2019,11,10,27,4,2019,14,5
Jet Airways,Kolkata,Banglore,1 stop,800.0,4,1,2019,20,25,4,2,2019,9,45
GoAir,Kolkata,Banglore,non-stop,155.0,15,6,2019,15,20,15,6,2019,17,55
Jet Airways,Banglore,Delhi,1 stop,780.0,3,12,2019,21,25,13,3,2019,10,25
Jet Airways,Delhi,Cochin,2 stops,1195.0,27,6,2019,23,5,28,6,2019,19,0
Multiple carriers,Delhi,Cochin,1 stop,570.0,6,3,2019,11,30,6,3,2019,21,0
Vistara,Banglore,Delhi,non-stop,170.0,5,3,2019,11,30,5,3,2019,14,20
Vistara,Delhi,Cochin,non-stop,175.0,21,3,2019,21,10,22,3,2019,0,5
Jet Airways,Delhi,Cochin,1 stop,1485.0,15,6,2019,18,15,16,6,2019,19,0
IndiGo,Chennai,Kolkata,non-stop,145.0,15,3,2019,14,40,15,3,2019,17,5
Jet Airways,Mumbai,Hyderabad,non-stop,85.0,27,5,2019,7,5,27,5,2019,8,30
Air India,Delhi,Cochin,2 stops,1210.0,6,1,2019,13,15,6,2,2019,9,25
Jet Airways,Banglore,Delhi,1 stop,840.0,3,6,2019,21,25,3,7,2019,11,25
Jet Airways,Kolkata,Banglore,1 stop,1655.0,18,5,2019,5,45,19,5,2019,9,20
Air India,Delhi,Cochin,2 stops,1600.0,6,12,2019,5,0,13,6,2019,7,40
Multiple carriers,Delhi,Cochin,1 stop,860.0,6,12,2019,4,55,6,12,2019,19,15
Air India,Mumbai,Hyderabad,non-stop,75.0,15,3,2019,19,30,15,3,2019,20,45
IndiGo,Mumbai,Hyderabad,non-stop,90.0,27,5,2019,16,55,27,5,2019,18,25
IndiGo,Kolkata,Banglore,non-stop,155.0,4,9,2019,15,30,4,9,2019,18,5
Jet Airways,Delhi,Cochin,1 stop,395.0,6,9,2019,21,50,6,10,2019,4,25
Air India,Banglore,Delhi,non-stop,170.0,21,6,2019,13,20,21,6,2019,16,10
Jet Airways,Kolkata,Banglore,1 stop,505.0,6,9,2019,9,35,6,9,2019,18,0
IndiGo,Chennai,Kolkata,non-stop,140.0,24,5,2019,14,45,24,5,2019,17,5
IndiGo,Delhi,Cochin,1 stop,975.0,27,6,2019,9,15,28,6,2019,1,30
SpiceJet,Delhi,Cochin,1 stop,315.0,27,4,2019,6,5,27,4,2019,11,20
GoAir,Banglore,Delhi,non-stop,165.0,27,5,2019,20,55,27,5,2019,23,40
Jet Airways,Kolkata,Banglore,1 stop,1610.0,4,1,2019,6,30,4,2,2019,9,20
Jet Airways,Delhi,Cochin,1 stop,1235.0,24,6,2019,16,0,25,6,2019,12,35
IndiGo,Mumbai,Hyderabad,non-stop,90.0,5,6,2019,12,0,5,6,2019,13,30
Jet Airways,Kolkata,Banglore,1 stop,800.0,24,5,2019,20,0,25,5,2019,9,20
Multiple carriers,Delhi,Cochin,1 stop,710.0,21,3,2019,7,0,21,3,2019,18,50
IndiGo,Banglore,Delhi,non-stop,170.0,21,4,2019,20,0,21,4,2019,22,50
Jet Airways,Banglore,Delhi,1 stop,685.0,3,6,2019,7,0,3,6,2019,18,25
Air India,Banglore,Delhi,non-stop,170.0,21,4,2019,13,20,21,4,2019,16,10
Air India,Delhi,Cochin,1 stop,1535.0,27,5,2019,5,15,28,5,2019,6,50
Jet Airways,Kolkata,Banglore,1 stop,1685.0,21,5,2019,17,0,22,5,2019,21,5
Air India,Delhi,Cochin,1 stop,795.0,6,9,2019,9,45,6,9,2019,23,0
Jet Airways,Mumbai,Hyderabad,non-stop,85.0,15,6,2019,7,5,15,6,2019,8,30
Multiple carriers,Delhi,Cochin,1 stop,690.0,24,6,2019,14,0,25,6,2019,1,30
IndiGo,Delhi,Cochin,1 stop,345.0,6,12,2019,2,0,6,12,2019,7,45
Jet Airways,Banglore,Delhi,1 stop,875.0,3,12,2019,18,55,13,3,2019,9,30
Jet Airways,Delhi,Cochin,2 stops,810.0,6,3,2019,5,30,6,3,2019,19,0
Jet Airways,Delhi,Cochin,2 stops,1125.0,6,1,2019,9,40,6,2,2019,4,25
Air India,Kolkata,Banglore,non-stop,150.0,27,6,2019,14,15,27,6,2019,16,45
Jet Airways,Kolkata,Banglore,1 stop,1090.0,6,12,2019,14,5,13,6,2019,8,15
IndiGo,Delhi,Cochin,non-stop,195.0,18,3,2019,21,5,19,3,2019,0,20
Jet Airways,Delhi,Cochin,1 stop,660.0,3,9,2019,17,25,3,10,2019,4,25
Jet Airways,Delhi,Cochin,2 stops,1390.0,27,6,2019,13,25,28,6,2019,12,35
Vistara,Banglore,Delhi,non-stop,160.0,15,3,2019,7,0,15,3,2019,9,40
Jet Airways,Delhi,Cochin,1 stop,1040.0,27,6,2019,19,15,28,6,2019,12,35
Jet Airways,Kolkata,Banglore,1 stop,1005.0,21,5,2019,17,0,22,5,2019,9,45
IndiGo,Banglore,Delhi,non-stop,175.0,3,9,2019,20,0,3,9,2019,22,55
Jet Airways,Banglore,Delhi,1 stop,1050.0,3,6,2019,16,55,3,7,2019,10,25
Jet Airways,Delhi,Cochin,1 stop,825.0,6,3,2019,22,50,6,4,2019,12,35
Air India,Banglore,Delhi,non-stop,170.0,5,9,2019,21,5,5,9,2019,23,55
IndiGo,Banglore,Delhi,non-stop,165.0,3,9,2019,1,30,3,9,2019,4,15
IndiGo,Kolkata,Banglore,non-stop,155.0,6,6,2019,22,15,6,7,2019,0,50
IndiGo,Banglore,Delhi,non-stop,165.0,18,6,2019,1,30,18,6,2019,4,15
Jet Airways,Mumbai,Hyderabad,non-stop,85.0,18,6,2019,2,55,18,6,2019,4,20
Jet Airways,Kolkata,Banglore,1 stop,890.0,5,12,2019,21,10,13,5,2019,12,0
IndiGo,Delhi,Cochin,1 stop,415.0,21,5,2019,18,35,22,5,2019,1,30
Vistara,Banglore,Delhi,non-stop,160.0,3,9,2019,7,0,3,9,2019,9,40
Jet Airways,Delhi,Cochin,1 stop,540.0,6,6,2019,10,0,6,6,2019,19,0
Jet Airways,Kolkata,Banglore,1 stop,1080.0,6,6,2019,20,25,6,7,2019,14,25
Air India,Kolkata,Banglore,non-stop,155.0,21,4,2019,20,45,21,4,2019,23,20
Jet Airways,Delhi,Cochin,1 stop,520.0,6,1,2019,19,45,6,2,2019,4,25
SpiceJet,Banglore,Delhi,non-stop,170.0,24,3,2019,20,30,24,3,2019,23,20
Jet Airways,Delhi,Cochin,1 stop,1485.0,21,5,2019,18,15,22,5,2019,19,0
Multiple carriers,Delhi,Cochin,1 stop,570.0,27,3,2019,6,0,27,3,2019,15,30
Jet Airways,Mumbai,Hyderabad,non-stop,90.0,18,6,2019,10,20,18,6,2019,11,50
Jet Airways,Kolkata,Banglore,1 stop,1525.0,21,5,2019,21,10,22,5,2019,22,35
Jet Airways,Banglore,Delhi,non-stop,175.0,27,6,2019,11,10,27,6,2019,14,5
Multiple carriers,Delhi,Cochin,1 stop,735.0,15,5,2019,8,45,15,5,2019,21,0
Jet Airways,Banglore,Delhi,non-stop,180.0,5,6,2019,17,45,5,6,2019,20,45
Air India,Delhi,Cochin,1 stop,1010.0,5,9,2019,6,10,5,9,2019,23,0
Jet Airways,Delhi,Cochin,2 stops,910.0,6,3,2019,21,25,6,4,2019,12,35
SpiceJet,Kolkata,Banglore,non-stop,155.0,5,1,2019,6,55,5,1,2019,9,30
SpiceJet,Delhi,Cochin,1 stop,270.0,21,3,2019,8,45,21,3,2019,13,15
GoAir,Banglore,Delhi,non-stop,165.0,5,1,2019,20,55,5,1,2019,23,40
Jet Airways,Kolkata,Banglore,1 stop,1730.0,24,5,2019,9,35,25,5,2019,14,25
SpiceJet,Chennai,Kolkata,non-stop,135.0,6,1,2019,8,20,6,1,2019,10,35
Air India,Kolkata,Banglore,2 stops,1045.0,24,5,2019,5,50,24,5,2019,23,15
IndiGo,Delhi,Cochin,1 stop,940.0,3,3,2019,6,40,3,3,2019,22,20
Air India,Mumbai,Hyderabad,non-stop,80.0,24,6,2019,21,5,24,6,2019,22,25
IndiGo,Delhi,Cochin,1 stop,835.0,6,3,2019,8,35,6,3,2019,22,30
Jet Airways,Delhi,Cochin,1 stop,1385.0,3,9,2019,19,45,3,10,2019,18,50
SpiceJet,Kolkata,Banglore,non-stop,140.0,27,3,2019,22,20,28,3,2019,0,40
IndiGo,Chennai,Kolkata,non-stop,140.0,5,9,2019,19,35,5,9,2019,21,55
Jet Airways,Delhi,Cochin,1 stop,335.0,24,5,2019,22,50,25,5,2019,4,25
Air India,Banglore,Delhi,1 stop,990.0,3,12,2019,6,45,3,12,2019,23,15
Jet Airways,Kolkata,Banglore,1 stop,450.0,6,12,2019,21,10,13,6,2019,4,40
Multiple carriers,Delhi,Cochin,1 stop,755.0,27,3,2019,6,40,27,3,2019,19,15
Vistara,Banglore,Delhi,non-stop,170.0,27,4,2019,9,45,27,4,2019,12,35
Jet Airways,Banglore,Delhi,non-stop,180.0,4,6,2019,8,20,4,6,2019,11,20
IndiGo,Chennai,Kolkata,non-stop,140.0,5,3,2019,14,45,5,3,2019,17,5
Jet Airways,Banglore,Delhi,1 stop,900.0,3,12,2019,21,25,13,3,2019,12,25
IndiGo,Kolkata,Banglore,non-stop,155.0,18,5,2019,11,30,18,5,2019,14,5
Jet Airways,Kolkata,Banglore,1 stop,590.0,5,1,2019,6,30,5,1,2019,16,20
Jet Airways,Kolkata,Banglore,1 stop,570.0,24,3,2019,13,55,24,3,2019,23,25
Jet Airways,Kolkata,Banglore,1 stop,475.0,6,9,2019,8,25,6,9,2019,16,20
Jet Airways,Delhi,Cochin,2 stops,810.0,6,1,2019,5,30,6,1,2019,19,0
Jet Airways,Kolkata,Banglore,1 stop,665.0,5,1,2019,21,10,5,2,2019,8,15
Jet Airways,Delhi,Cochin,1 stop,450.0,21,5,2019,20,55,22,5,2019,4,25
Jet Airways,Kolkata,Banglore,1 stop,875.0,24,5,2019,14,5,25,5,2019,4,40
SpiceJet,Mumbai,Hyderabad,non-stop,90.0,5,12,2019,13,15,5,12,2019,14,45
SpiceJet,Banglore,Delhi,non-stop,170.0,27,4,2019,9,30,27,4,2019,12,20
Air India,Kolkata,Banglore,2 stops,1610.0,18,5,2019,8,20,19,5,2019,11,10
Multiple carriers,Delhi,Cochin,1 stop,430.0,21,3,2019,11,40,21,3,2019,18,50
SpiceJet,Banglore,Delhi,non-stop,170.0,24,5,2019,9,30,24,5,2019,12,20
Vistara,Banglore,Delhi,non-stop,165.0,21,5,2019,19,30,21,5,2019,22,15
Jet Airways,Banglore,Delhi,1 stop,1275.0,3,12,2019,18,55,13,3,2019,16,10
IndiGo,Delhi,Cochin,1 stop,845.0,27,5,2019,11,25,28,5,2019,1,30
Jet Airways,Kolkata,Banglore,1 stop,1655.0,24,5,2019,20,0,25,5,2019,23,35
Air India,Kolkata,Banglore,2 stops,765.0,6,9,2019,16,50,6,10,2019,5,35
Vistara,Mumbai,Hyderabad,1 stop,745.0,3,12,2019,7,30,3,12,2019,19,55
Multiple carriers,Delhi,Cochin,1 stop,720.0,6,12,2019,7,0,6,12,2019,19,0
SpiceJet,Mumbai,Hyderabad,non-stop,90.0,6,6,2019,5,45,6,6,2019,7,15
Multiple carriers,Delhi,Cochin,1 stop,455.0,18,5,2019,11,40,18,5,2019,19,15
Multiple carriers,Delhi,Cochin,1 stop,470.0,21,3,2019,4,45,21,3,2019,12,35
Jet Airways,Delhi,Cochin,1 stop,1210.0,6,1,2019,22,50,6,2,2019,19,0
IndiGo,Mumbai,Hyderabad,non-stop,90.0,4,3,2019,6,25,4,3,2019,7,55
IndiGo,Mumbai,Hyderabad,non-stop,90.0,21,5,2019,9,10,21,5,2019,10,40
Multiple carriers,Delhi,Cochin,1 stop,845.0,27,6,2019,4,55,27,6,2019,19,0
Jet Airways,Delhi,Cochin,1 stop,940.0,15,6,2019,20,55,16,6,2019,12,35
Jet Airways,Delhi,Cochin,1 stop,1105.0,15,6,2019,10,0,16,6,2019,4,25
SpiceJet,Mumbai,Hyderabad,non-stop,80.0,24,3,2019,13,10,24,3,2019,14,30
Air India,Delhi,Cochin,non-stop,185.0,6,9,2019,18,5,6,9,2019,21,10
Multiple carriers,Delhi,Cochin,1 stop,830.0,6,6,2019,11,40,6,7,2019,1,30
Jet Airways,Delhi,Cochin,1 stop,660.0,5,9,2019,8,0,5,9,2019,19,0
Air India,Kolkata,Banglore,1 stop,1440.0,15,5,2019,14,35,16,5,2019,14,35
Vistara,Banglore,Delhi,non-stop,165.0,24,5,2019,19,30,24,5,2019,22,15
Air India,Delhi,Cochin,2 stops,1580.0,21,3,2019,7,5,22,3,2019,9,25
Jet Airways,Kolkata,Banglore,1 stop,1395.0,24,3,2019,18,55,25,3,2019,18,10
Multiple carriers,Delhi,Cochin,1 stop,545.0,18,5,2019,7,5,18,5,2019,16,10
Jet Airways,Delhi,Cochin,1 stop,550.0,21,3,2019,19,15,22,3,2019,4,25
Multiple carriers,Delhi,Cochin,1 stop,485.0,3,6,2019,17,30,3,7,2019,1,35
Jet Airways,Banglore,Delhi,1 stop,550.0,3,1,2019,7,0,3,1,2019,16,10
Multiple carriers,Delhi,Cochin,1 stop,520.0,18,5,2019,10,35,18,5,2019,19,15
SpiceJet,Banglore,Delhi,non-stop,160.0,27,4,2019,5,55,27,4,2019,8,35
Jet Airways,Delhi,Cochin,2 stops,1025.0,6,3,2019,19,30,6,4,2019,12,35
Jet Airways,Kolkata,Banglore,1 stop,425.0,21,5,2019,16,30,21,5,2019,23,35
Air Asia,Kolkata,Banglore,non-stop,155.0,5,1,2019,10,20,5,1,2019,12,55
Jet Airways,Kolkata,Banglore,1 stop,590.0,4,1,2019,8,25,4,1,2019,18,15
Jet Airways,Kolkata,Banglore,1 stop,870.0,5,6,2019,20,25,5,7,2019,10,55
Jet Airways,Banglore,Delhi,1 stop,640.0,3,6,2019,22,50,3,7,2019,9,30
Jet Airways,Kolkata,Banglore,1 stop,875.0,5,1,2019,14,5,5,2,2019,4,40
IndiGo,Mumbai,Hyderabad,non-stop,90.0,18,6,2019,6,25,18,6,2019,7,55
Jet Airways,Mumbai,Hyderabad,non-stop,90.0,18,3,2019,19,35,18,3,2019,21,5
Jet Airways,Delhi,Cochin,2 stops,1430.0,5,1,2019,19,10,5,2,2019,19,0
Jet Airways,Delhi,Cochin,1 stop,1415.0,3,9,2019,19,15,3,10,2019,18,50
SpiceJet,Banglore,Delhi,non-stop,160.0,4,1,2019,5,55,4,1,2019,8,35
IndiGo,Banglore,Delhi,non-stop,180.0,6,3,2019,21,15,6,4,2019,0,15
Air India,Delhi,Cochin,1 stop,675.0,21,5,2019,8,0,21,5,2019,19,15
Jet Airways,Kolkata,Banglore,1 stop,1605.0,24,3,2019,16,55,25,3,2019,19,40
Jet Airways,Kolkata,Banglore,1 stop,1075.0,6,6,2019,17,0,6,7,2019,10,55
Air India,Kolkata,Banglore,1 stop,545.0,21,5,2019,9,25,21,5,2019,18,30
Multiple carriers,Delhi,Cochin,2 stops,460.0,6,1,2019,17,50,6,2,2019,1,30
IndiGo,Banglore,Delhi,non-stop,170.0,6,3,2019,22,10,6,4,2019,1,0
GoAir,Delhi,Cochin,1 stop,540.0,21,5,2019,10,35,21,5,2019,19,35
IndiGo,Delhi,Cochin,non-stop,195.0,6,12,2019,14,25,6,12,2019,17,40
SpiceJet,Kolkata,Banglore,non-stop,140.0,4,12,2019,22,20,13,4,2019,0,40
IndiGo,Mumbai,Hyderabad,non-stop,90.0,4,1,2019,9,10,4,1,2019,10,40
IndiGo,Kolkata,Banglore,1 stop,290.0,15,5,2019,8,10,15,5,2019,13,0
Multiple carriers,Delhi,Cochin,1 stop,540.0,6,9,2019,7,10,6,9,2019,16,10
Jet Airways,Kolkata,Banglore,1 stop,1005.0,15,5,2019,17,0,16,5,2019,9,45
Jet Airways,Delhi,Cochin,2 stops,1475.0,3,6,2019,19,10,3,7,2019,19,45
Air Asia,Delhi,Cochin,1 stop,870.0,24,6,2019,7,55,24,6,2019,22,25
Jet Airways,Delhi,Cochin,1 stop,885.0,21,5,2019,21,50,22,5,2019,12,35
Air India,Delhi,Cochin,2 stops,1275.0,24,6,2019,22,0,25,6,2019,19,15
Multiple carriers,Delhi,Cochin,1 stop,395.0,27,6,2019,6,0,27,6,2019,12,35
Multiple carriers,Delhi,Cochin,1 stop,545.0,6,9,2019,7,5,6,9,2019,16,10
Jet Airways,Delhi,Cochin,2 stops,1375.0,6,9,2019,5,30,6,10,2019,4,25
Jet Airways,Delhi,Cochin,2 stops,1045.0,27,6,2019,19,10,28,6,2019,12,35
Jet Airways,Delhi,Cochin,1 stop,540.0,27,6,2019,10,0,27,6,2019,19,0
Multiple carriers Premium economy,Delhi,Cochin,1 stop,725.0,21,3,2019,8,55,21,3,2019,21,0
SpiceJet,Mumbai,Hyderabad,non-stop,90.0,6,1,2019,5,45,6,1,2019,7,15
Jet Airways,Delhi,Cochin,2 stops,1490.0,15,6,2019,11,45,16,6,2019,12,35
IndiGo,Kolkata,Banglore,non-stop,165.0,24,6,2019,9,35,24,6,2019,12,20
Jet Airways,Delhi,Cochin,2 stops,1490.0,6,12,2019,11,45,13,6,2019,12,35
SpiceJet,Chennai,Kolkata,non-stop,135.0,27,6,2019,8,20,27,6,2019,10,35
Multiple carriers,Delhi,Cochin,1 stop,610.0,3,3,2019,15,25,3,4,2019,1,35
Air India,Delhi,Cochin,2 stops,1180.0,6,12,2019,12,0,13,6,2019,7,40
Jet Airways,Delhi,Cochin,2 stops,1475.0,3,6,2019,19,10,3,7,2019,19,45
IndiGo,Kolkata,Banglore,non-stop,150.0,6,12,2019,15,15,6,12,2019,17,45
Jet Airways,Kolkata,Banglore,1 stop,1545.0,6,12,2019,16,30,13,6,2019,18,15
Jet Airways,Banglore,Delhi,non-stop,175.0,24,3,2019,8,20,24,3,2019,11,15
SpiceJet,Kolkata,Banglore,non-stop,145.0,24,6,2019,9,0,24,6,2019,11,25
Jet Airways,Delhi,Cochin,2 stops,425.0,6,12,2019,5,30,6,12,2019,12,35
Jet Airways,Delhi,Cochin,1 stop,550.0,15,6,2019,19,15,16,6,2019,4,25
Multiple carriers,Delhi,Cochin,1 stop,470.0,18,5,2019,11,25,18,5,2019,19,15
Jet Airways,Banglore,Delhi,1 stop,1200.0,3,6,2019,11,40,3,7,2019,7,40
IndiGo,Banglore,Delhi,non-stop,170.0,4,9,2019,5,30,4,9,2019,8,20
Multiple carriers,Delhi,Cochin,1 stop,470.0,6,6,2019,11,25,6,6,2019,19,15
SpiceJet,Chennai,Kolkata,non-stop,135.0,6,9,2019,9,45,6,9,2019,12,0
Air India,Delhi,Cochin,non-stop,180.0,21,6,2019,14,10,21,6,2019,17,10
Jet Airways,Delhi,Cochin,2 stops,1375.0,24,6,2019,5,30,25,6,2019,4,25
Jet Airways,Delhi,Cochin,2 stops,1925.0,21,3,2019,10,45,22,3,2019,18,50
Jet Airways,Delhi,Cochin,1 stop,1010.0,24,6,2019,19,45,25,6,2019,12,35
Air India,Delhi,Cochin,2 stops,1410.0,6,3,2019,19,45,6,4,2019,19,15
Air India,Delhi,Cochin,2 stops,970.0,3,6,2019,17,15,3,7,2019,9,25
Vistara,Mumbai,Hyderabad,1 stop,1065.0,3,6,2019,15,40,3,7,2019,9,25
Air India,Kolkata,Banglore,2 stops,590.0,4,1,2019,12,0,4,1,2019,21,50
IndiGo,Delhi,Cochin,1 stop,845.0,27,6,2019,11,25,28,6,2019,1,30
Multiple carriers,Delhi,Cochin,1 stop,750.0,21,5,2019,13,0,22,5,2019,1,30
Air India,Kolkata,Banglore,2 stops,1625.0,6,6,2019,5,50,6,7,2019,8,55
Jet Airways,Kolkata,Banglore,1 stop,775.0,6,9,2019,21,10,6,10,2019,10,5
Air India,Delhi,Cochin,2 stops,1410.0,6,9,2019,19,45,6,10,2019,19,15
Jet Airways,Kolkata,Banglore,1 stop,570.0,24,5,2019,14,5,24,5,2019,23,35
IndiGo,Banglore,Delhi,non-stop,180.0,6,3,2019,16,55,6,3,2019,19,55
Multiple carriers,Delhi,Cochin,1 stop,395.0,3,6,2019,8,55,3,6,2019,15,30
Air India,Delhi,Cochin,2 stops,1245.0,6,3,2019,10,55,6,4,2019,7,40
Jet Airways,Delhi,Cochin,1 stop,450.0,27,6,2019,11,30,27,6,2019,19,0
IndiGo,Kolkata,Banglore,non-stop,155.0,27,5,2019,22,15,28,5,2019,0,50
IndiGo,Kolkata,Banglore,non-stop,165.0,3,3,2019,9,35,3,3,2019,12,20
IndiGo,Delhi,Cochin,1 stop,345.0,3,6,2019,2,0,3,6,2019,7,45
IndiGo,Delhi,Cochin,1 stop,305.0,4,1,2019,20,25,4,2,2019,1,30
Air India,Delhi,Cochin,1 stop,375.0,18,5,2019,13,0,18,5,2019,19,15
GoAir,Banglore,Delhi,non-stop,175.0,4,6,2019,7,45,4,6,2019,10,40
Multiple carriers,Delhi,Cochin,1 stop,555.0,6,9,2019,2,15,6,9,2019,11,30
Jet Airways,Kolkata,Banglore,1 stop,365.0,24,5,2019,16,30,24,5,2019,22,35
Jet Airways,Banglore,Delhi,1 stop,785.0,3,6,2019,11,40,3,7,2019,0,45
Air India,Delhi,Cochin,2 stops,1275.0,18,5,2019,22,0,19,5,2019,19,15
Air Asia,Banglore,Delhi,non-stop,170.0,6,3,2019,4,55,6,3,2019,7,45
Multiple carriers,Delhi,Cochin,1 stop,535.0,27,5,2019,10,20,27,5,2019,19,15
Air India,Kolkata,Banglore,2 stops,1390.0,21,5,2019,12,0,22,5,2019,11,10
IndiGo,Delhi,Cochin,2 stops,985.0,27,3,2019,4,55,27,3,2019,21,20
Vistara,Banglore,Delhi,non-stop,160.0,18,6,2019,7,0,18,6,2019,9,40
Jet Airways,Kolkata,Banglore,1 stop,960.0,6,9,2019,20,0,6,10,2019,12,0
IndiGo,Chennai,Kolkata,non-stop,140.0,15,6,2019,7,55,15,6,2019,10,15
Jet Airways,Kolkata,Banglore,1 stop,665.0,6,6,2019,21,10,6,7,2019,8,15
IndiGo,Chennai,Kolkata,non-stop,140.0,6,12,2019,7,55,6,12,2019,10,15
SpiceJet,Delhi,Cochin,1 stop,295.0,6,9,2019,17,55,6,9,2019,22,50
Air India,Delhi,Cochin,3 stops,2280.0,5,9,2019,5,15,5,10,2019,19,15
Vistara,Kolkata,Banglore,1 stop,865.0,5,6,2019,20,20,5,7,2019,10,45
Air India,Kolkata,Banglore,2 stops,920.0,4,1,2019,10,0,4,2,2019,1,20
Air India,Banglore,Delhi,non-stop,170.0,24,3,2019,21,5,24,3,2019,23,55
IndiGo,Banglore,Delhi,non-stop,170.0,18,4,2019,20,0,18,4,2019,22,50
Multiple carriers,Delhi,Cochin,1 stop,840.0,6,12,2019,7,0,6,12,2019,21,0
Multiple carriers,Delhi,Cochin,1 stop,720.0,24,6,2019,9,0,24,6,2019,21,0
IndiGo,Chennai,Kolkata,non-stop,140.0,24,5,2019,7,55,24,5,2019,10,15
IndiGo,Banglore,Delhi,non-stop,170.0,6,12,2019,10,10,6,12,2019,13,0
IndiGo,Delhi,Cochin,1 stop,310.0,15,4,2019,17,5,15,4,2019,22,15
Air India,Banglore,Delhi,1 stop,495.0,18,3,2019,0,30,18,3,2019,8,45
Jet Airways,Delhi,Cochin,1 stop,1570.0,24,6,2019,2,15,25,6,2019,4,25
Jet Airways,Delhi,Cochin,2 stops,1125.0,15,6,2019,9,40,16,6,2019,4,25
Jet Airways,Banglore,Delhi,1 stop,1400.0,3,6,2019,5,45,3,7,2019,5,5
IndiGo,Mumbai,Hyderabad,non-stop,90.0,24,5,2019,6,25,24,5,2019,7,55
Jet Airways,Mumbai,Hyderabad,non-stop,90.0,18,6,2019,8,45,18,6,2019,10,15
Air India,Delhi,Cochin,2 stops,1275.0,6,1,2019,22,0,6,2,2019,19,15
IndiGo,Kolkata,Banglore,non-stop,160.0,27,3,2019,20,25,27,3,2019,23,5
Jet Airways,Kolkata,Banglore,1 stop,710.0,24,3,2019,16,55,25,3,2019,4,45
Jet Airways,Delhi,Cochin,2 stops,1430.0,24,6,2019,19,10,25,6,2019,19,0
Vistara,Kolkata,Banglore,1 stop,1640.0,5,1,2019,17,0,5,2,2019,20,20
Jet Airways,Banglore,Delhi,1 stop,785.0,3,3,2019,11,40,3,7,2019,0,45
Jet Airways,Kolkata,Banglore,1 stop,975.0,24,3,2019,19,45,25,3,2019,12,0
Jet Airways,Delhi,Cochin,1 stop,1325.0,27,5,2019,20,55,28,5,2019,19,0
Air Asia,Kolkata,Banglore,non-stop,155.0,5,12,2019,10,20,5,12,2019,12,55
Jet Airways,Kolkata,Banglore,1 stop,750.0,5,1,2019,9,35,5,1,2019,22,5
IndiGo,Banglore,Delhi,non-stop,180.0,5,3,2019,16,55,5,3,2019,19,55
Jet Airways,Kolkata,Banglore,1 stop,1220.0,6,6,2019,20,0,6,7,2019,16,20
Jet Airways,Delhi,Cochin,1 stop,1010.0,6,1,2019,19,45,6,2,2019,12,35
Multiple carriers,Delhi,Cochin,1 stop,840.0,18,5,2019,11,30,19,5,2019,1,30
Jet Airways,Banglore,Delhi,non-stop,175.0,5,3,2019,11,10,5,3,2019,14,5
Air India,Banglore,Delhi,2 stops,1800.0,18,3,2019,17,25,19,3,2019,23,25
SpiceJet,Mumbai,Hyderabad,non-stop,80.0,18,3,2019,5,45,18,3,2019,7,5
Air India,Delhi,Cochin,2 stops,435.0,6,1,2019,12,0,6,1,2019,19,15
Air Asia,Kolkata,Banglore,1 stop,710.0,6,12,2019,7,35,6,12,2019,19,25
IndiGo,Banglore,Delhi,non-stop,170.0,5,9,2019,8,30,5,9,2019,11,20
Jet Airways,Delhi,Cochin,1 stop,335.0,6,9,2019,22,50,6,10,2019,4,25
IndiGo,Kolkata,Banglore,non-stop,155.0,4,12,2019,17,15,4,12,2019,19,50
SpiceJet,Chennai,Kolkata,non-stop,135.0,21,5,2019,8,20,21,5,2019,10,35
Air India,Kolkata,Banglore,2 stops,1665.0,5,1,2019,10,0,5,2,2019,13,45
Multiple carriers,Delhi,Cochin,1 stop,520.0,6,3,2019,10,35,6,3,2019,19,15
Multiple carriers,Delhi,Cochin,1 stop,640.0,18,5,2019,10,20,18,5,2019,21,0
IndiGo,Chennai,Kolkata,non-stop,140.0,5,6,2019,14,45,5,6,2019,17,5
Air Asia,Kolkata,Banglore,non-stop,150.0,18,4,2019,19,55,18,4,2019,22,25
Jet Airways,Mumbai,Hyderabad,non-stop,85.0,27,6,2019,7,5,27,6,2019,8,30
IndiGo,Delhi,Cochin,1 stop,320.0,3,6,2019,2,5,3,6,2019,7,25
Air India,Banglore,Delhi,1 stop,330.0,3,6,2019,6,45,3,6,2019,12,15
IndiGo,Banglore,Delhi,non-stop,175.0,4,12,2019,18,25,4,12,2019,21,20
Air India,Delhi,Cochin,1 stop,1535.0,3,3,2019,5,15,3,4,2019,6,50
Multiple carriers,Delhi,Cochin,1 stop,840.0,21,5,2019,7,0,21,5,2019,21,0
Multiple carriers,Delhi,Cochin,1 stop,915.0,3,6,2019,7,5,3,6,2019,22,20
Vistara,Banglore,Delhi,non-stop,170.0,27,4,2019,21,0,27,4,2019,23,50
Jet Airways,Kolkata,Banglore,1 stop,1215.0,6,9,2019,8,25,6,10,2019,4,40
IndiGo,Banglore,Delhi,non-stop,175.0,3,1,2019,20,0,3,1,2019,22,55
Air India,Mumbai,Hyderabad,non-stop,85.0,21,6,2019,15,0,21,6,2019,16,25
IndiGo,Delhi,Cochin,1 stop,515.0,3,6,2019,4,45,3,6,2019,13,20
IndiGo,Banglore,Delhi,non-stop,180.0,24,4,2019,16,55,24,4,2019,19,55
IndiGo,Chennai,Kolkata,non-stop,140.0,27,6,2019,13,15,27,6,2019,15,35
Multiple carriers,Delhi,Cochin,1 stop,845.0,6,9,2019,4,55,6,9,2019,19,0
Jet Airways,Banglore,Delhi,1 stop,610.0,18,3,2019,22,50,19,3,2019,9,0
Jet Airways,Delhi,Cochin,2 stops,500.0,3,3,2019,20,5,3,4,2019,4,25
Air Asia,Kolkata,Banglore,1 stop,710.0,4,1,2019,7,35,4,1,2019,19,25
IndiGo,Delhi,Cochin,1 stop,405.0,3,3,2019,4,45,3,3,2019,11,30
Jet Airways,Banglore,Delhi,non-stop,160.0,24,3,2019,19,55,24,3,2019,22,35
GoAir,Banglore,Delhi,1 stop,270.0,3,1,2019,15,45,3,1,2019,20,15
Jet Airways,Delhi,Cochin,2 stops,1000.0,6,6,2019,11,45,6,7,2019,4,25
Air India,Delhi,Cochin,non-stop,170.0,4,6,2019,5,10,4,6,2019,8,0
Jet Airways,Delhi,Cochin,2 stops,1375.0,15,6,2019,5,30,16,6,2019,4,25
Jet Airways,Mumbai,Hyderabad,non-stop,90.0,27,3,2019,10,20,27,3,2019,11,50
Jet Airways,Delhi,Cochin,2 stops,1620.0,15,6,2019,9,35,16,6,2019,12,35
Jet Airways,Banglore,Delhi,non-stop,180.0,21,4,2019,8,20,21,4,2019,11,20
Multiple carriers,Delhi,Cochin,1 stop,470.0,15,5,2019,11,25,15,5,2019,19,15
Air India,Banglore,Delhi,1 stop,370.0,3,1,2019,17,0,3,1,2019,23,10
Air India,Kolkata,Banglore,non-stop,155.0,6,1,2019,20,45,6,1,2019,23,20
Jet Airways,Banglore,Delhi,non-stop,165.0,5,12,2019,6,0,5,12,2019,8,45
Air India,Delhi,Cochin,1 stop,375.0,27,3,2019,13,0,27,3,2019,19,15
IndiGo,Kolkata,Banglore,non-stop,155.0,21,3,2019,15,10,21,3,2019,17,45
Air India,Delhi,Cochin,2 stops,1275.0,27,6,2019,22,0,28,6,2019,19,15
Jet Airways,Delhi,Cochin,1 stop,1570.0,6,9,2019,2,15,6,10,2019,4,25
Jet Airways,Kolkata,Banglore,1 stop,365.0,6,9,2019,16,30,6,9,2019,22,35
Jet Airways,Banglore,Delhi,non-stop,180.0,15,5,2019,7,10,15,5,2019,10,10
Jet Airways,Banglore,Delhi,non-stop,180.0,15,4,2019,17,45,15,4,2019,20,45
SpiceJet,Kolkata,Banglore,non-stop,145.0,4,12,2019,9,0,4,12,2019,11,25
IndiGo,Banglore,Delhi,non-stop,170.0,5,3,2019,20,0,5,3,2019,22,50
IndiGo,Banglore,Delhi,non-stop,165.0,4,12,2019,1,30,4,12,2019,4,15
Air India,Delhi,Cochin,1 stop,1535.0,27,4,2019,5,15,28,4,2019,6,50
GoAir,Banglore,Delhi,non-stop,175.0,15,4,2019,7,45,15,4,2019,10,40
Vistara,Kolkata,Banglore,1 stop,1555.0,5,6,2019,7,10,5,7,2019,9,5
Jet Airways,Kolkata,Banglore,1 stop,450.0,6,6,2019,21,10,6,7,2019,4,40
IndiGo,Kolkata,Banglore,non-stop,165.0,24,3,2019,10,10,24,3,2019,12,55
Jet Airways,Banglore,Delhi,non-stop,175.0,15,4,2019,11,10,15,4,2019,14,5
Air India,Delhi,Cochin,2 stops,2295.0,27,3,2019,5,0,28,3,2019,19,15
IndiGo,Chennai,Kolkata,non-stop,140.0,5,12,2019,19,35,5,12,2019,21,55
IndiGo,Kolkata,Banglore,non-stop,165.0,3,9,2019,10,10,3,9,2019,12,55
IndiGo,Chennai,Kolkata,non-stop,140.0,6,12,2019,22,5,13,6,2019,0,25
Air Asia,Kolkata,Banglore,non-stop,155.0,5,3,2019,10,20,5,3,2019,12,55
Air India,Delhi,Cochin,1 stop,675.0,15,6,2019,8,0,15,6,2019,19,15
IndiGo,Delhi,Cochin,1 stop,265.0,3,6,2019,7,35,3,6,2019,12,0
Jet Airways,Kolkata,Banglore,1 stop,730.0,24,5,2019,21,10,25,5,2019,9,20
IndiGo,Delhi,Cochin,1 stop,665.0,6,9,2019,5,5,6,9,2019,16,10
Jet Airways,Kolkata,Banglore,1 stop,1610.0,24,3,2019,19,45,25,3,2019,22,35
Multiple carriers,Delhi,Cochin,1 stop,630.0,6,9,2019,8,30,6,9,2019,19,0
Jet Airways,Kolkata,Banglore,1 stop,1520.0,15,5,2019,9,35,16,5,2019,10,55
Air India,Banglore,Delhi,3 stops,1480.0,3,12,2019,17,25,13,3,2019,18,5
IndiGo,Delhi,Cochin,1 stop,515.0,27,3,2019,4,45,27,3,2019,13,20
IndiGo,Banglore,Delhi,non-stop,170.0,21,6,2019,8,30,21,6,2019,11,20
Air India,Delhi,Cochin,2 stops,1275.0,6,9,2019,22,0,6,10,2019,19,15
Jet Airways,Banglore,Delhi,1 stop,470.0,3,1,2019,16,55,3,2,2019,0,45
SpiceJet,Mumbai,Hyderabad,non-stop,90.0,5,3,2019,13,15,5,3,2019,14,45
SpiceJet,Mumbai,Hyderabad,non-stop,90.0,4,3,2019,5,45,4,3,2019,7,15
SpiceJet,Chennai,Kolkata,non-stop,155.0,18,3,2019,9,30,18,3,2019,12,5
Jet Airways,Delhi,Cochin,1 stop,450.0,6,6,2019,11,30,6,6,2019,19,0
Jet Airways,Delhi,Cochin,1 stop,925.0,5,6,2019,13,0,5,7,2019,4,25
IndiGo,Kolkata,Banglore,1 stop,240.0,6,6,2019,6,20,6,6,2019,10,20
SpiceJet,Delhi,Cochin,1 stop,270.0,6,6,2019,8,45,6,6,2019,13,15
IndiGo,Delhi,Cochin,1 stop,305.0,3,9,2019,20,30,3,10,2019,1,35
Jet Airways,Delhi,Cochin,2 stops,1295.0,24,6,2019,21,25,25,6,2019,19,0
Air India,Kolkata,Banglore,2 stops,1415.0,21,5,2019,8,20,22,5,2019,7,55
IndiGo,Banglore,Delhi,1 stop,290.0,3,9,2019,7,30,3,9,2019,12,20
GoAir,Banglore,Delhi,non-stop,165.0,18,4,2019,20,55,18,4,2019,23,40
IndiGo,Banglore,Delhi,non-stop,170.0,27,4,2019,10,10,27,4,2019,13,0
IndiGo,Mumbai,Hyderabad,non-stop,85.0,3,9,2019,21,20,3,9,2019,22,45
IndiGo,Chennai,Kolkata,non-stop,140.0,27,3,2019,5,15,27,3,2019,7,35
Jet Airways,Kolkata,Banglore,1 stop,510.0,18,5,2019,14,5,18,5,2019,22,35
IndiGo,Banglore,Delhi,non-stop,180.0,15,6,2019,21,15,16,6,2019,0,15
Air India,Banglore,Delhi,1 stop,480.0,3,6,2019,11,50,3,6,2019,19,50
Multiple carriers Premium economy,Delhi,Cochin,1 stop,395.0,21,3,2019,6,0,21,3,2019,12,35
Air India,Kolkata,Banglore,2 stops,1100.0,24,3,2019,7,0,25,3,2019,1,20
Jet Airways,Delhi,Cochin,1 stop,330.0,6,1,2019,7,5,6,1,2019,12,35
Air India,Kolkata,Banglore,2 stops,1165.0,6,6,2019,10,0,6,7,2019,5,25
Jet Airways,Delhi,Cochin,1 stop,885.0,27,6,2019,21,50,28,6,2019,12,35
GoAir,Delhi,Cochin,1 stop,540.0,21,4,2019,10,35,21,4,2019,19,35
IndiGo,Banglore,Delhi,non-stop,170.0,18,5,2019,22,10,19,5,2019,1,0
Jet Airways,Kolkata,Banglore,1 stop,1375.0,18,5,2019,5,45,19,5,2019,4,40
Jet Airways,Mumbai,Hyderabad,non-stop,85.0,24,6,2019,2,55,24,6,2019,4,20
SpiceJet,Chennai,Kolkata,non-stop,135.0,3,3,2019,8,20,3,3,2019,10,35
GoAir,Kolkata,Banglore,1 stop,495.0,24,5,2019,23,30,25,5,2019,7,45
Air India,Delhi,Cochin,2 stops,1410.0,27,5,2019,19,45,28,5,2019,19,15
Air India,Delhi,Cochin,2 stops,1490.0,6,6,2019,6,50,6,7,2019,7,40
Multiple carriers,Delhi,Cochin,1 stop,690.0,6,6,2019,7,30,6,6,2019,19,0
Vistara,Banglore,Delhi,non-stop,160.0,21,3,2019,11,30,21,3,2019,14,10
Jet Airways,Kolkata,Banglore,1 stop,1400.0,18,5,2019,18,55,19,5,2019,18,15
Multiple carriers,Delhi,Cochin,1 stop,535.0,15,5,2019,10,20,15,5,2019,19,15
Air India,Delhi,Cochin,2 stops,1220.0,6,12,2019,13,5,13,6,2019,9,25
Air India,Banglore,Delhi,2 stops,2105.0,3,3,2019,11,5,3,7,2019,22,10
Vistara,Kolkata,Banglore,1 stop,1625.0,5,12,2019,20,20,13,5,2019,23,25
Jet Airways,Delhi,Cochin,non-stop,195.0,21,6,2019,11,0,21,6,2019,14,15
Jet Airways,Delhi,Cochin,2 stops,1140.0,15,6,2019,9,25,16,6,2019,4,25
Jet Airways,Delhi,Cochin,1 stop,350.0,3,6,2019,13,0,3,6,2019,18,50
SpiceJet,Banglore,Delhi,non-stop,160.0,6,12,2019,5,55,6,12,2019,8,35
Air India,Delhi,Cochin,2 stops,1420.0,3,3,2019,9,45,3,4,2019,9,25
Air India,Delhi,Cochin,2 stops,1490.0,5,9,2019,6,50,5,10,2019,7,40
Air India,Delhi,Cochin,2 stops,865.0,24,6,2019,17,15,25,6,2019,7,40
IndiGo,Mumbai,Hyderabad,non-stop,90.0,5,6,2019,9,10,5,6,2019,10,40
Multiple carriers,Delhi,Cochin,1 stop,765.0,6,9,2019,9,45,6,9,2019,22,30
Air Asia,Kolkata,Banglore,1 stop,220.0,6,9,2019,6,50,6,9,2019,10,30
Jet Airways,Mumbai,Hyderabad,2 stops,605.0,3,12,2019,6,30,3,12,2019,16,35
Vistara,Kolkata,Banglore,1 stop,1550.0,5,9,2019,17,0,5,10,2019,18,50
Multiple carriers,Delhi,Cochin,1 stop,470.0,27,5,2019,11,25,27,5,2019,19,15
Jet Airways,Kolkata,Banglore,1 stop,735.0,5,1,2019,20,0,5,2,2019,8,15
SpiceJet,Banglore,Delhi,non-stop,170.0,3,3,2019,5,45,3,3,2019,8,35
SpiceJet,Mumbai,Hyderabad,non-stop,80.0,21,3,2019,13,10,21,3,2019,14,30
Jet Airways,Banglore,Delhi,non-stop,180.0,18,6,2019,17,45,18,6,2019,20,45
IndiGo,Delhi,Cochin,1 stop,625.0,6,9,2019,10,35,6,9,2019,21,0
Air India,Kolkata,Banglore,2 stops,1840.0,18,5,2019,5,50,19,5,2019,12,30
Jet Airways,Kolkata,Banglore,1 stop,1545.0,4,1,2019,6,30,4,2,2019,8,15
IndiGo,Delhi,Cochin,1 stop,810.0,6,3,2019,7,30,6,3,2019,21,0
Jet Airways,Delhi,Cochin,1 stop,455.0,3,3,2019,20,50,3,4,2019,4,25
Jet Airways,Kolkata,Banglore,1 stop,690.0,6,12,2019,9,35,6,12,2019,21,5
IndiGo,Banglore,Delhi,non-stop,180.0,18,6,2019,16,55,18,6,2019,19,55
Jet Airways,Kolkata,Banglore,1 stop,1500.0,6,9,2019,17,0,6,10,2019,18,0
Jet Airways,Banglore,Delhi,non-stop,185.0,18,4,2019,18,55,18,4,2019,22,0
Jet Airways,Kolkata,Banglore,1 stop,345.0,5,1,2019,14,5,5,1,2019,19,50
Air India,Kolkata,Banglore,2 stops,445.0,5,6,2019,5,50,5,6,2019,13,15
IndiGo,Banglore,Delhi,non-stop,165.0,15,6,2019,6,5,15,6,2019,8,50
IndiGo,Kolkata,Banglore,non-stop,165.0,27,3,2019,22,10,28,3,2019,0,55
Jet Airways,Kolkata,Banglore,1 stop,1285.0,15,5,2019,17,0,16,5,2019,14,25
Air India,Kolkata,Banglore,1 stop,1545.0,24,5,2019,9,25,25,5,2019,11,10
IndiGo,Kolkata,Banglore,non-stop,155.0,4,1,2019,4,40,4,1,2019,7,15
Air India,Delhi,Cochin,1 stop,570.0,24,6,2019,13,30,24,6,2019,23,0
IndiGo,Kolkata,Banglore,non-stop,170.0,3,12,2019,5,30,3,12,2019,8,20
IndiGo,Banglore,Delhi,non-stop,175.0,15,5,2019,18,55,15,5,2019,21,50
Multiple carriers,Delhi,Cochin,1 stop,920.0,6,9,2019,7,10,6,9,2019,22,30
GoAir,Delhi,Cochin,1 stop,370.0,27,6,2019,7,25,27,6,2019,13,35
SpiceJet,Kolkata,Banglore,non-stop,155.0,24,5,2019,6,55,24,5,2019,9,30
Air India,Delhi,Cochin,2 stops,1595.0,3,3,2019,16,40,3,4,2019,19,15
SpiceJet,Delhi,Cochin,1 stop,380.0,18,5,2019,15,45,18,5,2019,22,5
Air India,Delhi,Cochin,1 stop,640.0,24,6,2019,21,0,25,6,2019,7,40
Air India,Delhi,Cochin,2 stops,1380.0,6,6,2019,20,15,6,7,2019,19,15
Air India,Banglore,Delhi,2 stops,1705.0,3,1,2019,6,45,3,2,2019,11,10
IndiGo,Delhi,Cochin,1 stop,860.0,21,3,2019,6,40,21,3,2019,21,0
GoAir,Banglore,Delhi,non-stop,175.0,24,3,2019,20,55,24,3,2019,23,50
IndiGo,Delhi,Cochin,1 stop,490.0,6,1,2019,14,20,6,1,2019,22,30
GoAir,Banglore,Delhi,non-stop,175.0,4,1,2019,7,45,4,1,2019,10,40
Air India,Mumbai,Hyderabad,1 stop,905.0,3,6,2019,6,10,3,6,2019,21,15
Air India,Banglore,Delhi,non-stop,170.0,24,4,2019,13,20,24,4,2019,16,10
Jet Airways,Delhi,Cochin,2 stops,1025.0,27,6,2019,19,30,28,6,2019,12,35
IndiGo,Banglore,Delhi,non-stop,170.0,6,3,2019,4,0,6,3,2019,6,50
Jet Airways,Kolkata,Banglore,1 stop,1540.0,18,5,2019,20,25,19,5,2019,22,5
Air India,Banglore,Delhi,non-stop,165.0,21,4,2019,6,10,21,4,2019,8,55
IndiGo,Kolkata,Banglore,1 stop,290.0,15,5,2019,15,15,15,5,2019,20,5
Jet Airways,Kolkata,Banglore,1 stop,1520.0,18,5,2019,9,35,19,5,2019,10,55
Air India,Kolkata,Banglore,non-stop,150.0,21,6,2019,14,15,21,6,2019,16,45
Air India,Delhi,Cochin,1 stop,765.0,6,3,2019,20,40,6,4,2019,9,25
SpiceJet,Mumbai,Hyderabad,non-stop,80.0,3,3,2019,13,10,3,3,2019,14,30
SpiceJet,Kolkata,Banglore,non-stop,145.0,6,6,2019,9,0,6,6,2019,11,25
IndiGo,Banglore,Delhi,1 stop,295.0,3,9,2019,16,55,3,9,2019,21,50
Multiple carriers,Delhi,Cochin,1 stop,720.0,24,6,2019,9,0,24,6,2019,21,0
IndiGo,Kolkata,Banglore,non-stop,155.0,27,4,2019,20,20,27,4,2019,22,55
IndiGo,Delhi,Cochin,1 stop,500.0,18,5,2019,17,10,19,5,2019,1,30
Air Asia,Banglore,Delhi,non-stop,165.0,3,9,2019,23,25,3,10,2019,2,10
IndiGo,Kolkata,Banglore,non-stop,165.0,15,6,2019,20,25,15,6,2019,23,10
Air India,Delhi,Cochin,non-stop,185.0,27,4,2019,18,5,27,4,2019,21,10
Jet Airways,Delhi,Cochin,2 stops,1600.0,21,3,2019,16,10,22,3,2019,18,50
Jet Airways,Delhi,Cochin,2 stops,535.0,6,9,2019,19,30,6,10,2019,4,25
GoAir,Banglore,Delhi,non-stop,175.0,24,3,2019,7,45,24,3,2019,10,40
Jet Airways,Banglore,Delhi,non-stop,180.0,6,9,2019,19,50,6,9,2019,22,50
Air Asia,Kolkata,Banglore,non-stop,150.0,21,5,2019,19,55,21,5,2019,22,25
Jet Airways,Delhi,Cochin,1 stop,870.0,3,3,2019,13,55,3,4,2019,4,25
IndiGo,Kolkata,Banglore,non-stop,155.0,18,5,2019,15,30,18,5,2019,18,5
Jet Airways,Kolkata,Banglore,1 stop,1005.0,6,12,2019,17,0,13,6,2019,9,45
Air India,Chennai,Kolkata,non-stop,135.0,3,6,2019,11,40,3,6,2019,13,55
Air India,Delhi,Cochin,1 stop,735.0,15,6,2019,7,0,15,6,2019,19,15
IndiGo,Delhi,Cochin,1 stop,940.0,6,1,2019,6,50,6,1,2019,22,30
Air India,Delhi,Cochin,2 stops,865.0,21,3,2019,17,15,22,3,2019,7,40
Jet Airways,Kolkata,Banglore,1 stop,735.0,15,5,2019,20,0,16,5,2019,8,15
IndiGo,Mumbai,Hyderabad,non-stop,90.0,5,9,2019,6,25,5,9,2019,7,55
Air India,Kolkata,Banglore,2 stops,1045.0,21,5,2019,5,50,21,5,2019,23,15
IndiGo,Banglore,Delhi,non-stop,180.0,4,12,2019,21,15,13,4,2019,0,15
IndiGo,Chennai,Kolkata,non-stop,140.0,18,6,2019,22,5,19,6,2019,0,25
Jet Airways,Kolkata,Banglore,1 stop,1215.0,5,12,2019,8,25,13,5,2019,4,40
Jet Airways,Kolkata,Banglore,1 stop,575.0,15,5,2019,9,35,15,5,2019,19,10
Jet Airways,Delhi,Cochin,2 stops,560.0,6,12,2019,9,40,6,12,2019,19,0
Jet Airways,Delhi,Cochin,2 stops,440.0,6,1,2019,11,40,6,1,2019,19,0
IndiGo,Chennai,Kolkata,non-stop,145.0,24,5,2019,5,15,24,5,2019,7,40
Jet Airways,Banglore,Delhi,1 stop,340.0,3,1,2019,5,45,3,1,2019,11,25
GoAir,Delhi,Cochin,1 stop,355.0,15,4,2019,7,0,15,4,2019,12,55
IndiGo,Delhi,Cochin,1 stop,810.0,3,9,2019,7,30,3,9,2019,21,0
Air India,Delhi,Cochin,2 stops,1855.0,27,5,2019,12,20,28,5,2019,19,15
IndiGo,Delhi,Cochin,1 stop,810.0,27,5,2019,7,30,27,5,2019,21,0
Jet Airways,Kolkata,Banglore,1 stop,685.0,5,12,2019,8,25,5,12,2019,19,50
Air India,Delhi,Cochin,2 stops,2295.0,5,9,2019,5,0,5,10,2019,19,15
GoAir,Banglore,Delhi,1 stop,270.0,15,3,2019,15,45,15,3,2019,20,15
Jet Airways,Banglore,Delhi,non-stop,180.0,24,4,2019,17,45,24,4,2019,20,45
Jet Airways,Delhi,Cochin,1 stop,610.0,6,1,2019,18,15,6,2,2019,4,25
Jet Airways,Delhi,Cochin,1 stop,1295.0,18,5,2019,15,0,19,5,2019,12,35
Jet Airways,Kolkata,Banglore,1 stop,505.0,4,1,2019,9,35,4,1,2019,18,0
Multiple carriers,Delhi,Cochin,1 stop,585.0,6,12,2019,9,15,6,12,2019,19,0
IndiGo,Banglore,Delhi,non-stop,175.0,21,4,2019,0,30,21,4,2019,3,25
IndiGo,Delhi,Cochin,1 stop,425.0,18,5,2019,5,5,18,5,2019,12,10
Air Asia,Kolkata,Banglore,1 stop,955.0,5,9,2019,7,35,5,9,2019,23,30
Jet Airways,Delhi,Cochin,2 stops,1380.0,3,6,2019,5,25,3,7,2019,4,25
Air Asia,Kolkata,Banglore,1 stop,955.0,15,5,2019,7,35,15,5,2019,23,30
Jet Airways,Banglore,Delhi,1 stop,1420.0,18,3,2019,8,0,19,3,2019,7,40
IndiGo,Delhi,Cochin,1 stop,750.0,6,12,2019,8,30,6,12,2019,21,0
Vistara,Banglore,Delhi,non-stop,160.0,27,5,2019,7,0,27,5,2019,9,40
Jet Airways,Mumbai,Hyderabad,non-stop,85.0,6,3,2019,7,5,6,3,2019,8,30
Jet Airways,Banglore,Delhi,1 stop,840.0,21,3,2019,21,25,22,3,2019,11,25
Jet Airways,Banglore,Delhi,1 stop,1425.0,3,1,2019,11,40,3,2,2019,11,25
Jet Airways,Kolkata,Banglore,1 stop,1450.0,18,5,2019,9,35,19,5,2019,9,45
Air India,Banglore,Delhi,non-stop,170.0,4,1,2019,21,5,4,1,2019,23,55
Jet Airways,Mumbai,Hyderabad,non-stop,90.0,6,6,2019,10,20,6,6,2019,11,50
IndiGo,Delhi,Cochin,1 stop,400.0,3,6,2019,6,40,3,6,2019,13,20
Jet Airways,Delhi,Cochin,2 stops,1615.0,21,5,2019,9,40,22,5,2019,12,35
IndiGo,Banglore,Delhi,non-stop,170.0,3,3,2019,4,0,3,3,2019,6,50
Jet Airways,Kolkata,Banglore,1 stop,400.0,6,12,2019,14,5,6,12,2019,20,45
IndiGo,Delhi,Cochin,1 stop,345.0,27,5,2019,2,0,27,5,2019,7,45
Multiple carriers,Delhi,Cochin,1 stop,560.0,27,3,2019,4,0,27,3,2019,13,20
Vistara,Banglore,Delhi,non-stop,165.0,4,6,2019,19,30,4,6,2019,22,15
Jet Airways,Delhi,Cochin,1 stop,1395.0,6,6,2019,19,45,6,7,2019,19,0
Air India,Kolkata,Banglore,1 stop,675.0,24,5,2019,9,50,24,5,2019,21,5
Jet Airways,Kolkata,Banglore,1 stop,520.0,5,9,2019,20,0,5,10,2019,4,40
Multiple carriers,Delhi,Cochin,1 stop,380.0,3,3,2019,7,0,3,3,2019,13,20
Air India,Delhi,Cochin,2 stops,970.0,6,12,2019,17,15,13,6,2019,9,25
IndiGo,Kolkata,Banglore,1 stop,220.0,5,12,2019,19,35,5,12,2019,23,15
IndiGo,Kolkata,Banglore,non-stop,160.0,18,4,2019,21,25,19,4,2019,0,5
Jet Airways,Kolkata,Banglore,1 stop,1545.0,4,1,2019,16,30,4,2,2019,18,15
IndiGo,Banglore,Delhi,non-stop,180.0,21,6,2019,21,15,22,6,2019,0,15
Vistara,Banglore,Delhi,non-stop,175.0,3,1,2019,21,10,3,2,2019,0,5
SpiceJet,Kolkata,Banglore,non-stop,140.0,18,4,2019,22,20,19,4,2019,0,40
IndiGo,Delhi,Cochin,1 stop,300.0,4,3,2019,16,0,4,3,2019,21,0
IndiGo,Delhi,Cochin,1 stop,705.0,21,5,2019,9,15,21,5,2019,21,0
Jet Airways,Banglore,Delhi,non-stop,165.0,18,4,2019,6,0,18,4,2019,8,45
Jet Airways,Kolkata,Banglore,1 stop,865.0,5,12,2019,18,55,13,5,2019,9,20
Jet Airways,Kolkata,Banglore,1 stop,1400.0,15,5,2019,18,55,16,5,2019,18,15
Jet Airways,Delhi,Cochin,1 stop,885.0,6,1,2019,21,50,6,2,2019,12,35
Jet Airways,Kolkata,Banglore,1 stop,845.0,24,5,2019,20,0,25,5,2019,10,5
Air Asia,Banglore,Delhi,non-stop,165.0,5,3,2019,11,10,5,3,2019,13,55
Jet Airways,Delhi,Cochin,1 stop,1105.0,6,3,2019,10,0,6,4,2019,4,25
IndiGo,Kolkata,Banglore,non-stop,155.0,5,9,2019,11,30,5,9,2019,14,5
Jet Airways,Mumbai,Hyderabad,non-stop,90.0,18,6,2019,19,35,18,6,2019,21,5
Multiple carriers,Delhi,Cochin,1 stop,545.0,3,3,2019,7,5,3,3,2019,16,10
IndiGo,Banglore,Delhi,non-stop,170.0,27,6,2019,23,30,28,6,2019,2,20
Jet Airways,Delhi,Cochin,1 stop,600.0,18,5,2019,9,0,18,5,2019,19,0
Multiple carriers Premium economy,Delhi,Cochin,1 stop,705.0,21,3,2019,7,30,21,3,2019,19,15
IndiGo,Chennai,Kolkata,non-stop,140.0,27,3,2019,22,5,28,3,2019,0,25
SpiceJet,Kolkata,Banglore,1 stop,330.0,5,1,2019,15,55,5,1,2019,21,25
IndiGo,Kolkata,Banglore,1 stop,315.0,4,1,2019,21,0,4,2,2019,2,15
IndiGo,Delhi,Cochin,1 stop,415.0,21,5,2019,4,55,21,5,2019,11,50
Vistara,Mumbai,Hyderabad,1 stop,690.0,3,6,2019,21,55,3,7,2019,9,25
Air India,Delhi,Cochin,non-stop,180.0,6,1,2019,14,10,6,1,2019,17,10
SpiceJet,Banglore,Delhi,non-stop,170.0,6,6,2019,9,30,6,6,2019,12,20
Jet Airways,Kolkata,Banglore,1 stop,1430.0,24,5,2019,20,0,25,5,2019,19,50
Multiple carriers,Delhi,Cochin,1 stop,460.0,15,6,2019,4,55,15,6,2019,12,35
IndiGo,Kolkata,Banglore,non-stop,155.0,4,6,2019,22,15,4,7,2019,0,50
Jet Airways,Banglore,Delhi,1 stop,1035.0,21,3,2019,5,45,21,3,2019,23,0
Multiple carriers,Delhi,Cochin,1 stop,480.0,6,6,2019,13,0,6,6,2019,21,0
Jet Airways,Delhi,Cochin,1 stop,1355.0,6,3,2019,14,0,6,4,2019,12,35
GoAir,Kolkata,Banglore,1 stop,495.0,5,9,2019,23,30,5,10,2019,7,45
SpiceJet,Banglore,Delhi,non-stop,170.0,5,3,2019,9,30,5,3,2019,12,20
Air India,Banglore,Delhi,2 stops,925.0,3,3,2019,19,10,3,7,2019,10,35
Air India,Delhi,Cochin,1 stop,375.0,27,6,2019,13,0,27,6,2019,19,15
IndiGo,Banglore,Delhi,non-stop,170.0,27,5,2019,20,0,27,5,2019,22,50
Multiple carriers,Delhi,Cochin,1 stop,470.0,3,6,2019,17,45,3,7,2019,1,35
Jet Airways,Delhi,Cochin,2 stops,1000.0,6,9,2019,11,45,6,10,2019,4,25
Jet Airways,Kolkata,Banglore,1 stop,425.0,15,5,2019,16,30,15,5,2019,23,35
Jet Airways,Banglore,Delhi,non-stop,180.0,4,9,2019,19,50,4,9,2019,22,50
Air India,Delhi,Cochin,2 stops,1855.0,6,12,2019,12,20,13,6,2019,19,15
IndiGo,Delhi,Cochin,1 stop,455.0,27,4,2019,8,35,27,4,2019,16,10
Vistara,Banglore,Delhi,non-stop,160.0,4,3,2019,7,0,4,3,2019,9,40
Air India,Kolkata,Banglore,2 stops,1555.0,4,3,2019,9,10,4,4,2019,11,5
Jet Airways,Delhi,Cochin,1 stop,1105.0,6,9,2019,10,0,6,10,2019,4,25
Jet Airways,Banglore,Delhi,non-stop,175.0,21,6,2019,11,10,21,6,2019,14,5
Multiple carriers,Delhi,Cochin,1 stop,740.0,6,9,2019,6,40,6,9,2019,19,0
Air India,Delhi,Cochin,1 stop,1565.0,3,3,2019,6,10,3,4,2019,8,15
GoAir,Banglore,Delhi,non-stop,175.0,3,9,2019,20,55,3,9,2019,23,50
IndiGo,Chennai,Kolkata,non-stop,145.0,3,1,2019,11,35,3,1,2019,14,0
Jet Airways,Kolkata,Banglore,1 stop,735.0,6,12,2019,20,0,13,6,2019,8,15
Jet Airways,Banglore,Delhi,non-stop,180.0,5,12,2019,7,10,5,12,2019,10,10
Jet Airways,Delhi,Cochin,2 stops,1615.0,6,12,2019,9,40,13,6,2019,12,35
Air India,Kolkata,Banglore,1 stop,1440.0,6,9,2019,14,35,6,10,2019,14,35
Jet Airways,Delhi,Cochin,1 stop,705.0,21,3,2019,7,5,21,3,2019,18,50
Jet Airways,Delhi,Cochin,1 stop,1280.0,21,5,2019,7,5,22,5,2019,4,25
Air India,Kolkata,Banglore,2 stops,920.0,5,9,2019,10,0,5,10,2019,1,20
Jet Airways,Banglore,Delhi,non-stop,180.0,24,6,2019,17,45,24,6,2019,20,45
SpiceJet,Kolkata,Banglore,non-stop,140.0,24,3,2019,22,20,25,3,2019,0,40
Jet Airways,Delhi,Cochin,1 stop,540.0,18,5,2019,10,0,18,5,2019,19,0
Jet Airways,Delhi,Cochin,2 stops,1300.0,15,6,2019,6,45,16,6,2019,4,25
Air India,Delhi,Cochin,2 stops,1100.0,15,6,2019,13,20,16,6,2019,7,40
Air India,Delhi,Cochin,1 stop,765.0,5,6,2019,20,40,5,7,2019,9,25
Air India,Kolkata,Banglore,2 stops,1155.0,4,1,2019,16,45,4,2,2019,12,0
Jet Airways,Delhi,Cochin,2 stops,1025.0,18,5,2019,19,30,19,5,2019,12,35
Jet Airways,Banglore,Delhi,non-stop,175.0,6,9,2019,11,10,6,9,2019,14,5
Air Asia,Delhi,Cochin,1 stop,625.0,6,9,2019,20,45,6,10,2019,7,10
Multiple carriers,Delhi,Cochin,1 stop,780.0,3,6,2019,8,0,3,6,2019,21,0
Multiple carriers,Delhi,Cochin,1 stop,505.0,6,9,2019,10,35,6,9,2019,19,0
Jet Airways,Kolkata,Banglore,1 stop,1285.0,6,12,2019,17,0,13,6,2019,14,25
Jet Airways,Delhi,Cochin,1 stop,925.0,21,3,2019,13,0,22,3,2019,4,25
Multiple carriers,Delhi,Cochin,1 stop,440.0,3,3,2019,18,15,3,4,2019,1,35
Air India,Kolkata,Banglore,2 stops,1560.0,24,3,2019,9,10,25,3,2019,11,10
Multiple carriers,Delhi,Cochin,1 stop,390.0,21,5,2019,19,0,22,5,2019,1,30
Jet Airways,Banglore,Delhi,1 stop,745.0,3,1,2019,8,55,3,1,2019,21,20
SpiceJet,Chennai,Kolkata,non-stop,155.0,24,3,2019,9,30,24,3,2019,12,5
Jet Airways,Kolkata,Banglore,1 stop,1345.0,24,3,2019,19,45,25,3,2019,18,10
Jet Airways,Delhi,Cochin,1 stop,600.0,18,5,2019,9,0,18,5,2019,19,0
Vistara,Kolkata,Banglore,1 stop,965.0,4,1,2019,17,0,4,2,2019,9,5
IndiGo,Mumbai,Hyderabad,non-stop,90.0,3,1,2019,2,30,3,1,2019,4,0
Jet Airways,Banglore,Delhi,non-stop,180.0,4,6,2019,7,10,4,6,2019,10,10
Multiple carriers,Delhi,Cochin,1 stop,720.0,27,5,2019,9,0,27,5,2019,21,0
Jet Airways,Kolkata,Banglore,1 stop,1360.0,21,5,2019,21,10,22,5,2019,19,50
Air India,Kolkata,Banglore,2 stops,445.0,4,1,2019,5,50,4,1,2019,13,15
SpiceJet,Kolkata,Banglore,non-stop,155.0,27,6,2019,6,55,27,6,2019,9,30
Jet Airways,Kolkata,Banglore,1 stop,590.0,21,5,2019,6,30,21,5,2019,16,20
Multiple carriers,Delhi,Cochin,2 stops,695.0,3,9,2019,9,45,3,9,2019,21,20
Multiple carriers,Delhi,Cochin,1 stop,525.0,27,5,2019,3,50,27,5,2019,12,35
GoAir,Kolkata,Banglore,1 stop,495.0,5,1,2019,23,30,5,2,2019,7,45
IndiGo,Delhi,Cochin,1 stop,415.0,5,9,2019,18,35,5,10,2019,1,30
IndiGo,Delhi,Cochin,1 stop,530.0,3,3,2019,6,40,3,3,2019,15,30
Multiple carriers,Delhi,Cochin,1 stop,455.0,5,9,2019,11,40,5,9,2019,19,15
Vistara,Banglore,Delhi,1 stop,915.0,3,1,2019,6,40,3,1,2019,21,55
SpiceJet,Chennai,Kolkata,non-stop,135.0,24,5,2019,8,20,24,5,2019,10,35
Jet Airways,Kolkata,Banglore,1 stop,730.0,21,5,2019,21,10,22,5,2019,9,20
Multiple carriers,Delhi,Cochin,1 stop,665.0,27,3,2019,2,15,27,3,2019,13,20
Jet Airways,Delhi,Cochin,2 stops,1395.0,27,3,2019,5,10,28,3,2019,4,25
Air India,Kolkata,Banglore,1 stop,1435.0,15,5,2019,20,30,16,5,2019,20,25
Air India,Banglore,Delhi,non-stop,165.0,4,6,2019,17,0,4,6,2019,19,45
Jet Airways,Delhi,Cochin,1 stop,1225.0,3,6,2019,8,0,3,7,2019,4,25
Jet Airways,Banglore,Delhi,non-stop,185.0,4,1,2019,18,55,4,1,2019,22,0
Jet Airways,Delhi,Cochin,1 stop,610.0,24,6,2019,18,15,25,6,2019,4,25
Jet Airways,Delhi,Cochin,2 stops,600.0,6,6,2019,18,25,6,7,2019,4,25
Multiple carriers,Delhi,Cochin,1 stop,390.0,21,3,2019,9,0,21,3,2019,15,30
Jet Airways,Banglore,Delhi,non-stop,180.0,21,4,2019,7,10,21,4,2019,10,10
Vistara,Chennai,Kolkata,non-stop,140.0,5,6,2019,17,45,5,6,2019,20,5
Air India,Kolkata,Banglore,2 stops,590.0,5,6,2019,12,0,5,6,2019,21,50
Jet Airways,Delhi,Cochin,2 stops,1615.0,5,1,2019,9,40,5,2,2019,12,35
IndiGo,Delhi,Cochin,1 stop,380.0,27,3,2019,9,10,27,3,2019,15,30
GoAir,Banglore,Delhi,non-stop,175.0,18,5,2019,7,45,18,5,2019,10,40
Vistara,Kolkata,Banglore,1 stop,1640.0,6,9,2019,17,0,6,10,2019,20,20
Jet Airways,Delhi,Cochin,1 stop,1425.0,27,6,2019,19,15,28,6,2019,19,0
Jet Airways,Mumbai,Hyderabad,non-stop,90.0,5,9,2019,10,20,5,9,2019,11,50
Multiple carriers,Delhi,Cochin,1 stop,765.0,3,3,2019,12,50,3,4,2019,1,35
Jet Airways,Banglore,Delhi,1 stop,530.0,21,3,2019,22,50,22,3,2019,7,40
Jet Airways,Kolkata,Banglore,1 stop,730.0,5,12,2019,16,30,13,5,2019,4,40
Jet Airways,Delhi,Cochin,1 stop,450.0,21,5,2019,11,30,21,5,2019,19,0
Multiple carriers,Delhi,Cochin,1 stop,535.0,5,9,2019,10,20,5,9,2019,19,15
Air India,Delhi,Cochin,2 stops,1420.0,6,3,2019,9,45,6,4,2019,9,25
Air India,Kolkata,Banglore,non-stop,150.0,5,6,2019,14,15,5,6,2019,16,45
Air India,Kolkata,Banglore,2 stops,810.0,6,6,2019,8,20,6,6,2019,21,50
Jet Airways,Mumbai,Hyderabad,non-stop,85.0,21,3,2019,7,10,21,3,2019,8,35
IndiGo,Delhi,Cochin,1 stop,425.0,15,6,2019,5,5,15,6,2019,12,10
Jet Airways,Banglore,Delhi,non-stop,175.0,21,4,2019,11,10,21,4,2019,14,5
Air India,Delhi,Cochin,2 stops,1485.0,6,3,2019,18,30,6,4,2019,19,15
IndiGo,Kolkata,Banglore,non-stop,160.0,4,9,2019,21,25,4,10,2019,0,5
Multiple carriers,Delhi,Cochin,1 stop,560.0,21,3,2019,11,40,21,3,2019,21,0
SpiceJet,Kolkata,Banglore,non-stop,150.0,24,3,2019,17,15,24,3,2019,19,45
Vistara,Banglore,Delhi,non-stop,170.0,24,5,2019,11,30,24,5,2019,14,20
Jet Airways,Kolkata,Banglore,1 stop,395.0,15,5,2019,17,0,15,5,2019,23,35
Air India,Delhi,Cochin,1 stop,640.0,6,9,2019,21,0,6,10,2019,7,40
Multiple carriers,Delhi,Cochin,1 stop,595.0,3,3,2019,8,55,3,3,2019,18,50
Jet Airways,Banglore,Delhi,1 stop,435.0,21,3,2019,8,55,21,3,2019,16,10
Jet Airways,Delhi,Cochin,1 stop,395.0,6,12,2019,21,50,13,6,2019,4,25
Jet Airways,Kolkata,Banglore,1 stop,1550.0,6,6,2019,18,55,6,7,2019,20,45
Air India,Kolkata,Banglore,2 stops,1625.0,24,5,2019,5,50,25,5,2019,8,55
Jet Airways,Delhi,Cochin,2 stops,910.0,15,6,2019,21,25,16,6,2019,12,35
Jet Airways,Banglore,Delhi,1 stop,640.0,3,6,2019,14,5,3,7,2019,0,45
SpiceJet,Chennai,Kolkata,non-stop,140.0,27,5,2019,17,45,27,5,2019,20,5
Jet Airways,Kolkata,Banglore,1 stop,1500.0,5,1,2019,17,0,5,2,2019,18,0
IndiGo,Banglore,Delhi,non-stop,165.0,24,3,2019,0,40,24,3,2019,3,25
IndiGo,Delhi,Cochin,1 stop,575.0,6,6,2019,11,25,6,6,2019,21,0
Jet Airways,Delhi,Cochin,1 stop,395.0,6,6,2019,21,50,6,7,2019,4,25
IndiGo,Delhi,Cochin,non-stop,195.0,6,1,2019,14,25,6,1,2019,17,40
Jet Airways,Banglore,Delhi,1 stop,775.0,3,6,2019,20,35,3,7,2019,9,30
Multiple carriers,Delhi,Cochin,1 stop,795.0,27,6,2019,6,0,27,6,2019,19,15
Air India,Kolkata,Banglore,non-stop,150.0,27,3,2019,14,15,27,3,2019,16,45
SpiceJet,Banglore,Delhi,non-stop,170.0,15,3,2019,5,45,15,3,2019,8,35
Air India,Banglore,Delhi,2 stops,920.0,3,3,2019,17,25,3,7,2019,8,45
Multiple carriers,Delhi,Cochin,1 stop,455.0,6,3,2019,11,40,6,3,2019,19,15
IndiGo,Mumbai,Hyderabad,non-stop,85.0,3,3,2019,21,20,3,3,2019,22,45
Jet Airways,Delhi,Cochin,1 stop,705.0,27,3,2019,7,5,27,3,2019,18,50
SpiceJet,Kolkata,Banglore,1 stop,315.0,5,12,2019,15,5,5,12,2019,20,20
Jet Airways,Kolkata,Banglore,1 stop,570.0,24,5,2019,14,5,24,5,2019,23,35
Vistara,Banglore,Delhi,non-stop,170.0,18,4,2019,21,0,18,4,2019,23,50
Jet Airways,Delhi,Cochin,1 stop,1505.0,27,6,2019,11,30,28,6,2019,12,35
Air Asia,Banglore,Delhi,non-stop,170.0,21,6,2019,4,55,21,6,2019,7,45
IndiGo,Kolkata,Banglore,non-stop,150.0,18,5,2019,15,15,18,5,2019,17,45
Multiple carriers,Delhi,Cochin,1 stop,910.0,21,5,2019,10,20,22,5,2019,1,30
Jet Airways,Banglore,Delhi,non-stop,175.0,6,3,2019,15,15,6,3,2019,18,10
Jet Airways,Delhi,Cochin,1 stop,1295.0,6,1,2019,15,0,6,2,2019,12,35
IndiGo,Mumbai,Hyderabad,non-stop,90.0,6,3,2019,6,25,6,3,2019,7,55
SpiceJet,Kolkata,Banglore,non-stop,150.0,6,1,2019,14,55,6,1,2019,17,25
IndiGo,Banglore,Delhi,1 stop,285.0,3,1,2019,16,50,3,1,2019,21,35
IndiGo,Delhi,Cochin,1 stop,750.0,6,9,2019,8,30,6,9,2019,21,0
IndiGo,Delhi,Cochin,1 stop,965.0,15,5,2019,4,55,15,5,2019,21,0
Air India,Kolkata,Banglore,non-stop,155.0,4,6,2019,20,45,4,6,2019,23,20
Jet Airways,Mumbai,Hyderabad,non-stop,85.0,18,6,2019,2,55,18,6,2019,4,20
Jet Airways,Banglore,Delhi,non-stop,165.0,18,5,2019,6,0,18,5,2019,8,45
Jet Airways,Mumbai,Hyderabad,non-stop,85.0,5,12,2019,2,55,5,12,2019,4,20
GoAir,Banglore,Delhi,non-stop,165.0,4,1,2019,20,55,4,1,2019,23,40
IndiGo,Banglore,Delhi,non-stop,175.0,3,3,2019,7,10,3,3,2019,10,5
SpiceJet,Delhi,Cochin,1 stop,295.0,18,5,2019,17,55,18,5,2019,22,50
Multiple carriers,Delhi,Cochin,1 stop,720.0,15,6,2019,9,0,15,6,2019,21,0
Jet Airways,Delhi,Cochin,2 stops,1615.0,5,9,2019,9,40,5,10,2019,12,35
IndiGo,Delhi,Cochin,1 stop,425.0,27,5,2019,5,5,27,5,2019,12,10
Jet Airways,Delhi,Cochin,1 stop,395.0,6,6,2019,21,50,6,7,2019,4,25
Air India,Delhi,Cochin,2 stops,1275.0,15,5,2019,22,0,16,5,2019,19,15
IndiGo,Kolkata,Banglore,1 stop,315.0,6,6,2019,21,0,6,7,2019,2,15
IndiGo,Delhi,Cochin,1 stop,730.0,6,12,2019,8,50,6,12,2019,21,0
Air India,Kolkata,Banglore,1 stop,965.0,4,6,2019,19,0,4,7,2019,11,5
SpiceJet,Delhi,Cochin,1 stop,295.0,6,12,2019,17,55,6,12,2019,22,50
Air Asia,Delhi,Cochin,1 stop,660.0,3,9,2019,20,10,3,10,2019,7,10
Jet Airways,Delhi,Cochin,2 stops,1615.0,6,9,2019,9,40,6,10,2019,12,35
Jet Airways,Delhi,Cochin,1 stop,360.0,27,5,2019,13,0,27,5,2019,19,0
IndiGo,Banglore,Delhi,non-stop,165.0,4,3,2019,1,30,4,3,2019,4,15
Jet Airways,Delhi,Cochin,2 stops,1420.0,21,3,2019,19,10,22,3,2019,18,50
SpiceJet,Chennai,Kolkata,non-stop,135.0,24,6,2019,8,20,24,6,2019,10,35
Air India,Delhi,Cochin,1 stop,570.0,6,6,2019,13,30,6,6,2019,23,0
Multiple carriers,Delhi,Cochin,1 stop,725.0,3,3,2019,8,55,3,3,2019,21,0
Multiple carriers,Delhi,Cochin,1 stop,505.0,5,9,2019,10,35,5,9,2019,19,0
Jet Airways,Mumbai,Hyderabad,non-stop,80.0,21,3,2019,3,5,21,3,2019,4,25
Jet Airways,Delhi,Cochin,2 stops,1775.0,27,5,2019,13,25,28,5,2019,19,0
Jet Airways,Delhi,Cochin,2 stops,1775.0,27,6,2019,13,25,28,6,2019,19,0
Jet Airways,Delhi,Cochin,1 stop,715.0,5,9,2019,7,5,5,9,2019,19,0
IndiGo,Delhi,Cochin,non-stop,195.0,6,3,2019,5,35,6,3,2019,8,50
Jet Airways,Kolkata,Banglore,1 stop,1570.0,5,1,2019,17,0,5,2,2019,19,10
SpiceJet,Chennai,Kolkata,non-stop,155.0,3,1,2019,9,30,3,1,2019,12,5
Vistara,Kolkata,Banglore,1 stop,765.0,15,5,2019,20,20,16,5,2019,9,5
Jet Airways,Delhi,Cochin,non-stop,195.0,6,1,2019,11,0,6,1,2019,14,15
Air Asia,Delhi,Cochin,1 stop,330.0,27,3,2019,16,45,27,3,2019,22,15
Jet Airways,Banglore,Delhi,non-stop,185.0,15,5,2019,18,55,15,5,2019,22,0
Jet Airways,Banglore,Delhi,1 stop,1110.0,3,6,2019,16,55,3,7,2019,11,25
Jet Airways,Kolkata,Banglore,1 stop,425.0,6,12,2019,16,30,6,12,2019,23,35
Jet Airways,Delhi,Cochin,1 stop,620.0,6,9,2019,2,15,6,9,2019,12,35
Jet Airways,Delhi,Cochin,2 stops,1620.0,27,6,2019,9,35,28,6,2019,12,35
Multiple carriers,Delhi,Cochin,1 stop,510.0,6,1,2019,17,0,6,2,2019,1,30
Jet Airways,Kolkata,Banglore,1 stop,735.0,24,5,2019,20,0,25,5,2019,8,15
IndiGo,Kolkata,Banglore,non-stop,160.0,18,3,2019,17,15,18,3,2019,19,55
Multiple carriers,Delhi,Cochin,1 stop,570.0,6,6,2019,11,30,6,6,2019,21,0
IndiGo,Delhi,Cochin,1 stop,810.0,5,6,2019,7,30,5,6,2019,21,0
Air India,Delhi,Cochin,2 stops,865.0,27,6,2019,17,15,28,6,2019,7,40
Air India,Mumbai,Hyderabad,2 stops,710.0,3,6,2019,5,5,3,6,2019,16,55
Air India,Delhi,Cochin,non-stop,180.0,21,4,2019,14,10,21,4,2019,17,10
SpiceJet,Chennai,Kolkata,non-stop,140.0,3,3,2019,17,45,3,3,2019,20,5
Multiple carriers,Delhi,Cochin,1 stop,560.0,21,5,2019,11,40,21,5,2019,21,0
Jet Airways,Mumbai,Hyderabad,non-stop,90.0,6,3,2019,10,20,6,3,2019,11,50
Jet Airways,Mumbai,Hyderabad,non-stop,90.0,3,3,2019,2,55,3,3,2019,4,25
Jet Airways,Delhi,Cochin,1 stop,1145.0,4,1,2019,17,30,4,2,2019,12,35
Jet Airways,Delhi,Cochin,2 stops,1300.0,6,9,2019,6,45,6,10,2019,4,25
Jet Airways,Banglore,Delhi,non-stop,175.0,27,6,2019,11,10,27,6,2019,14,5
Air India,Kolkata,Banglore,non-stop,150.0,6,1,2019,14,15,6,1,2019,16,45
Multiple carriers,Delhi,Cochin,1 stop,630.0,6,1,2019,8,45,6,1,2019,19,15
IndiGo,Mumbai,Hyderabad,non-stop,90.0,5,9,2019,2,35,5,9,2019,4,5
Multiple carriers,Delhi,Cochin,1 stop,910.0,6,1,2019,10,20,6,2,2019,1,30
IndiGo,Banglore,Delhi,non-stop,175.0,4,9,2019,18,55,4,9,2019,21,50
Air India,Mumbai,Hyderabad,non-stop,80.0,6,12,2019,21,5,6,12,2019,22,25
Jet Airways,Kolkata,Banglore,1 stop,1495.0,6,6,2019,18,55,6,7,2019,19,50
Air India,Banglore,Delhi,1 stop,495.0,3,12,2019,0,30,3,12,2019,8,45
IndiGo,Banglore,Delhi,1 stop,295.0,3,3,2019,12,10,3,3,2019,17,5
Jet Airways,Delhi,Cochin,2 stops,810.0,6,3,2019,5,30,6,3,2019,19,0
IndiGo,Delhi,Cochin,1 stop,305.0,6,12,2019,20,25,13,6,2019,1,30
Jet Airways,Delhi,Cochin,2 stops,505.0,27,5,2019,20,0,28,5,2019,4,25
Air Asia,Kolkata,Banglore,non-stop,150.0,4,12,2019,19,55,4,12,2019,22,25
Jet Airways,Kolkata,Banglore,1 stop,590.0,5,9,2019,8,25,5,9,2019,18,15
Vistara,Banglore,Delhi,non-stop,160.0,27,6,2019,7,0,27,6,2019,9,40
IndiGo,Chennai,Kolkata,non-stop,140.0,5,1,2019,7,55,5,1,2019,10,15
Jet Airways,Banglore,Delhi,non-stop,175.0,18,6,2019,15,50,18,6,2019,18,45
Jet Airways,Delhi,Cochin,1 stop,335.0,18,5,2019,22,50,19,5,2019,4,25
Jet Airways,Delhi,Cochin,1 stop,1015.0,6,6,2019,11,30,6,7,2019,4,25
Air India,Delhi,Cochin,2 stops,1275.0,6,1,2019,22,0,6,2,2019,19,15
IndiGo,Delhi,Cochin,1 stop,305.0,6,3,2019,23,30,6,4,2019,4,35
Jet Airways,Kolkata,Banglore,1 stop,685.0,5,6,2019,8,25,5,6,2019,19,50
Jet Airways,Delhi,Cochin,2 stops,1465.0,21,3,2019,18,25,22,3,2019,18,50
Multiple carriers,Delhi,Cochin,1 stop,480.0,24,5,2019,13,0,24,5,2019,21,0
IndiGo,Kolkata,Banglore,non-stop,155.0,15,4,2019,22,15,16,4,2019,0,50
Jet Airways,Delhi,Cochin,1 stop,440.0,21,3,2019,11,30,21,3,2019,18,50
Air India,Kolkata,Banglore,1 stop,965.0,5,1,2019,19,0,5,2,2019,11,5
Multiple carriers,Delhi,Cochin,1 stop,840.0,24,6,2019,11,30,25,6,2019,1,30
Jet Airways,Banglore,Delhi,non-stop,185.0,15,4,2019,18,55,15,4,2019,22,0
Air Asia,Banglore,Delhi,non-stop,165.0,3,9,2019,23,25,13,3,2019,2,10
IndiGo,Chennai,Kolkata,non-stop,140.0,6,3,2019,22,5,6,4,2019,0,25
Jet Airways,Mumbai,Hyderabad,non-stop,85.0,5,12,2019,7,5,5,12,2019,8,30
SpiceJet,Banglore,Delhi,non-stop,175.0,24,3,2019,9,35,24,3,2019,12,30
Air India,Delhi,Cochin,2 stops,1730.0,6,6,2019,14,25,6,7,2019,19,15
IndiGo,Kolkata,Banglore,1 stop,295.0,5,6,2019,9,20,5,6,2019,14,15
Jet Airways,Kolkata,Banglore,1 stop,1200.0,18,5,2019,14,5,19,5,2019,10,5
Jet Airways,Kolkata,Banglore,1 stop,1655.0,18,5,2019,20,0,19,5,2019,23,35
Jet Airways,Kolkata,Banglore,1 stop,1005.0,5,12,2019,17,0,13,5,2019,9,45
Jet Airways,Kolkata,Banglore,1 stop,910.0,5,12,2019,18,55,13,5,2019,10,5
Multiple carriers,Delhi,Cochin,1 stop,900.0,6,3,2019,6,0,6,3,2019,21,0
Air India,Kolkata,Banglore,2 stops,895.0,21,5,2019,8,20,21,5,2019,23,15
Jet Airways,Kolkata,Banglore,1 stop,855.0,15,5,2019,6,30,15,5,2019,20,45
Air India,Mumbai,Hyderabad,2 stops,810.0,3,12,2019,19,40,13,3,2019,9,10
IndiGo,Chennai,Kolkata,non-stop,140.0,5,3,2019,7,55,5,3,2019,10,15
Jet Airways,Delhi,Cochin,2 stops,1025.0,6,6,2019,19,30,6,7,2019,12,35
Jet Airways,Kolkata,Banglore,1 stop,855.0,4,1,2019,6,30,4,1,2019,20,45
Air Asia,Delhi,Cochin,1 stop,870.0,27,4,2019,7,55,27,4,2019,22,25
Air India,Delhi,Cochin,3 stops,1585.0,27,6,2019,5,15,28,6,2019,7,40
Jet Airways,Kolkata,Banglore,1 stop,425.0,6,6,2019,16,30,6,6,2019,23,35
Multiple carriers,Delhi,Cochin,1 stop,910.0,15,5,2019,3,50,15,5,2019,19,0
Multiple carriers,Delhi,Cochin,1 stop,690.0,27,6,2019,14,0,28,6,2019,1,30
Air India,Delhi,Cochin,2 stops,1305.0,3,9,2019,21,30,3,10,2019,19,15
IndiGo,Chennai,Kolkata,non-stop,135.0,24,3,2019,13,20,24,3,2019,15,35
Jet Airways,Delhi,Cochin,2 stops,425.0,18,5,2019,5,30,18,5,2019,12,35
Jet Airways,Delhi,Cochin,1 stop,745.0,3,6,2019,16,0,3,7,2019,4,25
Jet Airways,Kolkata,Banglore,1 stop,1285.0,6,9,2019,17,0,6,10,2019,14,25
Air India,Delhi,Cochin,2 stops,1100.0,27,3,2019,13,20,28,3,2019,7,40
Jet Airways,Delhi,Cochin,1 stop,865.0,18,5,2019,14,0,19,5,2019,4,25
Jet Airways,Banglore,Delhi,non-stop,175.0,4,6,2019,15,15,4,6,2019,18,10
IndiGo,Mumbai,Hyderabad,non-stop,90.0,4,1,2019,16,55,4,1,2019,18,25
Jet Airways,Delhi,Cochin,non-stop,195.0,4,3,2019,11,0,4,3,2019,14,15
IndiGo,Delhi,Cochin,1 stop,570.0,27,6,2019,16,0,28,6,2019,1,30
Jet Airways,Mumbai,Hyderabad,non-stop,85.0,24,5,2019,7,5,24,5,2019,8,30
Jet Airways,Mumbai,Hyderabad,non-stop,85.0,18,6,2019,7,5,18,6,2019,8,30
Jet Airways,Delhi,Cochin,1 stop,1325.0,27,6,2019,20,55,28,6,2019,19,0
Jet Airways,Banglore,Delhi,non-stop,180.0,4,1,2019,17,45,4,1,2019,20,45
Jet Airways,Delhi,Cochin,2 stops,1790.0,6,9,2019,6,45,6,10,2019,12,35
Air India,Delhi,Cochin,1 stop,1395.0,27,5,2019,20,0,28,5,2019,19,15
Air Asia,Kolkata,Banglore,non-stop,150.0,21,4,2019,22,50,22,4,2019,1,20
Air India,Kolkata,Banglore,1 stop,1700.0,6,9,2019,16,45,6,10,2019,21,5
Air Asia,Banglore,Delhi,non-stop,170.0,15,5,2019,23,55,16,5,2019,2,45
Air Asia,Kolkata,Banglore,non-stop,155.0,18,5,2019,10,20,18,5,2019,12,55
Vistara,Banglore,Delhi,non-stop,165.0,27,4,2019,19,30,27,4,2019,22,15
IndiGo,Chennai,Kolkata,non-stop,135.0,21,3,2019,13,20,21,3,2019,15,35
SpiceJet,Kolkata,Banglore,non-stop,150.0,6,12,2019,17,10,6,12,2019,19,40
Jet Airways,Delhi,Cochin,2 stops,1195.0,5,9,2019,23,5,5,10,2019,19,0
SpiceJet,Banglore,Delhi,non-stop,175.0,24,4,2019,21,10,25,4,2019,0,5
Multiple carriers,Delhi,Cochin,1 stop,520.0,15,6,2019,10,20,15,6,2019,19,0
Multiple carriers,Delhi,Cochin,1 stop,535.0,3,9,2019,4,0,3,9,2019,12,55
Vistara,Mumbai,Hyderabad,1 stop,1125.0,3,6,2019,14,40,3,7,2019,9,25
Jet Airways,Kolkata,Banglore,1 stop,800.0,21,5,2019,6,30,21,5,2019,19,50
Jet Airways,Kolkata,Banglore,1 stop,690.0,5,1,2019,9,35,5,1,2019,21,5
Jet Airways,Delhi,Cochin,1 stop,1355.0,21,5,2019,14,0,22,5,2019,12,35
Jet Airways,Mumbai,Hyderabad,non-stop,85.0,4,3,2019,7,5,4,3,2019,8,30
IndiGo,Banglore,Delhi,non-stop,170.0,5,6,2019,8,30,5,6,2019,11,20
Jet Airways,Delhi,Cochin,1 stop,1225.0,3,6,2019,8,0,3,7,2019,4,25
Air Asia,Kolkata,Banglore,non-stop,150.0,27,3,2019,22,50,28,3,2019,1,20
IndiGo,Kolkata,Banglore,non-stop,160.0,4,6,2019,21,25,4,7,2019,0,5
IndiGo,Banglore,Delhi,non-stop,170.0,6,12,2019,22,10,13,6,2019,1,0
IndiGo,Kolkata,Banglore,non-stop,165.0,18,3,2019,9,35,18,3,2019,12,20
Multiple carriers,Delhi,Cochin,1 stop,575.0,3,3,2019,16,0,3,4,2019,1,35
Jet Airways,Delhi,Cochin,2 stops,1125.0,18,5,2019,9,40,19,5,2019,4,25
IndiGo,Kolkata,Banglore,1 stop,240.0,5,6,2019,6,20,5,6,2019,10,20
Jet Airways,Delhi,Cochin,1 stop,885.0,6,1,2019,21,50,6,2,2019,12,35
IndiGo,Banglore,Delhi,non-stop,180.0,6,6,2019,21,15,6,7,2019,0,15
IndiGo,Delhi,Cochin,1 stop,300.0,15,5,2019,16,0,15,5,2019,21,0
Jet Airways,Delhi,Cochin,2 stops,1320.0,27,6,2019,14,35,28,6,2019,12,35
IndiGo,Kolkata,Banglore,non-stop,160.0,27,5,2019,21,25,28,5,2019,0,5
SpiceJet,Kolkata,Banglore,non-stop,145.0,21,4,2019,9,0,21,4,2019,11,25
Air India,Kolkata,Banglore,2 stops,1200.0,21,5,2019,9,25,22,5,2019,5,25
GoAir,Banglore,Delhi,non-stop,175.0,3,1,2019,11,40,3,1,2019,14,35
Vistara,Banglore,Delhi,non-stop,160.0,3,9,2019,19,40,3,9,2019,22,20
Jet Airways,Delhi,Cochin,1 stop,1100.0,27,5,2019,18,15,28,5,2019,12,35
Multiple carriers,Delhi,Cochin,1 stop,570.0,6,6,2019,16,0,6,7,2019,1,30
IndiGo,Delhi,Cochin,1 stop,325.0,24,4,2019,2,0,24,4,2019,7,25
Air India,Banglore,Delhi,non-stop,170.0,6,1,2019,13,20,6,1,2019,16,10
Jet Airways,Banglore,Delhi,1 stop,1100.0,3,12,2019,18,55,13,3,2019,13,15
IndiGo,Chennai,Kolkata,non-stop,145.0,27,6,2019,5,15,27,6,2019,7,40
Multiple carriers,Delhi,Cochin,1 stop,540.0,27,6,2019,7,10,27,6,2019,16,10
Jet Airways,Banglore,Delhi,1 stop,800.0,3,9,2019,7,0,3,9,2019,20,20
Air India,Delhi,Cochin,1 stop,320.0,24,6,2019,17,40,24,6,2019,23,0
Jet Airways,Kolkata,Banglore,1 stop,775.0,5,9,2019,21,10,5,10,2019,10,5
Vistara,Banglore,Delhi,non-stop,170.0,24,6,2019,9,45,24,6,2019,12,35
IndiGo,Delhi,Cochin,1 stop,295.0,27,6,2019,5,10,27,6,2019,10,5
Vistara,Kolkata,Banglore,1 stop,1640.0,5,9,2019,17,0,5,10,2019,20,20
Jet Airways,Banglore,Delhi,non-stop,165.0,21,5,2019,6,0,21,5,2019,8,45
Jet Airways,Banglore,Delhi,1 stop,460.0,3,6,2019,21,25,3,7,2019,5,5
IndiGo,Chennai,Kolkata,non-stop,140.0,6,6,2019,14,45,6,6,2019,17,5
Multiple carriers,Delhi,Cochin,1 stop,765.0,6,1,2019,9,45,6,1,2019,22,30
Jet Airways,Delhi,Cochin,2 stops,830.0,6,6,2019,14,35,6,7,2019,4,25
Jet Airways,Banglore,Delhi,1 stop,280.0,18,3,2019,5,45,18,3,2019,10,25
Jet Airways,Delhi,Cochin,1 stop,1165.0,24,6,2019,9,0,25,6,2019,4,25
Jet Airways,Kolkata,Banglore,1 stop,800.0,5,12,2019,20,0,13,5,2019,9,20
Air India,Banglore,Delhi,non-stop,165.0,4,12,2019,6,10,4,12,2019,8,55
IndiGo,Kolkata,Banglore,1 stop,275.0,4,9,2019,19,35,4,10,2019,0,10
Jet Airways,Delhi,Cochin,1 stop,655.0,18,5,2019,17,30,19,5,2019,4,25
Jet Airways,Banglore,Delhi,1 stop,375.0,18,3,2019,7,0,18,3,2019,13,15
SpiceJet,Kolkata,Banglore,non-stop,150.0,21,3,2019,17,15,21,3,2019,19,45
Air India,Banglore,Delhi,non-stop,170.0,15,6,2019,21,5,15,6,2019,23,55
IndiGo,Delhi,Cochin,non-stop,195.0,24,4,2019,5,35,24,4,2019,8,50
Jet Airways,Kolkata,Banglore,1 stop,570.0,15,5,2019,14,5,15,5,2019,23,35
Jet Airways,Mumbai,Hyderabad,non-stop,85.0,4,1,2019,7,5,4,1,2019,8,30
Air India,Delhi,Cochin,1 stop,1255.0,21,3,2019,12,30,22,3,2019,9,25
Jet Airways,Delhi,Cochin,1 stop,610.0,21,3,2019,18,15,22,3,2019,4,25
Jet Airways,Delhi,Cochin,1 stop,1280.0,6,6,2019,7,5,6,7,2019,4,25
IndiGo,Kolkata,Banglore,non-stop,155.0,4,9,2019,4,40,4,9,2019,7,15
IndiGo,Banglore,Delhi,non-stop,170.0,24,5,2019,4,0,24,5,2019,6,50
Air India,Delhi,Cochin,2 stops,1595.0,21,3,2019,16,40,22,3,2019,19,15
Jet Airways,Delhi,Cochin,1 stop,715.0,6,1,2019,7,5,6,1,2019,19,0
Air India,Kolkata,Banglore,2 stops,1195.0,24,5,2019,12,0,25,5,2019,7,55
Jet Airways,Banglore,Delhi,1 stop,1365.0,3,1,2019,11,40,3,2,2019,10,25
Jet Airways,Kolkata,Banglore,1 stop,800.0,5,6,2019,20,0,5,7,2019,9,20
Multiple carriers,Delhi,Cochin,1 stop,375.0,15,6,2019,13,0,15,6,2019,19,15
Multiple carriers,Delhi,Cochin,1 stop,625.0,3,6,2019,8,25,3,6,2019,18,50
Jet Airways,Mumbai,Hyderabad,2 stops,1260.0,3,6,2019,19,50,3,7,2019,16,50
Multiple carriers,Delhi,Cochin,1 stop,760.0,15,6,2019,12,50,16,6,2019,1,30
Jet Airways,Kolkata,Banglore,1 stop,1090.0,21,5,2019,14,5,22,5,2019,8,15
Air Asia,Banglore,Delhi,non-stop,170.0,24,5,2019,23,55,25,5,2019,2,45
IndiGo,Delhi,Cochin,1 stop,975.0,21,3,2019,4,45,21,3,2019,21,0
Multiple carriers,Delhi,Cochin,1 stop,575.0,3,6,2019,16,0,3,7,2019,1,35
SpiceJet,Mumbai,Hyderabad,non-stop,90.0,24,6,2019,13,15,24,6,2019,14,45
Multiple carriers,Delhi,Cochin,1 stop,520.0,5,9,2019,10,35,5,9,2019,19,15
Vistara,Kolkata,Banglore,1 stop,385.0,6,9,2019,17,0,6,9,2019,23,25
Jet Airways,Mumbai,Hyderabad,non-stop,85.0,24,5,2019,2,55,24,5,2019,4,20
Multiple carriers,Delhi,Cochin,1 stop,385.0,27,5,2019,9,45,27,5,2019,16,10
IndiGo,Banglore,Delhi,non-stop,170.0,6,9,2019,22,10,6,10,2019,1,0
Jet Airways,Delhi,Cochin,1 stop,550.0,6,3,2019,19,15,6,4,2019,4,25
Air India,Kolkata,Banglore,2 stops,920.0,4,1,2019,10,0,4,2,2019,1,20
SpiceJet,Delhi,Cochin,1 stop,380.0,24,6,2019,15,45,24,6,2019,22,5
Jet Airways,Kolkata,Banglore,1 stop,1570.0,6,9,2019,17,0,6,10,2019,19,10
SpiceJet,Chennai,Kolkata,non-stop,135.0,6,9,2019,8,20,6,9,2019,10,35
IndiGo,Mumbai,Hyderabad,non-stop,90.0,18,5,2019,12,0,18,5,2019,13,30
Air India,Delhi,Cochin,2 stops,1470.0,6,12,2019,18,45,13,6,2019,19,15
IndiGo,Kolkata,Banglore,non-stop,150.0,21,6,2019,15,15,21,6,2019,17,45
Air India,Delhi,Cochin,2 stops,1210.0,5,9,2019,13,15,5,10,2019,9,25
IndiGo,Delhi,Cochin,2 stops,765.0,27,3,2019,8,35,27,3,2019,21,20
Air India,Banglore,Delhi,1 stop,1510.0,21,3,2019,11,50,22,3,2019,13,0
Jet Airways,Mumbai,Hyderabad,non-stop,90.0,6,6,2019,19,35,6,6,2019,21,5
Jet Airways,Banglore,Delhi,non-stop,180.0,15,6,2019,19,50,15,6,2019,22,50
Air India,Banglore,Delhi,1 stop,500.0,15,3,2019,13,50,15,3,2019,22,10
IndiGo,Banglore,Delhi,non-stop,170.0,24,5,2019,23,30,25,5,2019,2,20
Jet Airways,Kolkata,Banglore,1 stop,1405.0,24,3,2019,16,55,25,3,2019,16,20
Jet Airways,Banglore,Delhi,non-stop,180.0,6,12,2019,8,20,6,12,2019,11,20
Jet Airways,Kolkata,Banglore,1 stop,1075.0,5,9,2019,17,0,5,10,2019,10,55
Jet Airways,Kolkata,Banglore,1 stop,1730.0,15,5,2019,9,35,16,5,2019,14,25
Multiple carriers,Delhi,Cochin,1 stop,480.0,15,5,2019,13,0,15,5,2019,21,0
Jet Airways,Kolkata,Banglore,1 stop,390.0,24,3,2019,16,55,24,3,2019,23,25
Multiple carriers,Delhi,Cochin,1 stop,730.0,6,3,2019,7,5,6,3,2019,19,15
IndiGo,Chennai,Kolkata,non-stop,140.0,21,5,2019,13,15,21,5,2019,15,35
IndiGo,Delhi,Cochin,1 stop,345.0,15,5,2019,2,0,15,5,2019,7,45
IndiGo,Banglore,Delhi,non-stop,180.0,15,4,2019,16,55,15,4,2019,19,55
Jet Airways,Banglore,Delhi,1 stop,365.0,3,1,2019,18,40,3,2,2019,0,45
Jet Airways,Banglore,Delhi,1 stop,390.0,3,9,2019,5,50,3,9,2019,12,20
IndiGo,Banglore,Delhi,non-stop,175.0,6,3,2019,18,55,6,3,2019,21,50
SpiceJet,Kolkata,Banglore,non-stop,155.0,18,5,2019,6,55,18,5,2019,9,30
IndiGo,Chennai,Kolkata,non-stop,145.0,6,9,2019,5,15,6,9,2019,7,40
Air India,Delhi,Cochin,1 stop,1660.0,3,9,2019,4,0,3,10,2019,7,40
SpiceJet,Kolkata,Banglore,non-stop,155.0,5,6,2019,6,55,5,6,2019,9,30
SpiceJet,Kolkata,Banglore,non-stop,155.0,4,12,2019,6,55,4,12,2019,9,30
IndiGo,Delhi,Cochin,1 stop,625.0,27,5,2019,10,35,27,5,2019,21,0
Jet Airways,Kolkata,Banglore,1 stop,910.0,15,5,2019,18,55,16,5,2019,10,5
Jet Airways,Kolkata,Banglore,1 stop,425.0,24,5,2019,16,30,24,5,2019,23,35
Vistara,Kolkata,Banglore,1 stop,1655.0,6,6,2019,7,10,6,7,2019,10,45
Air India,Kolkata,Banglore,1 stop,545.0,6,12,2019,9,25,6,12,2019,18,30
IndiGo,Chennai,Kolkata,non-stop,140.0,27,5,2019,7,55,27,5,2019,10,15
Multiple carriers,Delhi,Cochin,1 stop,720.0,18,5,2019,9,0,18,5,2019,21,0
Vistara,Chennai,Kolkata,non-stop,135.0,5,6,2019,7,5,5,6,2019,9,20
Vistara,Kolkata,Banglore,1 stop,1550.0,18,5,2019,17,0,19,5,2019,18,50
Jet Airways,Kolkata,Banglore,1 stop,1690.0,6,12,2019,14,5,13,6,2019,18,15
Jet Airways,Mumbai,Hyderabad,non-stop,90.0,18,3,2019,15,50,18,3,2019,17,20
Jet Airways,Kolkata,Banglore,1 stop,750.0,6,12,2019,9,35,6,12,2019,22,5
IndiGo,Banglore,Delhi,non-stop,165.0,5,6,2019,1,30,5,6,2019,4,15
Jet Airways,Delhi,Cochin,2 stops,440.0,6,6,2019,11,40,6,6,2019,19,0
Jet Airways,Delhi,Cochin,non-stop,195.0,6,9,2019,11,0,6,9,2019,14,15
Air India,Kolkata,Banglore,non-stop,155.0,18,5,2019,20,45,18,5,2019,23,20
Jet Airways,Kolkata,Banglore,1 stop,750.0,21,5,2019,9,35,21,5,2019,22,5
Jet Airways,Delhi,Cochin,1 stop,620.0,15,6,2019,2,15,15,6,2019,12,35
IndiGo,Delhi,Cochin,1 stop,575.0,27,3,2019,16,0,28,3,2019,1,35
Jet Airways,Kolkata,Banglore,1 stop,1400.0,6,12,2019,18,55,13,6,2019,18,15
Jet Airways,Delhi,Cochin,1 stop,1680.0,6,1,2019,15,0,6,2,2019,19,0
Air India,Delhi,Cochin,2 stops,1420.0,24,6,2019,9,45,25,6,2019,9,25
Vistara,Banglore,Delhi,non-stop,160.0,5,1,2019,7,0,5,1,2019,9,40
Jet Airways,Delhi,Cochin,1 stop,1280.0,18,5,2019,7,5,19,5,2019,4,25
Jet Airways,Kolkata,Banglore,1 stop,775.0,21,5,2019,21,10,22,5,2019,10,5
Jet Airways,Delhi,Cochin,1 stop,1015.0,21,5,2019,11,30,22,5,2019,4,25
Jet Airways,Mumbai,Hyderabad,non-stop,90.0,3,6,2019,10,20,3,6,2019,11,50
Jet Airways,Delhi,Cochin,1 stop,620.0,5,9,2019,2,15,5,9,2019,12,35
IndiGo,Delhi,Cochin,1 stop,835.0,15,6,2019,8,35,15,6,2019,22,30
IndiGo,Kolkata,Banglore,non-stop,155.0,4,3,2019,4,40,4,3,2019,7,15
Jet Airways,Delhi,Cochin,2 stops,810.0,27,6,2019,5,30,27,6,2019,19,0
Multiple carriers,Delhi,Cochin,1 stop,520.0,5,9,2019,10,20,5,9,2019,19,0
Jet Airways,Mumbai,Hyderabad,non-stop,90.0,15,3,2019,19,35,15,3,2019,21,5
Jet Airways,Delhi,Cochin,2 stops,1320.0,6,1,2019,14,35,6,2,2019,12,35
Vistara,Kolkata,Banglore,1 stop,965.0,5,9,2019,17,0,5,10,2019,9,5
Jet Airways,Kolkata,Banglore,1 stop,1745.0,5,1,2019,17,0,5,2,2019,22,5
IndiGo,Banglore,Delhi,non-stop,170.0,3,9,2019,4,0,3,9,2019,6,50
Air India,Banglore,Delhi,2 stops,1545.0,3,3,2019,8,50,3,7,2019,10,35
IndiGo,Banglore,Delhi,non-stop,165.0,6,1,2019,6,5,6,1,2019,8,50
Jet Airways,Kolkata,Banglore,1 stop,705.0,5,1,2019,6,30,5,1,2019,18,15
IndiGo,Delhi,Cochin,1 stop,320.0,15,6,2019,17,5,15,6,2019,22,25
Jet Airways,Delhi,Cochin,2 stops,1295.0,15,6,2019,21,25,16,6,2019,19,0
Jet Airways,Banglore,Delhi,non-stop,180.0,5,12,2019,17,45,5,12,2019,20,45
Air Asia,Delhi,Cochin,1 stop,330.0,5,9,2019,7,55,5,9,2019,13,25
SpiceJet,Chennai,Kolkata,non-stop,140.0,3,6,2019,17,45,3,6,2019,20,5
IndiGo,Banglore,Delhi,non-stop,175.0,5,1,2019,7,10,5,1,2019,10,5
Air India,Kolkata,Banglore,1 stop,890.0,4,1,2019,19,0,4,2,2019,9,50
Air Asia,Kolkata,Banglore,non-stop,155.0,6,9,2019,10,20,6,9,2019,12,55
Jet Airways,Kolkata,Banglore,1 stop,475.0,5,1,2019,8,25,5,1,2019,16,20
Jet Airways,Kolkata,Banglore,2 stops,1495.0,6,6,2019,6,30,6,7,2019,7,25
Air India,Banglore,Delhi,1 stop,1520.0,21,3,2019,22,0,22,3,2019,23,20
Jet Airways,Banglore,Delhi,1 stop,1290.0,18,3,2019,22,50,19,3,2019,20,20
Vistara,Mumbai,Hyderabad,1 stop,435.0,3,6,2019,15,40,3,6,2019,22,55
Vistara,Chennai,Kolkata,non-stop,135.0,24,5,2019,7,5,24,5,2019,9,20
Jet Airways,Delhi,Cochin,2 stops,1300.0,15,6,2019,6,45,16,6,2019,4,25
Multiple carriers,Delhi,Cochin,1 stop,705.0,5,9,2019,7,30,5,9,2019,19,15
Jet Airways,Kolkata,Banglore,1 stop,1055.0,5,1,2019,16,30,5,2,2019,10,5
Multiple carriers,Delhi,Cochin,1 stop,455.0,21,5,2019,11,25,21,5,2019,19,0
Multiple carriers,Delhi,Cochin,1 stop,660.0,27,6,2019,10,0,27,6,2019,21,0
Jet Airways,Kolkata,Banglore,1 stop,730.0,15,5,2019,16,30,16,5,2019,4,40
IndiGo,Delhi,Cochin,1 stop,665.0,27,5,2019,5,5,27,5,2019,16,10
IndiGo,Banglore,Delhi,non-stop,170.0,15,4,2019,22,10,16,4,2019,1,0
IndiGo,Kolkata,Banglore,non-stop,155.0,5,3,2019,4,40,5,3,2019,7,15
SpiceJet,Kolkata,Banglore,non-stop,160.0,21,3,2019,6,55,21,3,2019,9,35
Jet Airways,Delhi,Cochin,2 stops,1760.0,21,5,2019,23,5,23,5,2019,4,25
Jet Airways,Delhi,Cochin,2 stops,505.0,6,1,2019,20,0,6,2,2019,4,25
Jet Airways,Banglore,Delhi,non-stop,180.0,18,4,2019,8,20,18,4,2019,11,20
Vistara,Kolkata,Banglore,1 stop,1645.0,24,3,2019,17,0,25,3,2019,20,25
Air India,Kolkata,Banglore,1 stop,1485.0,4,1,2019,14,35,4,2,2019,15,20
Jet Airways,Delhi,Cochin,1 stop,300.0,6,1,2019,14,0,6,1,2019,19,0
IndiGo,Banglore,Delhi,non-stop,170.0,24,3,2019,18,55,24,3,2019,21,45
IndiGo,Delhi,Cochin,1 stop,625.0,3,3,2019,11,55,3,3,2019,22,20
IndiGo,Delhi,Cochin,1 stop,625.0,18,5,2019,10,35,18,5,2019,21,0
Air Asia,Kolkata,Banglore,non-stop,150.0,4,12,2019,22,50,13,4,2019,1,20
Jet Airways,Delhi,Cochin,1 stop,650.0,21,3,2019,8,0,21,3,2019,18,50
Jet Airways,Kolkata,Banglore,1 stop,1495.0,21,5,2019,18,55,22,5,2019,19,50
IndiGo,Banglore,Delhi,non-stop,165.0,24,3,2019,0,40,24,3,2019,3,25
Jet Airways,Delhi,Cochin,2 stops,1390.0,5,9,2019,13,25,5,10,2019,12,35
Multiple carriers,Delhi,Cochin,1 stop,930.0,6,1,2019,10,0,6,2,2019,1,30
IndiGo,Delhi,Cochin,1 stop,675.0,27,3,2019,4,55,27,3,2019,16,10
SpiceJet,Chennai,Kolkata,non-stop,140.0,3,1,2019,17,45,3,1,2019,20,5
Multiple carriers,Delhi,Cochin,1 stop,600.0,21,5,2019,9,0,21,5,2019,19,0
Air Asia,Banglore,Delhi,non-stop,165.0,24,3,2019,23,25,28,3,2019,2,10
IndiGo,Banglore,Delhi,non-stop,165.0,6,6,2019,1,30,6,6,2019,4,15
Jet Airways,Delhi,Cochin,1 stop,330.0,6,9,2019,7,5,6,9,2019,12,35
SpiceJet,Banglore,Delhi,non-stop,160.0,27,5,2019,5,55,27,5,2019,8,35
Jet Airways,Kolkata,Banglore,1 stop,1660.0,6,12,2019,18,55,13,6,2019,22,35
IndiGo,Delhi,Cochin,1 stop,345.0,4,9,2019,21,50,4,10,2019,3,35
Multiple carriers,Delhi,Cochin,1 stop,480.0,6,9,2019,13,0,6,9,2019,21,0
IndiGo,Delhi,Cochin,1 stop,975.0,21,5,2019,9,15,22,5,2019,1,30
IndiGo,Chennai,Kolkata,non-stop,145.0,15,5,2019,5,15,15,5,2019,7,40
IndiGo,Chennai,Kolkata,non-stop,140.0,21,5,2019,7,55,21,5,2019,10,15
Air India,Kolkata,Banglore,2 stops,1915.0,18,5,2019,9,25,19,5,2019,17,20
Jet Airways,Delhi,Cochin,1 stop,775.0,3,9,2019,6,50,3,9,2019,19,45
SpiceJet,Kolkata,Banglore,1 stop,330.0,24,5,2019,15,55,24,5,2019,21,25
Jet Airways,Banglore,Delhi,1 stop,350.0,15,3,2019,18,55,16,3,2019,0,45
SpiceJet,Kolkata,Banglore,non-stop,150.0,4,6,2019,17,10,4,6,2019,19,40
Jet Airways,Kolkata,Banglore,1 stop,800.0,6,12,2019,18,55,13,6,2019,8,15
Jet Airways,Kolkata,Banglore,1 stop,395.0,5,9,2019,17,0,5,9,2019,23,35
Jet Airways,Kolkata,Banglore,1 stop,735.0,21,5,2019,20,0,22,5,2019,8,15
Jet Airways,Delhi,Cochin,2 stops,1365.0,27,3,2019,5,40,28,3,2019,4,25
Jet Airways,Kolkata,Banglore,1 stop,450.0,5,1,2019,21,10,5,2,2019,4,40
Jet Airways,Delhi,Cochin,1 stop,1250.0,21,3,2019,22,0,22,3,2019,18,50
Jet Airways,Kolkata,Banglore,2 stops,860.0,21,5,2019,6,30,21,5,2019,20,50
SpiceJet,Kolkata,Banglore,1 stop,330.0,5,9,2019,15,55,5,9,2019,21,25
Air Asia,Delhi,Cochin,1 stop,330.0,6,6,2019,7,55,6,6,2019,13,25
Jet Airways,Banglore,Delhi,non-stop,175.0,21,6,2019,11,10,21,6,2019,14,5
IndiGo,Mumbai,Hyderabad,non-stop,90.0,3,1,2019,16,55,3,1,2019,18,25
Jet Airways,Delhi,Cochin,non-stop,195.0,27,6,2019,11,0,27,6,2019,14,15
Jet Airways,Delhi,Cochin,1 stop,620.0,6,12,2019,2,15,6,12,2019,12,35
Multiple carriers,Delhi,Cochin,1 stop,760.0,6,12,2019,12,50,13,6,2019,1,30
IndiGo,Banglore,Delhi,non-stop,175.0,4,3,2019,0,30,4,3,2019,3,25
Multiple carriers,Delhi,Cochin,1 stop,450.0,21,3,2019,8,0,21,3,2019,15,30
Air India,Mumbai,Hyderabad,2 stops,1795.0,3,6,2019,6,0,3,7,2019,11,55
Jet Airways,Delhi,Cochin,1 stop,360.0,6,1,2019,13,0,6,1,2019,19,0
IndiGo,Banglore,Delhi,non-stop,175.0,3,3,2019,10,5,3,3,2019,13,0
Air Asia,Banglore,Delhi,non-stop,165.0,6,12,2019,11,10,6,12,2019,13,55
IndiGo,Banglore,Delhi,non-stop,170.0,24,4,2019,22,10,25,4,2019,1,0
Multiple carriers,Delhi,Cochin,1 stop,755.0,27,6,2019,6,40,27,6,2019,19,15
Multiple carriers,Delhi,Cochin,1 stop,765.0,6,3,2019,9,45,6,3,2019,22,30
Multiple carriers,Delhi,Cochin,1 stop,660.0,6,9,2019,10,0,6,9,2019,21,0
Air Asia,Kolkata,Banglore,non-stop,155.0,3,9,2019,10,20,3,9,2019,12,55
Multiple carriers,Delhi,Cochin,1 stop,600.0,21,5,2019,9,15,21,5,2019,19,15
Air Asia,Kolkata,Banglore,1 stop,215.0,5,9,2019,19,55,5,9,2019,23,30
Air India,Kolkata,Banglore,2 stops,875.0,6,9,2019,5,50,6,9,2019,20,25
Air India,Kolkata,Banglore,non-stop,155.0,4,1,2019,20,45,4,1,2019,23,20
Multiple carriers,Delhi,Cochin,1 stop,570.0,6,1,2019,16,0,6,2,2019,1,30
Multiple carriers,Delhi,Cochin,1 stop,465.0,3,6,2019,14,35,3,6,2019,22,20
GoAir,Banglore,Delhi,non-stop,175.0,24,5,2019,7,45,24,5,2019,10,40
Jet Airways,Delhi,Cochin,1 stop,1105.0,24,6,2019,10,0,25,6,2019,4,25
Jet Airways,Delhi,Cochin,1 stop,450.0,18,5,2019,20,55,19,5,2019,4,25
IndiGo,Banglore,Delhi,non-stop,175.0,4,1,2019,0,30,4,1,2019,3,25
Jet Airways,Banglore,Delhi,1 stop,1435.0,3,6,2019,21,25,3,7,2019,21,20
Air Asia,Delhi,Cochin,1 stop,330.0,3,9,2019,16,45,3,9,2019,22,15
Jet Airways,Delhi,Cochin,1 stop,1485.0,24,6,2019,18,15,25,6,2019,19,0
Vistara,Kolkata,Banglore,1 stop,975.0,5,9,2019,7,10,5,9,2019,23,25
Jet Airways,Delhi,Cochin,2 stops,810.0,5,9,2019,23,5,5,10,2019,12,35
IndiGo,Banglore,Delhi,non-stop,170.0,15,6,2019,10,10,15,6,2019,13,0
Jet Airways,Delhi,Cochin,1 stop,590.0,3,6,2019,9,0,3,6,2019,18,50
Jet Airways,Kolkata,Banglore,1 stop,365.0,4,1,2019,16,30,4,1,2019,22,35
IndiGo,Kolkata,Banglore,non-stop,160.0,3,6,2019,17,15,3,6,2019,19,55
Jet Airways,Delhi,Cochin,1 stop,885.0,15,6,2019,21,50,16,6,2019,12,35
Jet Airways,Banglore,Delhi,1 stop,325.0,15,3,2019,7,0,15,3,2019,12,25
Jet Airways,Kolkata,Banglore,1 stop,1450.0,5,12,2019,9,35,13,5,2019,9,45
Jet Airways,Delhi,Cochin,2 stops,1195.0,24,6,2019,23,5,25,6,2019,19,0
IndiGo,Banglore,Delhi,non-stop,165.0,3,3,2019,0,40,3,3,2019,3,25
Jet Airways,Mumbai,Hyderabad,non-stop,90.0,6,1,2019,10,20,6,1,2019,11,50
